frame,x1,y1,x2,y2,prob
frame_00000.jpg,168,-30,498,299,0.9919903874397278
frame_00002.jpg,173,13,493,327,0.9928459525108337
frame_00004.jpg,153,-7,479,324,0.9980520009994507
frame_00005.jpg,148,-9,474,322,0.9980584979057312
frame_00007.jpg,133,-7,455,322,0.9979535341262817
frame_00009.jpg,,,,0
frame_00010.jpg,,,,0
frame_00011.jpg,,,,0
frame_00012.jpg,,,,0
frame_00014.jpg,,,,0
frame_00015.jpg,91,27,405,342,0.97736656665802
frame_00018.jpg,,,,0
frame_00019.jpg,,,,0
frame_00021.jpg,124,0,434,303,0.9898625612258911
frame_00022.jpg,130,-2,448,302,0.8659868836402893
frame_00024.jpg,,,,0
frame_00026.jpg,155,0,474,314,0.9931765794754028
frame_00029.jpg,178,17,497,333,0.9841326475143433
frame_00031.jpg,207,18,530,327,0.8910346031188965
frame_00033.jpg,,,,0
frame_00038.jpg,,,,0
frame_00039.jpg,199,15,514,316,0.8994429707527161
frame_00040.jpg,190,16,503,329,0.9840988516807556
frame_00044.jpg,169,12,480,333,0.9987794756889343
frame_00046.jpg,148,17,468,340,0.9910118579864502
frame_00047.jpg,,,,0
frame_00048.jpg,131,19,445,332,0.9859297871589661
frame_00050.jpg,112,12,435,336,0.9859246611595154
frame_00055.jpg,,,,0
frame_00056.jpg,,,,0
frame_00059.jpg,,,,0
frame_00062.jpg,134,12,455,329,0.9835678339004517
frame_00069.jpg,152,28,465,346,0.9997169375419617
frame_00071.jpg,,,,0
frame_00073.jpg,,,,0
frame_00077.jpg,,,,0
