frame,x1,y1,x2,y2,prob
frame_00000.jpg,168,-30,498,299,0.9918571710586548
frame_00002.jpg,173,12,494,328,0.9920268654823303
frame_00004.jpg,153,-7,479,324,0.9980432987213135
frame_00005.jpg,148,-9,474,322,0.9981603026390076
frame_00007.jpg,133,-7,455,322,0.9979467988014221
frame_00009.jpg,,,,0
frame_00010.jpg,,,,0
frame_00011.jpg,,,,0
frame_00012.jpg,,,,0
frame_00014.jpg,,,,0
frame_00015.jpg,91,27,405,342,0.9769026041030884
frame_00018.jpg,,,,0
frame_00019.jpg,,,,0
frame_00021.jpg,124,0,434,303,0.9899561405181885
frame_00022.jpg,130,-2,449,302,0.8648055791854858
frame_00024.jpg,,,,0
frame_00026.jpg,154,0,474,314,0.9930928945541382
frame_00029.jpg,178,13,496,330,0.9872188568115234
frame_00031.jpg,208,17,531,326,0.8795109391212463
frame_00033.jpg,,,,0
frame_00038.jpg,,,,0
frame_00039.jpg,199,15,515,316,0.901392936706543
frame_00040.jpg,188,15,503,331,0.9845709800720215
frame_00044.jpg,169,12,480,333,0.9987874627113342
frame_00046.jpg,147,16,467,339,0.9925038814544678
frame_00047.jpg,,,,0
frame_00048.jpg,130,18,444,331,0.9878494143486023
frame_00050.jpg,112,12,435,336,0.9860207438468933
frame_00055.jpg,,,,0
frame_00056.jpg,,,,0
frame_00059.jpg,,,,0
frame_00062.jpg,134,11,455,329,0.9837663173675537
frame_00069.jpg,152,28,465,346,0.9997168183326721
frame_00071.jpg,,,,0
frame_00073.jpg,,,,0
frame_00077.jpg,,,,0
