frame,x1,y1,x2,y2,prob
frame_00000.jpg,51,-9,168,155,0.9999536275863647
frame_00008.jpg,52,-9,171,161,0.9999737739562988
frame_00009.jpg,53,-5,166,159,0.9999251365661621
frame_00011.jpg,51,-3,163,158,0.9996622800827026
