frame,x1,y1,x2,y2,prob
frame_00000.jpg,52,-9,169,154,0.999954104423523
frame_00008.jpg,52,-10,171,161,0.9999734163284302
frame_00009.jpg,53,-5,166,159,0.9999252557754517
frame_00011.jpg,51,-4,163,159,0.999622106552124
