frame,x1,y1,x2,y2,prob
frame_00000.jpg,43,-5,169,154,0.9999991655349731
frame_00003.jpg,42,-7,171,158,0.9999927282333374
frame_00007.jpg,44,-3,168,155,0.9999982118606567
frame_00009.jpg,45,-9,174,160,0.9999972581863403
frame_00020.jpg,49,-5,172,160,0.9999996423721313
