frame,x1,y1,x2,y2,prob
frame_00000.jpg,46,-1,168,158,0.9999998807907104
frame_00043.jpg,46,-5,167,152,0.9999599456787109
frame_00054.jpg,48,-7,165,150,0.9999980926513672
frame_00058.jpg,43,-8,160,151,0.9999881982803345
