frame,x1,y1,x2,y2,prob
frame_00000.jpg,43,-2,167,158,0.9999977350234985
frame_00043.jpg,43,-7,170,155,0.9999558925628662
frame_00054.jpg,48,-7,164,150,0.9999980926513672
frame_00058.jpg,44,-2,165,159,0.9999896287918091
