frame,x1,y1,x2,y2,prob
frame_00000.jpg,31,-29,183,167,0.9999771118164062
frame_00001.jpg,34,-21,183,167,0.9999544620513916
frame_00003.jpg,40,-16,184,169,0.9999253749847412
frame_00005.jpg,38,-28,186,167,0.99998939037323
frame_00007.jpg,39,-15,182,171,0.9999507665634155
frame_00010.jpg,34,-36,185,169,0.9999657869338989
frame_00012.jpg,39,-12,180,166,0.999961256980896
