frame,x1,y1,x2,y2,prob
frame_00000.jpg,35,-32,185,165,0.9999918937683105
frame_00001.jpg,34,-21,183,167,0.9999518394470215
frame_00003.jpg,40,-16,184,169,0.9999260902404785
frame_00005.jpg,37,-28,186,167,0.9999896287918091
frame_00007.jpg,39,-15,182,171,0.9999501705169678
frame_00010.jpg,36,-35,185,169,0.999976634979248
frame_00012.jpg,39,-13,180,166,0.9999549388885498
