frame,x1,y1,x2,y2,prob
frame_00000.jpg,51,-10,163,154,0.9999734163284302
frame_00001.jpg,58,0,157,151,0.9999088048934937
frame_00002.jpg,52,-2,163,151,0.9999774694442749
frame_00015.jpg,49,-6,163,156,0.9999979734420776
frame_00016.jpg,55,-8,166,155,0.9999974966049194
frame_00018.jpg,49,-3,164,154,0.9999978542327881
