frame,x1,y1,x2,y2,prob
frame_00000.jpg,51,-10,164,154,0.9999750852584839
frame_00001.jpg,58,0,157,151,0.9999078512191772
frame_00002.jpg,52,-2,163,151,0.9999778270721436
frame_00015.jpg,49,-5,163,154,0.999998927116394
frame_00016.jpg,56,-8,166,155,0.9999974966049194
frame_00018.jpg,49,-3,163,153,0.9999988079071045
