frame,x1,y1,x2,y2,prob
frame_00000.jpg,52,-1,171,163,0.9998637437820435
frame_00001.jpg,48,-1,171,162,0.9999970197677612
frame_00003.jpg,47,0,171,169,0.9999960660934448
frame_00008.jpg,53,7,166,165,0.9975146055221558
frame_00009.jpg,46,-2,169,162,0.9999872446060181
frame_00012.jpg,49,-4,167,156,0.999923586845398
frame_00013.jpg,50,-3,170,156,0.9999871253967285
frame_00016.jpg,50,-6,171,158,0.9999579191207886
frame_00020.jpg,48,-2,172,157,0.9999799728393555
