frame,x1,y1,x2,y2,prob
frame_00000.jpg,49,-2,171,163,0.9997168183326721
frame_00001.jpg,48,-1,172,162,0.9999970197677612
frame_00003.jpg,45,0,169,168,0.9999966621398926
frame_00008.jpg,53,7,166,164,0.9975587129592896
frame_00009.jpg,46,-2,170,162,0.9999873638153076
frame_00012.jpg,49,-3,168,158,0.9998618364334106
frame_00013.jpg,50,-3,170,156,0.9999874830245972
frame_00016.jpg,50,-6,171,158,0.9999592304229736
frame_00020.jpg,48,-2,171,157,0.9999818801879883
