frame,x1,y1,x2,y2,prob
frame_00000.jpg,49,-10,169,158,0.9999986886978149
frame_00003.jpg,48,-10,167,156,0.9999994039535522
frame_00007.jpg,45,-15,167,149,0.9999969005584717
frame_00019.jpg,45,-11,163,151,0.9999995231628418
frame_00032.jpg,47,-5,164,155,0.9999996423721313
frame_00035.jpg,52,-16,175,155,0.9999998807907104
frame_00046.jpg,48,-4,163,153,0.9999992847442627
frame_00049.jpg,49,-3,166,152,0.9999998807907104
