frame,x1,y1,x2,y2,prob
frame_00000.jpg,50,1,171,154,0.9999891519546509
frame_00005.jpg,58,10,179,159,0.999997615814209
frame_00010.jpg,53,4,178,155,0.9999868869781494
frame_00016.jpg,45,-8,176,155,0.9997444748878479
frame_00018.jpg,48,5,170,156,0.9999064207077026
