frame,x1,y1,x2,y2,prob
frame_00000.jpg,50,1,171,151,0.9999841451644897
frame_00005.jpg,58,11,179,161,0.9999979734420776
frame_00010.jpg,52,4,178,155,0.9999867677688599
frame_00016.jpg,44,-8,176,156,0.999803364276886
frame_00018.jpg,48,6,170,156,0.9999043941497803
