frame,x1,y1,x2,y2,prob
frame_00000.jpg,50,-6,179,159,0.9999994039535522
frame_00002.jpg,48,-6,178,164,0.999998927116394
frame_00010.jpg,42,0,175,168,0.9999948740005493
frame_00014.jpg,51,-3,179,161,0.9999997615814209
frame_00020.jpg,48,-4,177,163,0.9999991655349731
