frame,x1,y1,x2,y2,prob
frame_00000.jpg,51,-6,179,160,0.9999995231628418
frame_00002.jpg,48,-5,178,163,0.9999991655349731
frame_00010.jpg,41,-10,175,165,0.9999982118606567
frame_00014.jpg,51,-3,179,162,0.9999997615814209
frame_00020.jpg,47,-4,176,164,0.9999988079071045
