frame,x1,y1,x2,y2,prob
frame_00000.jpg,51,5,160,156,0.9999806880950928
frame_00002.jpg,47,2,156,157,0.9960635304450989
frame_00004.jpg,52,-1,160,154,0.9979897737503052
frame_00005.jpg,49,-1,159,152,0.9988914132118225
frame_00008.jpg,45,-2,157,159,0.9997206330299377
frame_00013.jpg,47,-1,158,161,0.9944737553596497
