frame,x1,y1,x2,y2,prob
frame_00000.jpg,48,-10,161,152,0.997880220413208
frame_00002.jpg,47,1,157,157,0.9963955283164978
frame_00004.jpg,52,-1,161,154,0.998026430606842
frame_00005.jpg,49,-1,159,152,0.9991375207901001
frame_00008.jpg,45,-3,157,159,0.9997181296348572
frame_00013.jpg,47,-1,158,161,0.9944623112678528
