frame,x1,y1,x2,y2,prob
frame_00000.jpg,48,-3,158,150,0.9999783039093018
frame_00002.jpg,47,-9,156,146,0.9999648332595825
frame_00004.jpg,46,-4,158,149,0.9999774694442749
frame_00011.jpg,50,-11,161,149,0.9999819993972778
frame_00017.jpg,48,-11,159,151,0.9999734163284302
frame_00024.jpg,52,-2,157,153,0.9999780654907227
