frame,x1,y1,x2,y2,prob
frame_00000.jpg,48,-3,158,151,0.9999779462814331
frame_00002.jpg,48,-9,158,147,0.999972939491272
frame_00004.jpg,46,-4,158,149,0.9999772310256958
frame_00011.jpg,50,-12,161,148,0.9999803304672241
frame_00017.jpg,50,-8,158,150,0.9999816417694092
frame_00024.jpg,52,-2,157,153,0.9999823570251465
