frame,x1,y1,x2,y2,prob
frame_00000.jpg,50,-10,173,154,0.9999394416809082
frame_00002.jpg,52,-5,172,151,0.9999885559082031
frame_00004.jpg,50,-14,171,151,0.9998737573623657
frame_00007.jpg,50,-3,171,156,0.9998977184295654
frame_00044.jpg,49,-17,172,154,0.9999974966049194
