frame,x1,y1,x2,y2,prob
frame_00000.jpg,50,-10,173,154,0.9999396800994873
frame_00002.jpg,52,-5,172,151,0.9999885559082031
frame_00004.jpg,50,-14,171,151,0.999874472618103
frame_00007.jpg,50,-3,171,156,0.999913215637207
frame_00044.jpg,50,-2,170,155,0.9999996423721313
