frame,x1,y1,x2,y2,prob
frame_00000.jpg,44,-6,171,163,0.9999994039535522
frame_00002.jpg,42,-11,171,161,0.9999998807907104
frame_00005.jpg,46,-6,166,154,0.9999997615814209
frame_00008.jpg,44,-9,171,158,1.0
frame_00020.jpg,41,-10,169,158,1.0
frame_00023.jpg,37,-7,167,166,1.0
frame_00024.jpg,43,-6,165,160,0.999998927116394
frame_00027.jpg,42,-10,169,161,0.9999998807907104
frame_00029.jpg,45,-8,173,163,0.9999994039535522
frame_00031.jpg,40,-10,167,161,0.9999990463256836
