frame,x1,y1,x2,y2,prob
frame_00000.jpg,45,-17,167,151,0.9999302625656128
frame_00005.jpg,42,-24,171,154,0.9999978542327881
frame_00008.jpg,37,-23,169,151,0.999991774559021
frame_00015.jpg,41,-19,173,158,0.9999986886978149
frame_00017.jpg,41,-20,173,158,0.999991774559021
frame_00021.jpg,35,-16,168,164,0.999972939491272
frame_00023.jpg,43,-13,170,158,0.9999909400939941
frame_00026.jpg,44,-9,169,158,0.9999521970748901
