frame,x1,y1,x2,y2,prob
frame_00000.jpg,42,-18,168,153,0.9999675750732422
frame_00005.jpg,42,-24,171,154,0.9999979734420776
frame_00008.jpg,38,-23,169,152,0.9999916553497314
frame_00015.jpg,41,-19,174,158,0.9999986886978149
frame_00017.jpg,41,-20,172,158,0.999991774559021
frame_00021.jpg,35,-16,168,164,0.9999736547470093
frame_00023.jpg,43,-13,169,158,0.9999911785125732
frame_00026.jpg,44,-8,169,158,0.9999526739120483
