frame,x1,y1,x2,y2,prob
frame_00000.jpg,56,2,164,148,0.9999973773956299
frame_00017.jpg,58,3,165,148,0.9999998807907104
frame_00019.jpg,47,-9,170,152,0.9999898672103882
frame_00026.jpg,61,5,165,146,0.999998927116394
frame_00033.jpg,54,-2,159,148,0.9999970197677612
frame_00037.jpg,56,5,165,147,0.9999978542327881
frame_00042.jpg,56,-8,170,153,0.999997615814209
frame_00057.jpg,52,-14,169,150,0.9999597072601318
frame_00060.jpg,57,2,164,143,0.9999980926513672
