frame,x1,y1,x2,y2,prob
frame_00000.jpg,59,1,164,145,0.9999943971633911
frame_00017.jpg,58,3,165,148,0.9999998807907104
frame_00019.jpg,47,-9,170,152,0.9999902248382568
frame_00026.jpg,61,5,165,146,0.999998927116394
frame_00033.jpg,56,-2,165,148,0.9999961853027344
frame_00037.jpg,56,5,165,147,0.9999979734420776
frame_00042.jpg,56,-8,170,153,0.999997615814209
frame_00057.jpg,53,-13,166,147,0.999970555305481
frame_00060.jpg,57,2,164,143,0.9999980926513672
