frame,x1,y1,x2,y2,prob
frame_00000.jpg,57,-5,166,155,0.9998865127563477
frame_00002.jpg,54,-15,168,156,0.9999760389328003
frame_00013.jpg,54,0,165,163,0.9998140931129456
frame_00015.jpg,50,-3,168,162,0.9999452829360962
frame_00021.jpg,51,0,164,162,0.9999796152114868
frame_00023.jpg,56,0,163,157,0.9998762607574463
frame_00025.jpg,55,1,160,156,0.9999700784683228
frame_00030.jpg,55,0,169,163,0.9998770952224731
