frame,x1,y1,x2,y2,prob
frame_00000.jpg,57,-4,166,155,0.9998831748962402
frame_00002.jpg,55,-14,168,157,0.9999712705612183
frame_00013.jpg,54,1,165,163,0.9998140931129456
frame_00015.jpg,49,-3,168,162,0.9999456405639648
frame_00021.jpg,52,1,165,161,0.9999821186065674
frame_00023.jpg,56,0,163,157,0.9998749494552612
frame_00025.jpg,56,1,160,155,0.9999699592590332
frame_00030.jpg,55,-1,169,163,0.9998782873153687
