frame,x1,y1,x2,y2,prob
frame_00000.jpg,51,-17,175,162,0.9999134540557861
frame_00003.jpg,53,-14,172,157,0.999966025352478
frame_00008.jpg,50,-7,169,153,0.999946117401123
frame_00009.jpg,49,-22,170,149,0.9996604919433594
frame_00010.jpg,52,-7,170,151,0.9999693632125854
frame_00012.jpg,57,-10,173,154,0.9999203681945801
frame_00014.jpg,55,-6,171,156,0.9999830722808838
frame_00017.jpg,50,-17,170,153,0.9998660087585449
frame_00023.jpg,49,-13,166,150,0.9997932314872742
frame_00026.jpg,54,-7,169,155,0.9998262524604797
frame_00032.jpg,55,-6,172,157,0.9998538494110107
