frame,x1,y1,x2,y2,prob
frame_00000.jpg,46,-2,165,165,0.9999362230300903
frame_00007.jpg,45,-2,165,162,0.9998912811279297
frame_00011.jpg,44,-3,166,164,0.9999561309814453
frame_00013.jpg,47,-1,167,167,0.9998874664306641
frame_00017.jpg,38,0,168,165,0.9999722242355347
