frame,x1,y1,x2,y2,prob
frame_00000.jpg,46,-2,165,165,0.9999349117279053
frame_00007.jpg,49,0,167,161,0.9999713897705078
frame_00011.jpg,42,-4,164,163,0.9999345541000366
frame_00013.jpg,48,-1,167,166,0.9998039603233337
frame_00017.jpg,38,-1,168,165,0.9999933242797852
