frame,x1,y1,x2,y2,prob
frame_00000.jpg,51,-8,170,158,0.9998353719711304
frame_00003.jpg,47,-5,170,158,0.9998438358306885
frame_00006.jpg,55,-3,171,155,0.9997511506080627
frame_00007.jpg,56,-8,174,157,0.9997625946998596
frame_00009.jpg,52,-2,174,157,0.9997311234474182
frame_00010.jpg,51,-9,172,158,0.9996001124382019
frame_00014.jpg,54,-2,175,160,0.9999217987060547
