frame,x1,y1,x2,y2,prob
frame_00000.jpg,51,-7,169,158,0.9998093247413635
frame_00003.jpg,46,-6,170,158,0.9998425245285034
frame_00006.jpg,48,-5,172,159,0.999500036239624
frame_00007.jpg,55,-4,171,155,0.9997410178184509
frame_00009.jpg,52,-2,174,157,0.9997352957725525
frame_00010.jpg,51,-9,172,158,0.9995967745780945
frame_00014.jpg,54,-3,175,160,0.9999183416366577
