frame,x1,y1,x2,y2,prob
frame_00000.jpg,42,1,165,158,0.9999979734420776
frame_00009.jpg,44,-3,161,154,0.9998717308044434
frame_00012.jpg,42,0,163,161,0.9999935626983643
frame_00023.jpg,44,-1,161,155,0.9999890327453613
frame_00025.jpg,45,-5,164,156,0.9999097585678101
frame_00032.jpg,41,-2,164,157,0.9999833106994629
frame_00042.jpg,44,0,165,157,0.9999991655349731
