frame,x1,y1,x2,y2,prob
frame_00000.jpg,41,1,164,156,0.9999994039535522
frame_00009.jpg,44,-3,161,154,0.9998694658279419
frame_00012.jpg,43,0,163,160,0.9999935626983643
frame_00023.jpg,44,-1,161,155,0.9999891519546509
frame_00025.jpg,49,0,160,149,0.9998817443847656
frame_00032.jpg,41,-2,165,158,0.9999966621398926
frame_00042.jpg,43,1,167,156,0.9999982118606567
