frame,x1,y1,x2,y2,prob
frame_00000.jpg,48,0,168,156,0.9999994039535522
frame_00005.jpg,46,-3,172,159,0.9999953508377075
frame_00007.jpg,46,-7,171,159,0.999984622001648
frame_00009.jpg,51,-6,174,157,0.9999980926513672
frame_00012.jpg,44,-9,173,156,0.9999873638153076
frame_00021.jpg,46,-3,171,157,0.9999986886978149
frame_00023.jpg,49,-1,171,154,0.9999891519546509
