frame,x1,y1,x2,y2,prob
frame_00000.jpg,48,0,168,156,0.9999994039535522
frame_00005.jpg,45,-3,172,160,0.999995231628418
frame_00007.jpg,46,-7,171,158,0.9999847412109375
frame_00009.jpg,51,-6,174,157,0.9999980926513672
frame_00012.jpg,44,-10,174,156,0.9999970197677612
frame_00021.jpg,46,-3,171,157,0.9999985694885254
frame_00023.jpg,49,-1,171,154,0.9999889135360718
