frame,x1,y1,x2,y2,prob
frame_00000.jpg,39,-27,174,153,0.999994158744812
frame_00011.jpg,39,-36,179,153,0.9999531507492065
frame_00013.jpg,34,-39,177,155,0.9999580383300781
frame_00015.jpg,40,-28,177,153,0.9999922513961792
frame_00017.jpg,37,-35,180,154,0.9999918937683105
