frame,x1,y1,x2,y2,prob
frame_00000.jpg,39,-27,174,153,0.9999940395355225
frame_00011.jpg,39,-37,179,153,0.9999241828918457
frame_00013.jpg,42,-23,174,153,0.9999819993972778
frame_00015.jpg,41,-28,178,153,0.9999904632568359
frame_00017.jpg,36,-35,179,154,0.9999918937683105
