frame,x1,y1,x2,y2,prob
frame_00000.jpg,55,0,165,156,0.9999481439590454
frame_00002.jpg,56,-13,168,158,0.9999680519104004
frame_00006.jpg,55,-1,161,156,0.9988470077514648
frame_00011.jpg,54,1,162,154,0.9998999834060669
frame_00013.jpg,53,-4,163,158,0.9998175501823425
frame_00015.jpg,48,-4,168,166,0.9999700784683228
frame_00020.jpg,49,-3,164,165,0.9999620914459229
frame_00024.jpg,55,0,162,158,0.9999233484268188
frame_00025.jpg,53,-1,162,155,0.9999759197235107
