frame,x1,y1,x2,y2,prob
frame_00000.jpg,55,0,165,157,0.9999490976333618
frame_00002.jpg,56,-13,168,158,0.9999676942825317
frame_00006.jpg,54,-1,161,157,0.9994470477104187
frame_00011.jpg,54,1,162,154,0.9998999834060669
frame_00013.jpg,53,-3,163,158,0.9998154044151306
frame_00015.jpg,48,-4,168,165,0.9999699592590332
frame_00020.jpg,49,-3,164,164,0.9999606609344482
frame_00024.jpg,55,0,162,158,0.9999237060546875
frame_00025.jpg,53,-1,162,155,0.9999765157699585
