video_uid,source,target1,target2,method,category,type,race,gender,clip_name,dataset_dir,raw_video_relpath,raw_video_path,metadata_row_count,is_video_fake,is_audio_fake,true_label,label_name,split
id05268__00010_id06878_wavtolip__54e33bfa34,id05268,id06878,-,wav2lip,D,FakeVideo-FakeAudio,Asian (East),men,00010_id06878_wavtolip.mp4,FakeVideo-FakeAudio/Asian (East)/men/id05268,FakeVideo-FakeAudio/Asian (East)/men/id05268/00010_id06878_wavtolip.mp4,/Users/jeevikakiran/Documents/USC/Multimodal/Project/FakeAVCeleb_v1.2/FakeAVCeleb_v1.2/FakeVideo-FakeAudio/Asian (East)/men/id05268/00010_id06878_wavtolip.mp4,1,1,1,1,FAKE,train
id02005__00052_id01637_5vjcpzm8knm__68b9c81d48,id02005,id01637,-,fsgan,C,FakeVideo-RealAudio,African,men,00052_id01637_5VjcPZm8knM.mp4,FakeVideo-RealAudio/African/men/id02005,FakeVideo-RealAudio/African/men/id02005/00052_id01637_5VjcPZm8knM.mp4,/Users/jeevikakiran/Documents/USC/Multimodal/Project/FakeAVCeleb_v1.2/FakeAVCeleb_v1.2/FakeVideo-RealAudio/African/men/id02005/00052_id01637_5VjcPZm8knM.mp4,1,1,0,1,FAKE,train
id07165__00368_id00685_wavtolip__61b64fde4d,id07165,id00685,-,wav2lip,C,FakeVideo-RealAudio,Asian (South),men,00368_id00685_wavtolip.mp4,FakeVideo-RealAudio/Asian (South)/men/id07165,FakeVideo-RealAudio/Asian (South)/men/id07165/00368_id00685_wavtolip.mp4,/Users/jeevikakiran/Documents/USC/Multimodal/Project/FakeAVCeleb_v1.2/FakeAVCeleb_v1.2/FakeVideo-RealAudio/Asian (South)/men/id07165/00368_id00685_wavtolip.mp4,1,1,0,1,FAKE,train
id00616__00305_id02466_wavtolip__1366235169,id00616,id02466,-,wav2lip,D,FakeVideo-FakeAudio,Caucasian (American),women,00305_id02466_wavtolip.mp4,FakeVideo-FakeAudio/Caucasian (American)/women/id00616,FakeVideo-FakeAudio/Caucasian (American)/women/id00616/00305_id02466_wavtolip.mp4,/Users/jeevikakiran/Documents/USC/Multimodal/Project/FakeAVCeleb_v1.2/FakeAVCeleb_v1.2/FakeVideo-FakeAudio/Caucasian (American)/women/id00616/00305_id02466_wavtolip.mp4,1,1,1,1,FAKE,val
id00769__00015__5829a2ed97,id00769,-,-,real,A,RealVideo-RealAudio,Asian (South),men,00015.mp4,RealVideo-RealAudio/Asian (South)/men/id00769,RealVideo-RealAudio/Asian (South)/men/id00769/00015.mp4,/Users/jeevikakiran/Documents/USC/Multimodal/Project/FakeAVCeleb_v1.2/FakeAVCeleb_v1.2/RealVideo-RealAudio/Asian (South)/men/id00769/00015.mp4,1,0,0,0,REAL,train
id04547__00052_id02071_wavtolip__16f14e2974,id04547,id02071,-,wav2lip,C,FakeVideo-RealAudio,African,women,00052_id02071_wavtolip.mp4,FakeVideo-RealAudio/African/women/id04547,FakeVideo-RealAudio/African/women/id04547/00052_id02071_wavtolip.mp4,/Users/jeevikakiran/Documents/USC/Multimodal/Project/FakeAVCeleb_v1.2/FakeAVCeleb_v1.2/FakeVideo-RealAudio/African/women/id04547/00052_id02071_wavtolip.mp4,1,1,0,1,FAKE,val
id09171__00092_id06427_dbbake2ea_o_id06061_wavtolip__e593a449ec,id09171,id06427,id06061,fsgan-wav2lip,D,FakeVideo-FakeAudio,Asian (East),women,00092_id06427_dBBAKe2EA_o_id06061_wavtolip.mp4,FakeVideo-FakeAudio/Asian (East)/women/id09171,FakeVideo-FakeAudio/Asian (East)/women/id09171/00092_id06427_dBBAKe2EA_o_id06061_wavtolip.mp4,/Users/jeevikakiran/Documents/USC/Multimodal/Project/FakeAVCeleb_v1.2/FakeAVCeleb_v1.2/FakeVideo-FakeAudio/Asian (East)/women/id09171/00092_id06427_dBBAKe2EA_o_id06061_wavtolip.mp4,1,1,1,1,FAKE,train
id06428__00043_id06428_wavtolip__7bd9f5ac56,id06428,id06428,-,wav2lip,D,FakeVideo-FakeAudio,Asian (South),women,00043_id06428_wavtolip.mp4,FakeVideo-FakeAudio/Asian (South)/women/id06428,FakeVideo-FakeAudio/Asian (South)/women/id06428/00043_id06428_wavtolip.mp4,/Users/jeevikakiran/Documents/USC/Multimodal/Project/FakeAVCeleb_v1.2/FakeAVCeleb_v1.2/FakeVideo-FakeAudio/Asian (South)/women/id06428/00043_id06428_wavtolip.mp4,1,1,1,1,FAKE,train
id03844__00028_fake__e550fcc4fb,id03844,fake.mp4,-,rtvc,B,RealVideo-FakeAudio,Caucasian (European),women,00028_fake.mp4,RealVideo-FakeAudio/Caucasian (European)/women/id03844,RealVideo-FakeAudio/Caucasian (European)/women/id03844/00028_fake.mp4,/Users/jeevikakiran/Documents/USC/Multimodal/Project/FakeAVCeleb_v1.2/FakeAVCeleb_v1.2/RealVideo-FakeAudio/Caucasian (European)/women/id03844/00028_fake.mp4,1,0,1,1,FAKE,train
id01192__00217__b9c026c2f6,id01192,-,-,real,A,RealVideo-RealAudio,Caucasian (American),men,00217.mp4,RealVideo-RealAudio/Caucasian (American)/men/id01192,RealVideo-RealAudio/Caucasian (American)/men/id01192/00217.mp4,/Users/jeevikakiran/Documents/USC/Multimodal/Project/FakeAVCeleb_v1.2/FakeAVCeleb_v1.2/RealVideo-RealAudio/Caucasian (American)/men/id01192/00217.mp4,1,0,0,0,REAL,train
id04219__00130_id01044_wavtolip__af4cfdf699,id04219,id01044,-,wav2lip,C,FakeVideo-RealAudio,Caucasian (American),men,00130_id01044_wavtolip.mp4,FakeVideo-RealAudio/Caucasian (American)/men/id04219,FakeVideo-RealAudio/Caucasian (American)/men/id04219/00130_id01044_wavtolip.mp4,/Users/jeevikakiran/Documents/USC/Multimodal/Project/FakeAVCeleb_v1.2/FakeAVCeleb_v1.2/FakeVideo-RealAudio/Caucasian (American)/men/id04219/00130_id01044_wavtolip.mp4,1,1,0,1,FAKE,train
id03103__00130__27e7204eca,id03103,-,-,real,A,RealVideo-RealAudio,African,women,00130.mp4,RealVideo-RealAudio/African/women/id03103,RealVideo-RealAudio/African/women/id03103/00130.mp4,/Users/jeevikakiran/Documents/USC/Multimodal/Project/FakeAVCeleb_v1.2/FakeAVCeleb_v1.2/RealVideo-RealAudio/African/women/id03103/00130.mp4,1,0,0,0,REAL,train
id03757__00149_id00018_sap_fjurhlc_id00777_wavtolip__c44818400b,id03757,id00018,id00777,fsgan-wav2lip,D,FakeVideo-FakeAudio,Caucasian (American),men,00149_id00018_sap-FjURHlc_id00777_wavtolip.mp4,FakeVideo-FakeAudio/Caucasian (American)/men/id03757,FakeVideo-FakeAudio/Caucasian (American)/men/id03757/00149_id00018_sap-FjURHlc_id00777_wavtolip.mp4,/Users/jeevikakiran/Documents/USC/Multimodal/Project/FakeAVCeleb_v1.2/FakeAVCeleb_v1.2/FakeVideo-FakeAudio/Caucasian (American)/men/id03757/00149_id00018_sap-FjURHlc_id00777_wavtolip.mp4,1,1,1,1,FAKE,train
id00569__00239_fake__7eb6f44b5c,id00569,fake.mp4,-,rtvc,B,RealVideo-FakeAudio,Caucasian (European),women,00239_fake.mp4,RealVideo-FakeAudio/Caucasian (European)/women/id00569,RealVideo-FakeAudio/Caucasian (European)/women/id00569/00239_fake.mp4,/Users/jeevikakiran/Documents/USC/Multimodal/Project/FakeAVCeleb_v1.2/FakeAVCeleb_v1.2/RealVideo-FakeAudio/Caucasian (European)/women/id00569/00239_fake.mp4,1,0,1,1,FAKE,train
id02316__00094_fake__aba18cdab7,id02316,fake.mp4,-,rtvc,B,RealVideo-FakeAudio,African,men,00094_fake.mp4,RealVideo-FakeAudio/African/men/id02316,RealVideo-FakeAudio/African/men/id02316/00094_fake.mp4,/Users/jeevikakiran/Documents/USC/Multimodal/Project/FakeAVCeleb_v1.2/FakeAVCeleb_v1.2/RealVideo-FakeAudio/African/men/id02316/00094_fake.mp4,1,0,1,1,FAKE,train
id00368__00078_fake__fc38cf61ea,id00368,fake.mp4,-,rtvc,B,RealVideo-FakeAudio,Caucasian (European),men,00078_fake.mp4,RealVideo-FakeAudio/Caucasian (European)/men/id00368,RealVideo-FakeAudio/Caucasian (European)/men/id00368/00078_fake.mp4,/Users/jeevikakiran/Documents/USC/Multimodal/Project/FakeAVCeleb_v1.2/FakeAVCeleb_v1.2/RealVideo-FakeAudio/Caucasian (European)/men/id00368/00078_fake.mp4,1,0,1,1,FAKE,val
id06225__00005__a0ae3510d1,id06225,-,-,real,A,RealVideo-RealAudio,Asian (East),women,00005.mp4,RealVideo-RealAudio/Asian (East)/women/id06225,RealVideo-RealAudio/Asian (East)/women/id06225/00005.mp4,/Users/jeevikakiran/Documents/USC/Multimodal/Project/FakeAVCeleb_v1.2/FakeAVCeleb_v1.2/RealVideo-RealAudio/Asian (East)/women/id06225/00005.mp4,1,0,0,0,REAL,train
id00235__00052_fake__4851dd7891,id00235,fake.mp4,-,rtvc,B,RealVideo-FakeAudio,Asian (South),women,00052_fake.mp4,RealVideo-FakeAudio/Asian (South)/women/id00235,RealVideo-FakeAudio/Asian (South)/women/id00235/00052_fake.mp4,/Users/jeevikakiran/Documents/USC/Multimodal/Project/FakeAVCeleb_v1.2/FakeAVCeleb_v1.2/RealVideo-FakeAudio/Asian (South)/women/id00235/00052_fake.mp4,1,0,1,1,FAKE,train
id00548__00015_id00368_kohcgdsg29u__d48aafe96d,id00548,id00368,-,fsgan,C,FakeVideo-RealAudio,Caucasian (European),men,00015_id00368_KohcGDsg29U.mp4,FakeVideo-RealAudio/Caucasian (European)/men/id00548,FakeVideo-RealAudio/Caucasian (European)/men/id00548/00015_id00368_KohcGDsg29U.mp4,/Users/jeevikakiran/Documents/USC/Multimodal/Project/FakeAVCeleb_v1.2/FakeAVCeleb_v1.2/FakeVideo-RealAudio/Caucasian (European)/men/id00548/00015_id00368_KohcGDsg29U.mp4,1,1,0,1,FAKE,train
id00415__00017__abeffd79ea,id00415,-,-,real,A,RealVideo-RealAudio,Caucasian (European),men,00017.mp4,RealVideo-RealAudio/Caucasian (European)/men/id00415,RealVideo-RealAudio/Caucasian (European)/men/id00415/00017.mp4,/Users/jeevikakiran/Documents/USC/Multimodal/Project/FakeAVCeleb_v1.2/FakeAVCeleb_v1.2/RealVideo-RealAudio/Caucasian (European)/men/id00415/00017.mp4,1,0,0,0,REAL,train
id04582__00180_id06445_nwtdqoxebdy_id04530_wavtolip__219bb85d93,id04582,id06445,id04530,fsgan-wav2lip,D,FakeVideo-FakeAudio,Asian (South),women,00180_id06445_NWtdqOxEbDY_id04530_wavtolip.mp4,FakeVideo-FakeAudio/Asian (South)/women/id04582,FakeVideo-FakeAudio/Asian (South)/women/id04582/00180_id06445_NWtdqOxEbDY_id04530_wavtolip.mp4,/Users/jeevikakiran/Documents/USC/Multimodal/Project/FakeAVCeleb_v1.2/FakeAVCeleb_v1.2/FakeVideo-FakeAudio/Asian (South)/women/id04582/00180_id06445_NWtdqOxEbDY_id04530_wavtolip.mp4,1,1,1,1,FAKE,train
id00680__00110__cd94c721b0,id00680,-,-,real,A,RealVideo-RealAudio,Caucasian (American),women,00110.mp4,RealVideo-RealAudio/Caucasian (American)/women/id00680,RealVideo-RealAudio/Caucasian (American)/women/id00680/00110.mp4,/Users/jeevikakiran/Documents/USC/Multimodal/Project/FakeAVCeleb_v1.2/FakeAVCeleb_v1.2/RealVideo-RealAudio/Caucasian (American)/women/id00680/00110.mp4,1,0,0,0,REAL,train
id00484__00202__0d943e5f27,id00484,-,-,real,A,RealVideo-RealAudio,Caucasian (European),women,00202.mp4,RealVideo-RealAudio/Caucasian (European)/women/id00484,RealVideo-RealAudio/Caucasian (European)/women/id00484/00202.mp4,/Users/jeevikakiran/Documents/USC/Multimodal/Project/FakeAVCeleb_v1.2/FakeAVCeleb_v1.2/RealVideo-RealAudio/Caucasian (European)/women/id00484/00202.mp4,1,0,0,0,REAL,train
id00042__00028_id00287_2npfyjymspm_id00262_wavtolip__0536997ebd,id00042,id00287,id00262,fsgan-wav2lip,D,FakeVideo-FakeAudio,Caucasian (European),women,00028_id00287_2NpfYjyMsPM_id00262_wavtolip.mp4,FakeVideo-FakeAudio/Caucasian (European)/women/id00042,FakeVideo-FakeAudio/Caucasian (European)/women/id00042/00028_id00287_2NpfYjyMsPM_id00262_wavtolip.mp4,/Users/jeevikakiran/Documents/USC/Multimodal/Project/FakeAVCeleb_v1.2/FakeAVCeleb_v1.2/FakeVideo-FakeAudio/Caucasian (European)/women/id00042/00028_id00287_2NpfYjyMsPM_id00262_wavtolip.mp4,1,1,1,1,FAKE,train
id01683__00052__53d3da2c22,id01683,-,-,real,A,RealVideo-RealAudio,Asian (East),men,00052.mp4,RealVideo-RealAudio/Asian (East)/men/id01683,RealVideo-RealAudio/Asian (East)/men/id01683/00052.mp4,/Users/jeevikakiran/Documents/USC/Multimodal/Project/FakeAVCeleb_v1.2/FakeAVCeleb_v1.2/RealVideo-RealAudio/Asian (East)/men/id01683/00052.mp4,1,0,0,0,REAL,train
id06467__00010__604d7b195e,id06467,-,-,real,A,RealVideo-RealAudio,Asian (East),men,00010.mp4,RealVideo-RealAudio/Asian (East)/men/id06467,RealVideo-RealAudio/Asian (East)/men/id06467/00010.mp4,/Users/jeevikakiran/Documents/USC/Multimodal/Project/FakeAVCeleb_v1.2/FakeAVCeleb_v1.2/RealVideo-RealAudio/Asian (East)/men/id06467/00010.mp4,1,0,0,0,REAL,train
id00020__00206__ed4bd71d18,id00020,-,-,real,A,RealVideo-RealAudio,Caucasian (American),men,00206.mp4,RealVideo-RealAudio/Caucasian (American)/men/id00020,RealVideo-RealAudio/Caucasian (American)/men/id00020/00206.mp4,/Users/jeevikakiran/Documents/USC/Multimodal/Project/FakeAVCeleb_v1.2/FakeAVCeleb_v1.2/RealVideo-RealAudio/Caucasian (American)/men/id00020/00206.mp4,1,0,0,0,REAL,train
id09175__00072_fake__5f0ed20932,id09175,fake.mp4,-,rtvc,B,RealVideo-FakeAudio,Asian (East),women,00072_fake.mp4,RealVideo-FakeAudio/Asian (East)/women/id09175,RealVideo-FakeAudio/Asian (East)/women/id09175/00072_fake.mp4,/Users/jeevikakiran/Documents/USC/Multimodal/Project/FakeAVCeleb_v1.2/FakeAVCeleb_v1.2/RealVideo-FakeAudio/Asian (East)/women/id09175/00072_fake.mp4,1,0,1,1,FAKE,val
id00126__00173_fake__2db0c4adc0,id00126,fake.mp4,-,rtvc,B,RealVideo-FakeAudio,Asian (East),men,00173_fake.mp4,RealVideo-FakeAudio/Asian (East)/men/id00126,RealVideo-FakeAudio/Asian (East)/men/id00126/00173_fake.mp4,/Users/jeevikakiran/Documents/USC/Multimodal/Project/FakeAVCeleb_v1.2/FakeAVCeleb_v1.2/RealVideo-FakeAudio/Asian (East)/men/id00126/00173_fake.mp4,1,0,1,1,FAKE,train
id00577__00010_fake__96b61f77c7,id00577,fake.mp4,-,rtvc,B,RealVideo-FakeAudio,African,women,00010_fake.mp4,RealVideo-FakeAudio/African/women/id00577,RealVideo-FakeAudio/African/women/id00577/00010_fake.mp4,/Users/jeevikakiran/Documents/USC/Multimodal/Project/FakeAVCeleb_v1.2/FakeAVCeleb_v1.2/RealVideo-FakeAudio/African/women/id00577/00010_fake.mp4,1,0,1,1,FAKE,train
id01156__00078__510299279f,id01156,-,-,real,A,RealVideo-RealAudio,Caucasian (European),men,00078.mp4,RealVideo-RealAudio/Caucasian (European)/men/id01156,RealVideo-RealAudio/Caucasian (European)/men/id01156/00078.mp4,/Users/jeevikakiran/Documents/USC/Multimodal/Project/FakeAVCeleb_v1.2/FakeAVCeleb_v1.2/RealVideo-RealAudio/Caucasian (European)/men/id01156/00078.mp4,1,0,0,0,REAL,train
id01211__00023__a80d35715d,id01211,-,-,real,A,RealVideo-RealAudio,Caucasian (American),men,00023.mp4,RealVideo-RealAudio/Caucasian (American)/men/id01211,RealVideo-RealAudio/Caucasian (American)/men/id01211/00023.mp4,/Users/jeevikakiran/Documents/USC/Multimodal/Project/FakeAVCeleb_v1.2/FakeAVCeleb_v1.2/RealVideo-RealAudio/Caucasian (American)/men/id01211/00023.mp4,1,0,0,0,REAL,val
id00403__00052_id00374_w1qi7y9agtc_id00271_wavtolip__35d7da4d4b,id00403,id00374,id00271,fsgan-wav2lip,D,FakeVideo-FakeAudio,Caucasian (European),women,00052_id00374_w1qI7y9AGTc_id00271_wavtolip.mp4,FakeVideo-FakeAudio/Caucasian (European)/women/id00403,FakeVideo-FakeAudio/Caucasian (European)/women/id00403/00052_id00374_w1qI7y9AGTc_id00271_wavtolip.mp4,/Users/jeevikakiran/Documents/USC/Multimodal/Project/FakeAVCeleb_v1.2/FakeAVCeleb_v1.2/FakeVideo-FakeAudio/Caucasian (European)/women/id00403/00052_id00374_w1qI7y9AGTc_id00271_wavtolip.mp4,1,1,1,1,FAKE,train
id07689__00028__1a299f29f3,id07689,-,-,real,A,RealVideo-RealAudio,Asian (South),women,00028.mp4,RealVideo-RealAudio/Asian (South)/women/id07689,RealVideo-RealAudio/Asian (South)/women/id07689/00028.mp4,/Users/jeevikakiran/Documents/USC/Multimodal/Project/FakeAVCeleb_v1.2/FakeAVCeleb_v1.2/RealVideo-RealAudio/Asian (South)/women/id07689/00028.mp4,1,0,0,0,REAL,val
id00434__00046__b8f7e09aed,id00434,-,-,real,A,RealVideo-RealAudio,Caucasian (European),women,00046.mp4,RealVideo-RealAudio/Caucasian (European)/women/id00434,RealVideo-RealAudio/Caucasian (European)/women/id00434/00046.mp4,/Users/jeevikakiran/Documents/USC/Multimodal/Project/FakeAVCeleb_v1.2/FakeAVCeleb_v1.2/RealVideo-RealAudio/Caucasian (European)/women/id00434/00046.mp4,1,0,0,0,REAL,train
id03707__00055__c1ce43a802,id03707,-,-,real,A,RealVideo-RealAudio,Caucasian (American),women,00055.mp4,RealVideo-RealAudio/Caucasian (American)/women/id03707,RealVideo-RealAudio/Caucasian (American)/women/id03707/00055.mp4,/Users/jeevikakiran/Documents/USC/Multimodal/Project/FakeAVCeleb_v1.2/FakeAVCeleb_v1.2/RealVideo-RealAudio/Caucasian (American)/women/id03707/00055.mp4,1,0,0,0,REAL,train
id00897__00005_id00330_zcffggsiz_s__f4c8b78aeb,id00897,id00330,-,fsgan,C,FakeVideo-RealAudio,Caucasian (European),women,00005_id00330_zCFFgGSIZ_s.mp4,FakeVideo-RealAudio/Caucasian (European)/women/id00897,FakeVideo-RealAudio/Caucasian (European)/women/id00897/00005_id00330_zCFFgGSIZ_s.mp4,/Users/jeevikakiran/Documents/USC/Multimodal/Project/FakeAVCeleb_v1.2/FakeAVCeleb_v1.2/FakeVideo-RealAudio/Caucasian (European)/women/id00897/00005_id00330_zCFFgGSIZ_s.mp4,1,1,0,1,FAKE,train
id06470__00052_id00056_wavtolip__4f4944a329,id06470,id00056,-,wav2lip,D,FakeVideo-FakeAudio,Asian (East),men,00052_id00056_wavtolip.mp4,FakeVideo-FakeAudio/Asian (East)/men/id06470,FakeVideo-FakeAudio/Asian (East)/men/id06470/00052_id00056_wavtolip.mp4,/Users/jeevikakiran/Documents/USC/Multimodal/Project/FakeAVCeleb_v1.2/FakeAVCeleb_v1.2/FakeVideo-FakeAudio/Asian (East)/men/id06470/00052_id00056_wavtolip.mp4,1,1,1,1,FAKE,train
id02508__00083_fake__b69a765a91,id02508,fake.mp4,-,rtvc,B,RealVideo-FakeAudio,African,women,00083_fake.mp4,RealVideo-FakeAudio/African/women/id02508,RealVideo-FakeAudio/African/women/id02508/00083_fake.mp4,/Users/jeevikakiran/Documents/USC/Multimodal/Project/FakeAVCeleb_v1.2/FakeAVCeleb_v1.2/RealVideo-FakeAudio/African/women/id02508/00083_fake.mp4,1,0,1,1,FAKE,train
id00832__00078__ad2727166f,id00832,-,-,real,A,RealVideo-RealAudio,African,women,00078.mp4,RealVideo-RealAudio/African/women/id00832,RealVideo-RealAudio/African/women/id00832/00078.mp4,/Users/jeevikakiran/Documents/USC/Multimodal/Project/FakeAVCeleb_v1.2/FakeAVCeleb_v1.2/RealVideo-RealAudio/African/women/id00832/00078.mp4,1,0,0,0,REAL,train
id00694__00340__1b9d1358e9,id00694,-,-,real,A,RealVideo-RealAudio,Caucasian (European),men,00340.mp4,RealVideo-RealAudio/Caucasian (European)/men/id00694,RealVideo-RealAudio/Caucasian (European)/men/id00694/00340.mp4,/Users/jeevikakiran/Documents/USC/Multimodal/Project/FakeAVCeleb_v1.2/FakeAVCeleb_v1.2/RealVideo-RealAudio/Caucasian (European)/men/id00694/00340.mp4,1,0,0,0,REAL,train
id05235__00052__12ea99b1ed,id05235,-,-,real,A,RealVideo-RealAudio,African,women,00052.mp4,RealVideo-RealAudio/African/women/id05235,RealVideo-RealAudio/African/women/id05235/00052.mp4,/Users/jeevikakiran/Documents/USC/Multimodal/Project/FakeAVCeleb_v1.2/FakeAVCeleb_v1.2/RealVideo-RealAudio/African/women/id05235/00052.mp4,1,0,0,0,REAL,train
id00266__00470__863a01a8f9,id00266,-,-,real,A,RealVideo-RealAudio,Caucasian (European),men,00470.mp4,RealVideo-RealAudio/Caucasian (European)/men/id00266,RealVideo-RealAudio/Caucasian (European)/men/id00266/00470.mp4,/Users/jeevikakiran/Documents/USC/Multimodal/Project/FakeAVCeleb_v1.2/FakeAVCeleb_v1.2/RealVideo-RealAudio/Caucasian (European)/men/id00266/00470.mp4,1,0,0,0,REAL,train
id00137__00025_fake__fb6c322340,id00137,fake.mp4,-,rtvc,B,RealVideo-FakeAudio,Asian (East),women,00025_fake.mp4,RealVideo-FakeAudio/Asian (East)/women/id00137,RealVideo-FakeAudio/Asian (East)/women/id00137/00025_fake.mp4,/Users/jeevikakiran/Documents/USC/Multimodal/Project/FakeAVCeleb_v1.2/FakeAVCeleb_v1.2/RealVideo-FakeAudio/Asian (East)/women/id00137/00025_fake.mp4,1,0,1,1,FAKE,train
id09181__00048__918499f4d7,id09181,-,-,real,A,RealVideo-RealAudio,Asian (East),women,00048.mp4,RealVideo-RealAudio/Asian (East)/women/id09181,RealVideo-RealAudio/Asian (East)/women/id09181/00048.mp4,/Users/jeevikakiran/Documents/USC/Multimodal/Project/FakeAVCeleb_v1.2/FakeAVCeleb_v1.2/RealVideo-RealAudio/Asian (East)/women/id09181/00048.mp4,1,0,0,0,REAL,train
id06065__00160__7939fac555,id06065,-,-,real,A,RealVideo-RealAudio,Asian (East),women,00160.mp4,RealVideo-RealAudio/Asian (East)/women/id06065,RealVideo-RealAudio/Asian (East)/women/id06065/00160.mp4,/Users/jeevikakiran/Documents/USC/Multimodal/Project/FakeAVCeleb_v1.2/FakeAVCeleb_v1.2/RealVideo-RealAudio/Asian (East)/women/id06065/00160.mp4,1,0,0,0,REAL,train
id06591__00021_fake__6eeedc5ae5,id06591,fake.mp4,-,rtvc,B,RealVideo-FakeAudio,Asian (East),men,00021_fake.mp4,RealVideo-FakeAudio/Asian (East)/men/id06591,RealVideo-FakeAudio/Asian (East)/men/id06591/00021_fake.mp4,/Users/jeevikakiran/Documents/USC/Multimodal/Project/FakeAVCeleb_v1.2/FakeAVCeleb_v1.2/RealVideo-FakeAudio/Asian (East)/men/id06591/00021_fake.mp4,1,0,1,1,FAKE,train
id00021__00010_id00021_wavtolip__a38cf09c5b,id00021,id00021,-,wav2lip,D,FakeVideo-FakeAudio,Caucasian (American),men,00010_id00021_wavtolip.mp4,FakeVideo-FakeAudio/Caucasian (American)/men/id00021,FakeVideo-FakeAudio/Caucasian (American)/men/id00021/00010_id00021_wavtolip.mp4,/Users/jeevikakiran/Documents/USC/Multimodal/Project/FakeAVCeleb_v1.2/FakeAVCeleb_v1.2/FakeVideo-FakeAudio/Caucasian (American)/men/id00021/00010_id00021_wavtolip.mp4,1,1,1,1,FAKE,train
id07182__00040__c004691801,id07182,-,-,real,A,RealVideo-RealAudio,Asian (South),men,00040.mp4,RealVideo-RealAudio/Asian (South)/men/id07182,RealVideo-RealAudio/Asian (South)/men/id07182/00040.mp4,/Users/jeevikakiran/Documents/USC/Multimodal/Project/FakeAVCeleb_v1.2/FakeAVCeleb_v1.2/RealVideo-RealAudio/Asian (South)/men/id07182/00040.mp4,1,0,0,0,REAL,train
id00945__00107_fake__43cc4dff59,id00945,fake.mp4,-,rtvc,B,RealVideo-FakeAudio,Caucasian (American),men,00107_fake.mp4,RealVideo-FakeAudio/Caucasian (American)/men/id00945,RealVideo-FakeAudio/Caucasian (American)/men/id00945/00107_fake.mp4,/Users/jeevikakiran/Documents/USC/Multimodal/Project/FakeAVCeleb_v1.2/FakeAVCeleb_v1.2/RealVideo-FakeAudio/Caucasian (American)/men/id00945/00107_fake.mp4,1,0,1,1,FAKE,train
id00225__00078_id00185_1lsgwpwnl1m_id00559_wavtolip__bad82a6800,id00225,id00185,id00559,fsgan-wav2lip,D,FakeVideo-FakeAudio,Caucasian (European),men,00078_id00185_1lsGWpwnl1M_id00559_wavtolip.mp4,FakeVideo-FakeAudio/Caucasian (European)/men/id00225,FakeVideo-FakeAudio/Caucasian (European)/men/id00225/00078_id00185_1lsGWpwnl1M_id00559_wavtolip.mp4,/Users/jeevikakiran/Documents/USC/Multimodal/Project/FakeAVCeleb_v1.2/FakeAVCeleb_v1.2/FakeVideo-FakeAudio/Caucasian (European)/men/id00225/00078_id00185_1lsGWpwnl1M_id00559_wavtolip.mp4,1,1,1,1,FAKE,train
id01052__00076_fake__def790c397,id01052,fake.mp4,-,rtvc,B,RealVideo-FakeAudio,Caucasian (European),men,00076_fake.mp4,RealVideo-FakeAudio/Caucasian (European)/men/id01052,RealVideo-FakeAudio/Caucasian (European)/men/id01052/00076_fake.mp4,/Users/jeevikakiran/Documents/USC/Multimodal/Project/FakeAVCeleb_v1.2/FakeAVCeleb_v1.2/RealVideo-FakeAudio/Caucasian (European)/men/id01052/00076_fake.mp4,1,0,1,1,FAKE,train
id02807__00032__702e20b7a6,id02807,-,-,real,A,RealVideo-RealAudio,Asian (East),women,00032.mp4,RealVideo-RealAudio/Asian (East)/women/id02807,RealVideo-RealAudio/Asian (East)/women/id02807/00032.mp4,/Users/jeevikakiran/Documents/USC/Multimodal/Project/FakeAVCeleb_v1.2/FakeAVCeleb_v1.2/RealVideo-RealAudio/Asian (East)/women/id02807/00032.mp4,1,0,0,0,REAL,train
id00594__00005_id00694_wavtolip__b1960637a1,id00594,id00694,-,wav2lip,D,FakeVideo-FakeAudio,Caucasian (European),men,00005_id00694_wavtolip.mp4,FakeVideo-FakeAudio/Caucasian (European)/men/id00594,FakeVideo-FakeAudio/Caucasian (European)/men/id00594/00005_id00694_wavtolip.mp4,/Users/jeevikakiran/Documents/USC/Multimodal/Project/FakeAVCeleb_v1.2/FakeAVCeleb_v1.2/FakeVideo-FakeAudio/Caucasian (European)/men/id00594/00005_id00694_wavtolip.mp4,1,1,1,1,FAKE,train
id01452__00001__f8d2f58f3c,id01452,-,-,real,A,RealVideo-RealAudio,African,men,00001.mp4,RealVideo-RealAudio/African/men/id01452,RealVideo-RealAudio/African/men/id01452/00001.mp4,/Users/jeevikakiran/Documents/USC/Multimodal/Project/FakeAVCeleb_v1.2/FakeAVCeleb_v1.2/RealVideo-RealAudio/African/men/id01452/00001.mp4,1,0,0,0,REAL,train
id01610__00090__f683538f3c,id01610,-,-,real,A,RealVideo-RealAudio,African,men,00090.mp4,RealVideo-RealAudio/African/men/id01610,RealVideo-RealAudio/African/men/id01610/00090.mp4,/Users/jeevikakiran/Documents/USC/Multimodal/Project/FakeAVCeleb_v1.2/FakeAVCeleb_v1.2/RealVideo-RealAudio/African/men/id01610/00090.mp4,1,0,0,0,REAL,train
id00241__00015_id00063_cvzbxc2rjpm_id00594_wavtolip__d062864238,id00241,id00063,id00594,fsgan-wav2lip,D,FakeVideo-FakeAudio,Caucasian (European),men,00015_id00063_cVZBXC2rjPM_id00594_wavtolip.mp4,FakeVideo-FakeAudio/Caucasian (European)/men/id00241,FakeVideo-FakeAudio/Caucasian (European)/men/id00241/00015_id00063_cVZBXC2rjPM_id00594_wavtolip.mp4,/Users/jeevikakiran/Documents/USC/Multimodal/Project/FakeAVCeleb_v1.2/FakeAVCeleb_v1.2/FakeVideo-FakeAudio/Caucasian (European)/men/id00241/00015_id00063_cVZBXC2rjPM_id00594_wavtolip.mp4,1,1,1,1,FAKE,train
id00761__00072__b4b3818c55,id00761,-,-,real,A,RealVideo-RealAudio,African,men,00072.mp4,RealVideo-RealAudio/African/men/id00761,RealVideo-RealAudio/African/men/id00761/00072.mp4,/Users/jeevikakiran/Documents/USC/Multimodal/Project/FakeAVCeleb_v1.2/FakeAVCeleb_v1.2/RealVideo-RealAudio/African/men/id00761/00072.mp4,1,0,0,0,REAL,train
id04222__00078__bfc1640a83,id04222,-,-,real,A,RealVideo-RealAudio,Asian (East),men,00078.mp4,RealVideo-RealAudio/Asian (East)/men/id04222,RealVideo-RealAudio/Asian (East)/men/id04222/00078.mp4,/Users/jeevikakiran/Documents/USC/Multimodal/Project/FakeAVCeleb_v1.2/FakeAVCeleb_v1.2/RealVideo-RealAudio/Asian (East)/men/id04222/00078.mp4,1,0,0,0,REAL,train
id00694__00340_id00265_dzq57foxxr4__6c5b2085cc,id00694,id00265,-,fsgan,C,FakeVideo-RealAudio,Caucasian (European),men,00340_id00265_dZq57FoxXR4.mp4,FakeVideo-RealAudio/Caucasian (European)/men/id00694,FakeVideo-RealAudio/Caucasian (European)/men/id00694/00340_id00265_dZq57FoxXR4.mp4,/Users/jeevikakiran/Documents/USC/Multimodal/Project/FakeAVCeleb_v1.2/FakeAVCeleb_v1.2/FakeVideo-RealAudio/Caucasian (European)/men/id00694/00340_id00265_dZq57FoxXR4.mp4,1,1,0,1,FAKE,train
id09171__00092__8fcaa380eb,id09171,-,-,real,A,RealVideo-RealAudio,Asian (East),women,00092.mp4,RealVideo-RealAudio/Asian (East)/women/id09171,RealVideo-RealAudio/Asian (East)/women/id09171/00092.mp4,/Users/jeevikakiran/Documents/USC/Multimodal/Project/FakeAVCeleb_v1.2/FakeAVCeleb_v1.2/RealVideo-RealAudio/Asian (East)/women/id09171/00092.mp4,1,0,0,0,REAL,train
id00568__00384__41551f6cde,id00568,-,-,real,A,RealVideo-RealAudio,African,women,00384.mp4,RealVideo-RealAudio/African/women/id00568,RealVideo-RealAudio/African/women/id00568/00384.mp4,/Users/jeevikakiran/Documents/USC/Multimodal/Project/FakeAVCeleb_v1.2/FakeAVCeleb_v1.2/RealVideo-RealAudio/African/women/id00568/00384.mp4,1,0,0,0,REAL,train
id03168__03168_2_id06269_wavtolip__e0d91be479,id03168,2,-,faceswap-wav2lip,D,FakeVideo-FakeAudio,Asian (East),men,03168_2_id06269_wavtolip.mp4,FakeVideo-FakeAudio/Asian (East)/men/id03168,FakeVideo-FakeAudio/Asian (East)/men/id03168/03168_2_id06269_wavtolip.mp4,/Users/jeevikakiran/Documents/USC/Multimodal/Project/FakeAVCeleb_v1.2/FakeAVCeleb_v1.2/FakeVideo-FakeAudio/Asian (East)/men/id03168/03168_2_id06269_wavtolip.mp4,1,1,1,1,FAKE,train
id01589__00017__e3aa519ce5,id01589,-,-,real,A,RealVideo-RealAudio,Asian (East),men,00017.mp4,RealVideo-RealAudio/Asian (East)/men/id01589,RealVideo-RealAudio/Asian (East)/men/id01589/00017.mp4,/Users/jeevikakiran/Documents/USC/Multimodal/Project/FakeAVCeleb_v1.2/FakeAVCeleb_v1.2/RealVideo-RealAudio/Asian (East)/men/id01589/00017.mp4,1,0,0,0,REAL,train
id05631__00073_id09174_wavtolip__374d543b19,id05631,id09174,-,wav2lip,D,FakeVideo-FakeAudio,Asian (East),women,00073_id09174_wavtolip.mp4,FakeVideo-FakeAudio/Asian (East)/women/id05631,FakeVideo-FakeAudio/Asian (East)/women/id05631/00073_id09174_wavtolip.mp4,/Users/jeevikakiran/Documents/USC/Multimodal/Project/FakeAVCeleb_v1.2/FakeAVCeleb_v1.2/FakeVideo-FakeAudio/Asian (East)/women/id05631/00073_id09174_wavtolip.mp4,1,1,1,1,FAKE,val
id01637__00002_id00166_wavtolip__6b5f61bedd,id01637,id00166,-,wav2lip,C,FakeVideo-RealAudio,African,men,00002_id00166_wavtolip.mp4,FakeVideo-RealAudio/African/men/id01637,FakeVideo-RealAudio/African/men/id01637/00002_id00166_wavtolip.mp4,/Users/jeevikakiran/Documents/USC/Multimodal/Project/FakeAVCeleb_v1.2/FakeAVCeleb_v1.2/FakeVideo-RealAudio/African/men/id01637/00002_id00166_wavtolip.mp4,1,1,0,1,FAKE,train
id02051__00015_id01236_wavtolip__8ab2ebbcf0,id02051,id01236,-,wav2lip,D,FakeVideo-FakeAudio,African,men,00015_id01236_wavtolip.mp4,FakeVideo-FakeAudio/African/men/id02051,FakeVideo-FakeAudio/African/men/id02051/00015_id01236_wavtolip.mp4,/Users/jeevikakiran/Documents/USC/Multimodal/Project/FakeAVCeleb_v1.2/FakeAVCeleb_v1.2/FakeVideo-FakeAudio/African/men/id02051/00015_id01236_wavtolip.mp4,1,1,1,1,FAKE,train
id04245__00072_fake__aeeee42a08,id04245,fake.mp4,-,rtvc,B,RealVideo-FakeAudio,African,women,00072_fake.mp4,RealVideo-FakeAudio/African/women/id04245,RealVideo-FakeAudio/African/women/id04245/00072_fake.mp4,/Users/jeevikakiran/Documents/USC/Multimodal/Project/FakeAVCeleb_v1.2/FakeAVCeleb_v1.2/RealVideo-FakeAudio/African/women/id04245/00072_fake.mp4,1,0,1,1,FAKE,train
id02617__00028__3d04521bc2,id02617,-,-,real,A,RealVideo-RealAudio,African,women,00028.mp4,RealVideo-RealAudio/African/women/id02617,RealVideo-RealAudio/African/women/id02617/00028.mp4,/Users/jeevikakiran/Documents/USC/Multimodal/Project/FakeAVCeleb_v1.2/FakeAVCeleb_v1.2/RealVideo-RealAudio/African/women/id02617/00028.mp4,1,0,0,0,REAL,train
id07236__00143_id07051_d1c0pl2ap_4_id01026_wavtolip__e64253d6ef,id07236,id07051,id01026,fsgan-wav2lip,D,FakeVideo-FakeAudio,Asian (South),women,00143_id07051_d1c0Pl2aP_4_id01026_wavtolip.mp4,FakeVideo-FakeAudio/Asian (South)/women/id07236,FakeVideo-FakeAudio/Asian (South)/women/id07236/00143_id07051_d1c0Pl2aP_4_id01026_wavtolip.mp4,/Users/jeevikakiran/Documents/USC/Multimodal/Project/FakeAVCeleb_v1.2/FakeAVCeleb_v1.2/FakeVideo-FakeAudio/Asian (South)/women/id07236/00143_id07051_d1c0Pl2aP_4_id01026_wavtolip.mp4,1,1,1,1,FAKE,train
id00062__00278__4dd67c14c5,id00062,-,-,real,A,RealVideo-RealAudio,Caucasian (American),men,00278.mp4,RealVideo-RealAudio/Caucasian (American)/men/id00062,RealVideo-RealAudio/Caucasian (American)/men/id00062/00278.mp4,/Users/jeevikakiran/Documents/USC/Multimodal/Project/FakeAVCeleb_v1.2/FakeAVCeleb_v1.2/RealVideo-RealAudio/Caucasian (American)/men/id00062/00278.mp4,1,0,0,0,REAL,train
id07051__00083__0143b7cab5,id07051,-,-,real,A,RealVideo-RealAudio,Asian (South),women,00083.mp4,RealVideo-RealAudio/Asian (South)/women/id07051,RealVideo-RealAudio/Asian (South)/women/id07051/00083.mp4,/Users/jeevikakiran/Documents/USC/Multimodal/Project/FakeAVCeleb_v1.2/FakeAVCeleb_v1.2/RealVideo-RealAudio/Asian (South)/women/id07051/00083.mp4,1,0,0,0,REAL,val
id00732__00118_id07233_wavtolip__ba15fb3830,id00732,id07233,-,wav2lip,D,FakeVideo-FakeAudio,Asian (South),men,00118_id07233_wavtolip.mp4,FakeVideo-FakeAudio/Asian (South)/men/id00732,FakeVideo-FakeAudio/Asian (South)/men/id00732/00118_id07233_wavtolip.mp4,/Users/jeevikakiran/Documents/USC/Multimodal/Project/FakeAVCeleb_v1.2/FakeAVCeleb_v1.2/FakeVideo-FakeAudio/Asian (South)/men/id00732/00118_id07233_wavtolip.mp4,1,1,1,1,FAKE,train
id00841__00078_id00291_wavtolip__7d3a81fabc,id00841,id00291,-,wav2lip,C,FakeVideo-RealAudio,Caucasian (American),women,00078_id00291_wavtolip.mp4,FakeVideo-RealAudio/Caucasian (American)/women/id00841,FakeVideo-RealAudio/Caucasian (American)/women/id00841/00078_id00291_wavtolip.mp4,/Users/jeevikakiran/Documents/USC/Multimodal/Project/FakeAVCeleb_v1.2/FakeAVCeleb_v1.2/FakeVideo-RealAudio/Caucasian (American)/women/id00841/00078_id00291_wavtolip.mp4,1,1,0,1,FAKE,train
id08402__00092__61b54b11fa,id08402,-,-,real,A,RealVideo-RealAudio,Asian (East),women,00092.mp4,RealVideo-RealAudio/Asian (East)/women/id08402,RealVideo-RealAudio/Asian (East)/women/id08402/00092.mp4,/Users/jeevikakiran/Documents/USC/Multimodal/Project/FakeAVCeleb_v1.2/FakeAVCeleb_v1.2/RealVideo-RealAudio/Asian (East)/women/id08402/00092.mp4,1,0,0,0,REAL,train
id07901__00040__1dbdae5c1a,id07901,-,-,real,A,RealVideo-RealAudio,Asian (East),women,00040.mp4,RealVideo-RealAudio/Asian (East)/women/id07901,RealVideo-RealAudio/Asian (East)/women/id07901/00040.mp4,/Users/jeevikakiran/Documents/USC/Multimodal/Project/FakeAVCeleb_v1.2/FakeAVCeleb_v1.2/RealVideo-RealAudio/Asian (East)/women/id07901/00040.mp4,1,0,0,0,REAL,val
id03678__00078_id00018_sap_fjurhlc_id03668_wavtolip__190bc24405,id03678,id00018,id03668,fsgan-wav2lip,D,FakeVideo-FakeAudio,Caucasian (American),men,00078_id00018_sap-FjURHlc_id03668_wavtolip.mp4,FakeVideo-FakeAudio/Caucasian (American)/men/id03678,FakeVideo-FakeAudio/Caucasian (American)/men/id03678/00078_id00018_sap-FjURHlc_id03668_wavtolip.mp4,/Users/jeevikakiran/Documents/USC/Multimodal/Project/FakeAVCeleb_v1.2/FakeAVCeleb_v1.2/FakeVideo-FakeAudio/Caucasian (American)/men/id03678/00078_id00018_sap-FjURHlc_id03668_wavtolip.mp4,1,1,1,1,FAKE,train
id01972__00078__4711f706eb,id01972,-,-,real,A,RealVideo-RealAudio,African,men,00078.mp4,RealVideo-RealAudio/African/men/id01972,RealVideo-RealAudio/African/men/id01972/00078.mp4,/Users/jeevikakiran/Documents/USC/Multimodal/Project/FakeAVCeleb_v1.2/FakeAVCeleb_v1.2/RealVideo-RealAudio/African/men/id01972/00078.mp4,1,0,0,0,REAL,val
id02301__00092_id00829_amevvaubq2y_faceswap_id02508_wavtolip__bd88188a4d,id02301,id00829,faceswap,faceswap-wav2lip,D,FakeVideo-FakeAudio,African,women,00092_id00829_aMEvVaUBq2Y_faceswap_id02508_wavtolip.mp4,FakeVideo-FakeAudio/African/women/id02301,FakeVideo-FakeAudio/African/women/id02301/00092_id00829_aMEvVaUBq2Y_faceswap_id02508_wavtolip.mp4,/Users/jeevikakiran/Documents/USC/Multimodal/Project/FakeAVCeleb_v1.2/FakeAVCeleb_v1.2/FakeVideo-FakeAudio/African/women/id02301/00092_id00829_aMEvVaUBq2Y_faceswap_id02508_wavtolip.mp4,1,1,1,1,FAKE,train
id00192__00078__83a1715310,id00192,-,-,real,A,RealVideo-RealAudio,Caucasian (European),men,00078.mp4,RealVideo-RealAudio/Caucasian (European)/men/id00192,RealVideo-RealAudio/Caucasian (European)/men/id00192/00078.mp4,/Users/jeevikakiran/Documents/USC/Multimodal/Project/FakeAVCeleb_v1.2/FakeAVCeleb_v1.2/RealVideo-RealAudio/Caucasian (European)/men/id00192/00078.mp4,1,0,0,0,REAL,val
id04073__00021_id00529_xtx2geqn_dq__52dcf5f30b,id04073,id00529,-,fsgan,C,FakeVideo-RealAudio,Caucasian (American),men,00021_id00529_xtx2GeQN-DQ.mp4,FakeVideo-RealAudio/Caucasian (American)/men/id04073,FakeVideo-RealAudio/Caucasian (American)/men/id04073/00021_id00529_xtx2GeQN-DQ.mp4,/Users/jeevikakiran/Documents/USC/Multimodal/Project/FakeAVCeleb_v1.2/FakeAVCeleb_v1.2/FakeVideo-RealAudio/Caucasian (American)/men/id04073/00021_id00529_xtx2GeQN-DQ.mp4,1,1,0,1,FAKE,train
id02071__00195__ce13456f45,id02071,-,-,real,A,RealVideo-RealAudio,African,women,00195.mp4,RealVideo-RealAudio/African/women/id02071,RealVideo-RealAudio/African/women/id02071/00195.mp4,/Users/jeevikakiran/Documents/USC/Multimodal/Project/FakeAVCeleb_v1.2/FakeAVCeleb_v1.2/RealVideo-RealAudio/African/women/id02071/00195.mp4,1,0,0,0,REAL,train
id06060__00219__344684ecbb,id06060,-,-,real,A,RealVideo-RealAudio,Asian (East),women,00219.mp4,RealVideo-RealAudio/Asian (East)/women/id06060,RealVideo-RealAudio/Asian (East)/women/id06060/00219.mp4,/Users/jeevikakiran/Documents/USC/Multimodal/Project/FakeAVCeleb_v1.2/FakeAVCeleb_v1.2/RealVideo-RealAudio/Asian (East)/women/id06060/00219.mp4,1,0,0,0,REAL,train
id02301__00092__b0224fd5cd,id02301,-,-,real,A,RealVideo-RealAudio,African,women,00092.mp4,RealVideo-RealAudio/African/women/id02301,RealVideo-RealAudio/African/women/id02301/00092.mp4,/Users/jeevikakiran/Documents/USC/Multimodal/Project/FakeAVCeleb_v1.2/FakeAVCeleb_v1.2/RealVideo-RealAudio/African/women/id02301/00092.mp4,1,0,0,0,REAL,train
id00368__00078__da58301d69,id00368,-,-,real,A,RealVideo-RealAudio,Caucasian (European),men,00078.mp4,RealVideo-RealAudio/Caucasian (European)/men/id00368,RealVideo-RealAudio/Caucasian (European)/men/id00368/00078.mp4,/Users/jeevikakiran/Documents/USC/Multimodal/Project/FakeAVCeleb_v1.2/FakeAVCeleb_v1.2/RealVideo-RealAudio/Caucasian (European)/men/id00368/00078.mp4,1,0,0,0,REAL,train
id00848__00028_id01225_wavtolip__876f85d447,id00848,id01225,-,wav2lip,D,FakeVideo-FakeAudio,Caucasian (American),women,00028_id01225_wavtolip.mp4,FakeVideo-FakeAudio/Caucasian (American)/women/id00848,FakeVideo-FakeAudio/Caucasian (American)/women/id00848/00028_id01225_wavtolip.mp4,/Users/jeevikakiran/Documents/USC/Multimodal/Project/FakeAVCeleb_v1.2/FakeAVCeleb_v1.2/FakeVideo-FakeAudio/Caucasian (American)/women/id00848/00028_id01225_wavtolip.mp4,1,1,1,1,FAKE,val
id00548__00015_fake__d5816bd8e5,id00548,fake.mp4,-,rtvc,B,RealVideo-FakeAudio,Caucasian (European),men,00015_fake.mp4,RealVideo-FakeAudio/Caucasian (European)/men/id00548,RealVideo-FakeAudio/Caucasian (European)/men/id00548/00015_fake.mp4,/Users/jeevikakiran/Documents/USC/Multimodal/Project/FakeAVCeleb_v1.2/FakeAVCeleb_v1.2/RealVideo-FakeAudio/Caucasian (European)/men/id00548/00015_fake.mp4,1,0,1,1,FAKE,train
id03965__00051_id00740_wavtolip__f8e19471ef,id03965,id00740,-,wav2lip,C,FakeVideo-RealAudio,Asian (East),men,00051_id00740_wavtolip.mp4,FakeVideo-RealAudio/Asian (East)/men/id03965,FakeVideo-RealAudio/Asian (East)/men/id03965/00051_id00740_wavtolip.mp4,/Users/jeevikakiran/Documents/USC/Multimodal/Project/FakeAVCeleb_v1.2/FakeAVCeleb_v1.2/FakeVideo-RealAudio/Asian (East)/men/id03965/00051_id00740_wavtolip.mp4,1,1,0,1,FAKE,train
id03815__00118_id03559_pgetxl1qbzm__9af7b9292b,id03815,id03559,-,fsgan,C,FakeVideo-RealAudio,Asian (South),women,00118_id03559_pgetxl1qbzM.mp4,FakeVideo-RealAudio/Asian (South)/women/id03815,FakeVideo-RealAudio/Asian (South)/women/id03815/00118_id03559_pgetxl1qbzM.mp4,/Users/jeevikakiran/Documents/USC/Multimodal/Project/FakeAVCeleb_v1.2/FakeAVCeleb_v1.2/FakeVideo-RealAudio/Asian (South)/women/id03815/00118_id03559_pgetxl1qbzM.mp4,1,1,0,1,FAKE,train
id00594__00005__3caa01b39a,id00594,-,-,real,A,RealVideo-RealAudio,Caucasian (European),men,00005.mp4,RealVideo-RealAudio/Caucasian (European)/men/id00594,RealVideo-RealAudio/Caucasian (European)/men/id00594/00005.mp4,/Users/jeevikakiran/Documents/USC/Multimodal/Project/FakeAVCeleb_v1.2/FakeAVCeleb_v1.2/RealVideo-RealAudio/Caucasian (European)/men/id00594/00005.mp4,1,0,0,0,REAL,train
id00806__00005__7f87f8985f,id00806,-,-,real,A,RealVideo-RealAudio,Caucasian (European),women,00005.mp4,RealVideo-RealAudio/Caucasian (European)/women/id00806,RealVideo-RealAudio/Caucasian (European)/women/id00806/00005.mp4,/Users/jeevikakiran/Documents/USC/Multimodal/Project/FakeAVCeleb_v1.2/FakeAVCeleb_v1.2/RealVideo-RealAudio/Caucasian (European)/women/id00806/00005.mp4,1,0,0,0,REAL,val
id00080__00281__6f97ef10ba,id00080,-,-,real,A,RealVideo-RealAudio,Asian (South),women,00281.mp4,RealVideo-RealAudio/Asian (South)/women/id00080,RealVideo-RealAudio/Asian (South)/women/id00080/00281.mp4,/Users/jeevikakiran/Documents/USC/Multimodal/Project/FakeAVCeleb_v1.2/FakeAVCeleb_v1.2/RealVideo-RealAudio/Asian (South)/women/id00080/00281.mp4,1,0,0,0,REAL,val
id06437__00028_id06438_vf3xbvgyqya_id07008_wavtolip__891703f3fe,id06437,id06438,id07008,fsgan-wav2lip,D,FakeVideo-FakeAudio,Asian (South),women,00028_id06438_vf3xBVgYqYA_id07008_wavtolip.mp4,FakeVideo-FakeAudio/Asian (South)/women/id06437,FakeVideo-FakeAudio/Asian (South)/women/id06437/00028_id06438_vf3xBVgYqYA_id07008_wavtolip.mp4,/Users/jeevikakiran/Documents/USC/Multimodal/Project/FakeAVCeleb_v1.2/FakeAVCeleb_v1.2/FakeVideo-FakeAudio/Asian (South)/women/id06437/00028_id06438_vf3xBVgYqYA_id07008_wavtolip.mp4,1,1,1,1,FAKE,val
id03889__00052__e1b5449c2f,id03889,-,-,real,A,RealVideo-RealAudio,Asian (East),men,00052.mp4,RealVideo-RealAudio/Asian (East)/men/id03889,RealVideo-RealAudio/Asian (East)/men/id03889/00052.mp4,/Users/jeevikakiran/Documents/USC/Multimodal/Project/FakeAVCeleb_v1.2/FakeAVCeleb_v1.2/RealVideo-RealAudio/Asian (East)/men/id03889/00052.mp4,1,0,0,0,REAL,train
id03668__00143_id00243_owweixm3ozq__d5470451fb,id03668,id00243,-,fsgan,C,FakeVideo-RealAudio,Caucasian (American),men,00143_id00243_oWwEIXM3oZQ.mp4,FakeVideo-RealAudio/Caucasian (American)/men/id03668,FakeVideo-RealAudio/Caucasian (American)/men/id03668/00143_id00243_oWwEIXM3oZQ.mp4,/Users/jeevikakiran/Documents/USC/Multimodal/Project/FakeAVCeleb_v1.2/FakeAVCeleb_v1.2/FakeVideo-RealAudio/Caucasian (American)/men/id03668/00143_id00243_oWwEIXM3oZQ.mp4,1,1,0,1,FAKE,train
id07163__00141__561e8d526f,id07163,-,-,real,A,RealVideo-RealAudio,Asian (South),men,00141.mp4,RealVideo-RealAudio/Asian (South)/men/id07163,RealVideo-RealAudio/Asian (South)/men/id07163/00141.mp4,/Users/jeevikakiran/Documents/USC/Multimodal/Project/FakeAVCeleb_v1.2/FakeAVCeleb_v1.2/RealVideo-RealAudio/Asian (South)/men/id07163/00141.mp4,1,0,0,0,REAL,train
id03649__00001_id00634_z5t9ojizdqg__687bc6267a,id03649,id00634,-,fsgan,C,FakeVideo-RealAudio,Caucasian (European),women,00001_id00634_z5t9oJizDQg.mp4,FakeVideo-RealAudio/Caucasian (European)/women/id03649,FakeVideo-RealAudio/Caucasian (European)/women/id03649/00001_id00634_z5t9oJizDQg.mp4,/Users/jeevikakiran/Documents/USC/Multimodal/Project/FakeAVCeleb_v1.2/FakeAVCeleb_v1.2/FakeVideo-RealAudio/Caucasian (European)/women/id03649/00001_id00634_z5t9oJizDQg.mp4,1,1,0,1,FAKE,train
id04547__00052__6930f03469,id04547,-,-,real,A,RealVideo-RealAudio,African,women,00052.mp4,RealVideo-RealAudio/African/women/id04547,RealVideo-RealAudio/African/women/id04547/00052.mp4,/Users/jeevikakiran/Documents/USC/Multimodal/Project/FakeAVCeleb_v1.2/FakeAVCeleb_v1.2/RealVideo-RealAudio/African/women/id04547/00052.mp4,1,0,0,0,REAL,train
id01783__00015__41413f4f57,id01783,-,-,real,A,RealVideo-RealAudio,African,women,00015.mp4,RealVideo-RealAudio/African/women/id01783,RealVideo-RealAudio/African/women/id01783/00015.mp4,/Users/jeevikakiran/Documents/USC/Multimodal/Project/FakeAVCeleb_v1.2/FakeAVCeleb_v1.2/RealVideo-RealAudio/African/women/id01783/00015.mp4,1,0,0,0,REAL,train
id00476__00109_id01779_wavtolip__b04f70a241,id00476,id01779,-,wav2lip,C,FakeVideo-RealAudio,African,men,00109_id01779_wavtolip.mp4,FakeVideo-RealAudio/African/men/id00476,FakeVideo-RealAudio/African/men/id00476/00109_id01779_wavtolip.mp4,/Users/jeevikakiran/Documents/USC/Multimodal/Project/FakeAVCeleb_v1.2/FakeAVCeleb_v1.2/FakeVideo-RealAudio/African/men/id00476/00109_id01779_wavtolip.mp4,1,1,0,1,FAKE,train
id00520__00187_id00183_z2dhzllpwuq__b4aa8952d5,id00520,id00183,-,fsgan,C,FakeVideo-RealAudio,Caucasian (European),men,00187_id00183_z2DhZllPWUQ.mp4,FakeVideo-RealAudio/Caucasian (European)/men/id00520,FakeVideo-RealAudio/Caucasian (European)/men/id00520/00187_id00183_z2DhZllPWUQ.mp4,/Users/jeevikakiran/Documents/USC/Multimodal/Project/FakeAVCeleb_v1.2/FakeAVCeleb_v1.2/FakeVideo-RealAudio/Caucasian (European)/men/id00520/00187_id00183_z2DhZllPWUQ.mp4,1,1,0,1,FAKE,train
id00068__00004__75dcdd62ae,id00068,-,-,real,A,RealVideo-RealAudio,Caucasian (European),women,00004.mp4,RealVideo-RealAudio/Caucasian (European)/women/id00068,RealVideo-RealAudio/Caucasian (European)/women/id00068/00004.mp4,/Users/jeevikakiran/Documents/USC/Multimodal/Project/FakeAVCeleb_v1.2/FakeAVCeleb_v1.2/RealVideo-RealAudio/Caucasian (European)/women/id00068/00004.mp4,1,0,0,0,REAL,train
id09116__00026_fake__8048608da7,id09116,fake.mp4,-,rtvc,B,RealVideo-FakeAudio,Asian (East),women,00026_fake.mp4,RealVideo-FakeAudio/Asian (East)/women/id09116,RealVideo-FakeAudio/Asian (East)/women/id09116/00026_fake.mp4,/Users/jeevikakiran/Documents/USC/Multimodal/Project/FakeAVCeleb_v1.2/FakeAVCeleb_v1.2/RealVideo-FakeAudio/Asian (East)/women/id09116/00026_fake.mp4,1,0,1,1,FAKE,train
id00763__00074__e9c43c2e44,id00763,-,-,real,A,RealVideo-RealAudio,Asian (East),women,00074.mp4,RealVideo-RealAudio/Asian (East)/women/id00763,RealVideo-RealAudio/Asian (East)/women/id00763/00074.mp4,/Users/jeevikakiran/Documents/USC/Multimodal/Project/FakeAVCeleb_v1.2/FakeAVCeleb_v1.2/RealVideo-RealAudio/Asian (East)/women/id00763/00074.mp4,1,0,0,0,REAL,train
id03656__00052_id00220_wavtolip__a88f49cd53,id03656,id00220,-,wav2lip,D,FakeVideo-FakeAudio,African,women,00052_id00220_wavtolip.mp4,FakeVideo-FakeAudio/African/women/id03656,FakeVideo-FakeAudio/African/women/id03656/00052_id00220_wavtolip.mp4,/Users/jeevikakiran/Documents/USC/Multimodal/Project/FakeAVCeleb_v1.2/FakeAVCeleb_v1.2/FakeVideo-FakeAudio/African/women/id03656/00052_id00220_wavtolip.mp4,1,1,1,1,FAKE,train
id00179__00143_id04073_kt7b07wfwym_id00087_wavtolip__1dc39c23ad,id00179,id04073,id00087,fsgan-wav2lip,D,FakeVideo-FakeAudio,Caucasian (American),men,00143_id04073_KT7B07WFWyM_id00087_wavtolip.mp4,FakeVideo-FakeAudio/Caucasian (American)/men/id00179,FakeVideo-FakeAudio/Caucasian (American)/men/id00179/00143_id04073_KT7B07WFWyM_id00087_wavtolip.mp4,/Users/jeevikakiran/Documents/USC/Multimodal/Project/FakeAVCeleb_v1.2/FakeAVCeleb_v1.2/FakeVideo-FakeAudio/Caucasian (American)/men/id00179/00143_id04073_KT7B07WFWyM_id00087_wavtolip.mp4,1,1,1,1,FAKE,train
id04727__00007_id01036_wavtolip__b0bdcb3068,id04727,id01036,-,wav2lip,D,FakeVideo-FakeAudio,African,men,00007_id01036_wavtolip.mp4,FakeVideo-FakeAudio/African/men/id04727,FakeVideo-FakeAudio/African/men/id04727/00007_id01036_wavtolip.mp4,/Users/jeevikakiran/Documents/USC/Multimodal/Project/FakeAVCeleb_v1.2/FakeAVCeleb_v1.2/FakeVideo-FakeAudio/African/men/id04727/00007_id01036_wavtolip.mp4,1,1,1,1,FAKE,train
id04561__00248_fake__7f1fc9a2ed,id04561,fake.mp4,-,rtvc,B,RealVideo-FakeAudio,Asian (South),men,00248_fake.mp4,RealVideo-FakeAudio/Asian (South)/men/id04561,RealVideo-FakeAudio/Asian (South)/men/id04561/00248_fake.mp4,/Users/jeevikakiran/Documents/USC/Multimodal/Project/FakeAVCeleb_v1.2/FakeAVCeleb_v1.2/RealVideo-FakeAudio/Asian (South)/men/id04561/00248_fake.mp4,1,0,1,1,FAKE,val
id00458__00072__7cb4a954a2,id00458,-,-,real,A,RealVideo-RealAudio,Caucasian (American),women,00072.mp4,RealVideo-RealAudio/Caucasian (American)/women/id00458,RealVideo-RealAudio/Caucasian (American)/women/id00458/00072.mp4,/Users/jeevikakiran/Documents/USC/Multimodal/Project/FakeAVCeleb_v1.2/FakeAVCeleb_v1.2/RealVideo-RealAudio/Caucasian (American)/women/id00458/00072.mp4,1,0,0,0,REAL,train
id08613__00074_fake__2ef0670992,id08613,fake.mp4,-,rtvc,B,RealVideo-FakeAudio,Asian (East),men,00074_fake.mp4,RealVideo-FakeAudio/Asian (East)/men/id08613,RealVideo-FakeAudio/Asian (East)/men/id08613/00074_fake.mp4,/Users/jeevikakiran/Documents/USC/Multimodal/Project/FakeAVCeleb_v1.2/FakeAVCeleb_v1.2/RealVideo-FakeAudio/Asian (East)/men/id08613/00074_fake.mp4,1,0,1,1,FAKE,val
id02316__00094_id00987_wavtolip__6ca2c6e9d6,id02316,id00987,-,wav2lip,D,FakeVideo-FakeAudio,African,men,00094_id00987_wavtolip.mp4,FakeVideo-FakeAudio/African/men/id02316,FakeVideo-FakeAudio/African/men/id02316/00094_id00987_wavtolip.mp4,/Users/jeevikakiran/Documents/USC/Multimodal/Project/FakeAVCeleb_v1.2/FakeAVCeleb_v1.2/FakeVideo-FakeAudio/African/men/id02316/00094_id00987_wavtolip.mp4,1,1,1,1,FAKE,train
id01521__00109_id01452_wavtolip__9a36f10bae,id01521,id01452,-,wav2lip,C,FakeVideo-RealAudio,African,men,00109_id01452_wavtolip.mp4,FakeVideo-RealAudio/African/men/id01521,FakeVideo-RealAudio/African/men/id01521/00109_id01452_wavtolip.mp4,/Users/jeevikakiran/Documents/USC/Multimodal/Project/FakeAVCeleb_v1.2/FakeAVCeleb_v1.2/FakeVideo-RealAudio/African/men/id01521/00109_id01452_wavtolip.mp4,1,1,0,1,FAKE,train
id04705__00408_fake__c7eb3eeaf0,id04705,fake.mp4,-,rtvc,B,RealVideo-FakeAudio,African,women,00408_fake.mp4,RealVideo-FakeAudio/African/women/id04705,RealVideo-FakeAudio/African/women/id04705/00408_fake.mp4,/Users/jeevikakiran/Documents/USC/Multimodal/Project/FakeAVCeleb_v1.2/FakeAVCeleb_v1.2/RealVideo-FakeAudio/African/women/id04705/00408_fake.mp4,1,0,1,1,FAKE,train
id06535__00183_id04687_wavtolip__52ac32bba8,id06535,id04687,-,wav2lip,C,FakeVideo-RealAudio,Asian (East),men,00183_id04687_wavtolip.mp4,FakeVideo-RealAudio/Asian (East)/men/id06535,FakeVideo-RealAudio/Asian (East)/men/id06535/00183_id04687_wavtolip.mp4,/Users/jeevikakiran/Documents/USC/Multimodal/Project/FakeAVCeleb_v1.2/FakeAVCeleb_v1.2/FakeVideo-RealAudio/Asian (East)/men/id06535/00183_id04687_wavtolip.mp4,1,1,0,1,FAKE,train
id04437__00002__a742dcfbb4,id04437,-,-,real,A,RealVideo-RealAudio,African,women,00002.mp4,RealVideo-RealAudio/African/women/id04437,RealVideo-RealAudio/African/women/id04437/00002.mp4,/Users/jeevikakiran/Documents/USC/Multimodal/Project/FakeAVCeleb_v1.2/FakeAVCeleb_v1.2/RealVideo-RealAudio/African/women/id04437/00002.mp4,1,0,0,0,REAL,train
id06753__00021__5af4aded5b,id06753,-,-,real,A,RealVideo-RealAudio,Asian (South),men,00021.mp4,RealVideo-RealAudio/Asian (South)/men/id06753,RealVideo-RealAudio/Asian (South)/men/id06753/00021.mp4,/Users/jeevikakiran/Documents/USC/Multimodal/Project/FakeAVCeleb_v1.2/FakeAVCeleb_v1.2/RealVideo-RealAudio/Asian (South)/men/id06753/00021.mp4,1,0,0,0,REAL,train
id01216__00025__bb51ef5bab,id01216,-,-,real,A,RealVideo-RealAudio,Caucasian (American),women,00025.mp4,RealVideo-RealAudio/Caucasian (American)/women/id01216,RealVideo-RealAudio/Caucasian (American)/women/id01216/00025.mp4,/Users/jeevikakiran/Documents/USC/Multimodal/Project/FakeAVCeleb_v1.2/FakeAVCeleb_v1.2/RealVideo-RealAudio/Caucasian (American)/women/id01216/00025.mp4,1,0,0,0,REAL,train
id00685__00146_fake__595717963f,id00685,fake.mp4,-,rtvc,B,RealVideo-FakeAudio,Asian (South),men,00146_fake.mp4,RealVideo-FakeAudio/Asian (South)/men/id00685,RealVideo-FakeAudio/Asian (South)/men/id00685/00146_fake.mp4,/Users/jeevikakiran/Documents/USC/Multimodal/Project/FakeAVCeleb_v1.2/FakeAVCeleb_v1.2/RealVideo-FakeAudio/Asian (South)/men/id00685/00146_fake.mp4,1,0,1,1,FAKE,train
id00100__00028_id00180_wavtolip__e5bdf87ba8,id00100,id00180,-,wav2lip,D,FakeVideo-FakeAudio,Caucasian (American),women,00028_id00180_wavtolip.mp4,FakeVideo-FakeAudio/Caucasian (American)/women/id00100,FakeVideo-FakeAudio/Caucasian (American)/women/id00100/00028_id00180_wavtolip.mp4,/Users/jeevikakiran/Documents/USC/Multimodal/Project/FakeAVCeleb_v1.2/FakeAVCeleb_v1.2/FakeVideo-FakeAudio/Caucasian (American)/women/id00100/00028_id00180_wavtolip.mp4,1,1,1,1,FAKE,train
id09116__00026__65d186684b,id09116,-,-,real,A,RealVideo-RealAudio,Asian (East),women,00026.mp4,RealVideo-RealAudio/Asian (East)/women/id09116,RealVideo-RealAudio/Asian (East)/women/id09116/00026.mp4,/Users/jeevikakiran/Documents/USC/Multimodal/Project/FakeAVCeleb_v1.2/FakeAVCeleb_v1.2/RealVideo-RealAudio/Asian (East)/women/id09116/00026.mp4,1,0,0,0,REAL,train
id00379__00043_fake__8e5c3f3f20,id00379,fake.mp4,-,rtvc,B,RealVideo-FakeAudio,Caucasian (European),women,00043_fake.mp4,RealVideo-FakeAudio/Caucasian (European)/women/id00379,RealVideo-FakeAudio/Caucasian (European)/women/id00379/00043_fake.mp4,/Users/jeevikakiran/Documents/USC/Multimodal/Project/FakeAVCeleb_v1.2/FakeAVCeleb_v1.2/RealVideo-FakeAudio/Caucasian (European)/women/id00379/00043_fake.mp4,1,0,1,1,FAKE,train
id04562__00221__43df3f3db1,id04562,-,-,real,A,RealVideo-RealAudio,Asian (South),men,00221.mp4,RealVideo-RealAudio/Asian (South)/men/id04562,RealVideo-RealAudio/Asian (South)/men/id04562/00221.mp4,/Users/jeevikakiran/Documents/USC/Multimodal/Project/FakeAVCeleb_v1.2/FakeAVCeleb_v1.2/RealVideo-RealAudio/Asian (South)/men/id04562/00221.mp4,1,0,0,0,REAL,train
id00634__00078_id00897_wavtolip__924fb4bdd4,id00634,id00897,-,wav2lip,C,FakeVideo-RealAudio,Caucasian (European),women,00078_id00897_wavtolip.mp4,FakeVideo-RealAudio/Caucasian (European)/women/id00634,FakeVideo-RealAudio/Caucasian (European)/women/id00634/00078_id00897_wavtolip.mp4,/Users/jeevikakiran/Documents/USC/Multimodal/Project/FakeAVCeleb_v1.2/FakeAVCeleb_v1.2/FakeVideo-RealAudio/Caucasian (European)/women/id00634/00078_id00897_wavtolip.mp4,1,1,0,1,FAKE,train
id02587__00020__46a4a16407,id02587,-,-,real,A,RealVideo-RealAudio,Asian (East),women,00020.mp4,RealVideo-RealAudio/Asian (East)/women/id02587,RealVideo-RealAudio/Asian (East)/women/id02587/00020.mp4,/Users/jeevikakiran/Documents/USC/Multimodal/Project/FakeAVCeleb_v1.2/FakeAVCeleb_v1.2/RealVideo-RealAudio/Asian (East)/women/id02587/00020.mp4,1,0,0,0,REAL,train
id06535__00183__2fb8eb7f01,id06535,-,-,real,A,RealVideo-RealAudio,Asian (East),men,00183.mp4,RealVideo-RealAudio/Asian (East)/men/id06535,RealVideo-RealAudio/Asian (East)/men/id06535/00183.mp4,/Users/jeevikakiran/Documents/USC/Multimodal/Project/FakeAVCeleb_v1.2/FakeAVCeleb_v1.2/RealVideo-RealAudio/Asian (East)/men/id06535/00183.mp4,1,0,0,0,REAL,train
id00458__00072_id00190_wavtolip__9ff900ebba,id00458,id00190,-,wav2lip,D,FakeVideo-FakeAudio,Caucasian (American),women,00072_id00190_wavtolip.mp4,FakeVideo-FakeAudio/Caucasian (American)/women/id00458,FakeVideo-FakeAudio/Caucasian (American)/women/id00458/00072_id00190_wavtolip.mp4,/Users/jeevikakiran/Documents/USC/Multimodal/Project/FakeAVCeleb_v1.2/FakeAVCeleb_v1.2/FakeVideo-FakeAudio/Caucasian (American)/women/id00458/00072_id00190_wavtolip.mp4,1,1,1,1,FAKE,train
id07200__00045_id00745_eodnd1ul7ve_id07195_wavtolip__14e7ccffdd,id07200,id00745,id07195,fsgan-wav2lip,D,FakeVideo-FakeAudio,Asian (South),men,00045_id00745_eODND1ul7vE_id07195_wavtolip.mp4,FakeVideo-FakeAudio/Asian (South)/men/id07200,FakeVideo-FakeAudio/Asian (South)/men/id07200/00045_id00745_eODND1ul7vE_id07195_wavtolip.mp4,/Users/jeevikakiran/Documents/USC/Multimodal/Project/FakeAVCeleb_v1.2/FakeAVCeleb_v1.2/FakeVideo-FakeAudio/Asian (South)/men/id07200/00045_id00745_eODND1ul7vE_id07195_wavtolip.mp4,1,1,1,1,FAKE,train
id07463__00028__d914ecf547,id07463,-,-,real,A,RealVideo-RealAudio,Asian (South),men,00028.mp4,RealVideo-RealAudio/Asian (South)/men/id07463,RealVideo-RealAudio/Asian (South)/men/id07463/00028.mp4,/Users/jeevikakiran/Documents/USC/Multimodal/Project/FakeAVCeleb_v1.2/FakeAVCeleb_v1.2/RealVideo-RealAudio/Asian (South)/men/id07463/00028.mp4,1,0,0,0,REAL,train
id00253__00021_fake__8dfab0e2c9,id00253,fake.mp4,-,rtvc,B,RealVideo-FakeAudio,Caucasian (European),men,00021_fake.mp4,RealVideo-FakeAudio/Caucasian (European)/men/id00253,RealVideo-FakeAudio/Caucasian (European)/men/id00253/00021_fake.mp4,/Users/jeevikakiran/Documents/USC/Multimodal/Project/FakeAVCeleb_v1.2/FakeAVCeleb_v1.2/RealVideo-FakeAudio/Caucasian (European)/men/id00253/00021_fake.mp4,1,0,1,1,FAKE,train
id03858__00092_id00496_wavtolip__f19ee9f579,id03858,id00496,-,wav2lip,C,FakeVideo-RealAudio,Caucasian (European),women,00092_id00496_wavtolip.mp4,FakeVideo-RealAudio/Caucasian (European)/women/id03858,FakeVideo-RealAudio/Caucasian (European)/women/id03858/00092_id00496_wavtolip.mp4,/Users/jeevikakiran/Documents/USC/Multimodal/Project/FakeAVCeleb_v1.2/FakeAVCeleb_v1.2/FakeVideo-RealAudio/Caucasian (European)/women/id03858/00092_id00496_wavtolip.mp4,1,1,0,1,FAKE,train
id00761__00072_id01835_uzbwa0qfxxa_faceswap_id00761_wavtolip__b3abcf64ac,id00761,id01835,faceswap,faceswap-wav2lip,D,FakeVideo-FakeAudio,African,men,00072_id01835_UZbWA0QfXXA_faceswap_id00761_wavtolip.mp4,FakeVideo-FakeAudio/African/men/id00761,FakeVideo-FakeAudio/African/men/id00761/00072_id01835_UZbWA0QfXXA_faceswap_id00761_wavtolip.mp4,/Users/jeevikakiran/Documents/USC/Multimodal/Project/FakeAVCeleb_v1.2/FakeAVCeleb_v1.2/FakeVideo-FakeAudio/African/men/id00761/00072_id01835_UZbWA0QfXXA_faceswap_id00761_wavtolip.mp4,1,1,1,1,FAKE,train
id04701__00017_fake__2f73722204,id04701,fake.mp4,-,rtvc,B,RealVideo-FakeAudio,Asian (East),women,00017_fake.mp4,RealVideo-FakeAudio/Asian (East)/women/id04701,RealVideo-FakeAudio/Asian (East)/women/id04701/00017_fake.mp4,/Users/jeevikakiran/Documents/USC/Multimodal/Project/FakeAVCeleb_v1.2/FakeAVCeleb_v1.2/RealVideo-FakeAudio/Asian (East)/women/id04701/00017_fake.mp4,1,0,1,1,FAKE,train
id04057__00015__d8ed208369,id04057,-,-,real,A,RealVideo-RealAudio,Asian (East),women,00015.mp4,RealVideo-RealAudio/Asian (East)/women/id04057,RealVideo-RealAudio/Asian (East)/women/id04057/00015.mp4,/Users/jeevikakiran/Documents/USC/Multimodal/Project/FakeAVCeleb_v1.2/FakeAVCeleb_v1.2/RealVideo-RealAudio/Asian (East)/women/id04057/00015.mp4,1,0,0,0,REAL,train
id00325__00015_fake__5e65e7fe60,id00325,fake.mp4,-,rtvc,B,RealVideo-FakeAudio,Caucasian (European),women,00015_fake.mp4,RealVideo-FakeAudio/Caucasian (European)/women/id00325,RealVideo-FakeAudio/Caucasian (European)/women/id00325/00015_fake.mp4,/Users/jeevikakiran/Documents/USC/Multimodal/Project/FakeAVCeleb_v1.2/FakeAVCeleb_v1.2/RealVideo-FakeAudio/Caucasian (European)/women/id00325/00015_fake.mp4,1,0,1,1,FAKE,val
id00183__00015_id00305_wavtolip__ef182112ef,id00183,id00305,-,wav2lip,D,FakeVideo-FakeAudio,Caucasian (European),men,00015_id00305_wavtolip.mp4,FakeVideo-FakeAudio/Caucasian (European)/men/id00183,FakeVideo-FakeAudio/Caucasian (European)/men/id00183/00015_id00305_wavtolip.mp4,/Users/jeevikakiran/Documents/USC/Multimodal/Project/FakeAVCeleb_v1.2/FakeAVCeleb_v1.2/FakeVideo-FakeAudio/Caucasian (European)/men/id00183/00015_id00305_wavtolip.mp4,1,1,1,1,FAKE,train
id00577__00010__cfd37c228f,id00577,-,-,real,A,RealVideo-RealAudio,African,women,00010.mp4,RealVideo-RealAudio/African/women/id00577,RealVideo-RealAudio/African/women/id00577/00010.mp4,/Users/jeevikakiran/Documents/USC/Multimodal/Project/FakeAVCeleb_v1.2/FakeAVCeleb_v1.2/RealVideo-RealAudio/African/women/id00577/00010.mp4,1,0,0,0,REAL,train
id00777__00160__d5aec0e085,id00777,-,-,real,A,RealVideo-RealAudio,Caucasian (American),men,00160.mp4,RealVideo-RealAudio/Caucasian (American)/men/id00777,RealVideo-RealAudio/Caucasian (American)/men/id00777/00160.mp4,/Users/jeevikakiran/Documents/USC/Multimodal/Project/FakeAVCeleb_v1.2/FakeAVCeleb_v1.2/RealVideo-RealAudio/Caucasian (American)/men/id00777/00160.mp4,1,0,0,0,REAL,val
id02561__02561__e3315ae0f7,id02561,-,-,real,A,RealVideo-RealAudio,Asian (East),men,02561.mp4,RealVideo-RealAudio/Asian (East)/men/id02561,RealVideo-RealAudio/Asian (East)/men/id02561/02561.mp4,/Users/jeevikakiran/Documents/USC/Multimodal/Project/FakeAVCeleb_v1.2/FakeAVCeleb_v1.2/RealVideo-RealAudio/Asian (East)/men/id02561/02561.mp4,1,0,0,0,REAL,train
id01528__00017__26e70d0cef,id01528,-,-,real,A,RealVideo-RealAudio,African,men,00017.mp4,RealVideo-RealAudio/African/men/id01528,RealVideo-RealAudio/African/men/id01528/00017.mp4,/Users/jeevikakiran/Documents/USC/Multimodal/Project/FakeAVCeleb_v1.2/FakeAVCeleb_v1.2/RealVideo-RealAudio/African/men/id01528/00017.mp4,1,0,0,0,REAL,train
id02808__00056__9d4291bf8d,id02808,-,-,real,A,RealVideo-RealAudio,African,women,00056.mp4,RealVideo-RealAudio/African/women/id02808,RealVideo-RealAudio/African/women/id02808/00056.mp4,/Users/jeevikakiran/Documents/USC/Multimodal/Project/FakeAVCeleb_v1.2/FakeAVCeleb_v1.2/RealVideo-RealAudio/African/women/id02808/00056.mp4,1,0,0,0,REAL,val
id02268__00036__4d71943712,id02268,-,-,real,A,RealVideo-RealAudio,African,men,00036.mp4,RealVideo-RealAudio/African/men/id02268,RealVideo-RealAudio/African/men/id02268/00036.mp4,/Users/jeevikakiran/Documents/USC/Multimodal/Project/FakeAVCeleb_v1.2/FakeAVCeleb_v1.2/RealVideo-RealAudio/African/men/id02268/00036.mp4,1,0,0,0,REAL,train
id08652__00006__2197cf1e33,id08652,-,-,real,A,RealVideo-RealAudio,Asian (East),men,00006.mp4,RealVideo-RealAudio/Asian (East)/men/id08652,RealVideo-RealAudio/Asian (East)/men/id08652/00006.mp4,/Users/jeevikakiran/Documents/USC/Multimodal/Project/FakeAVCeleb_v1.2/FakeAVCeleb_v1.2/RealVideo-RealAudio/Asian (East)/men/id08652/00006.mp4,1,0,0,0,REAL,train
id03656__00052_id05251_wavtolip__89170759da,id03656,id05251,-,wav2lip,C,FakeVideo-RealAudio,African,women,00052_id05251_wavtolip.mp4,FakeVideo-RealAudio/African/women/id03656,FakeVideo-RealAudio/African/women/id03656/00052_id05251_wavtolip.mp4,/Users/jeevikakiran/Documents/USC/Multimodal/Project/FakeAVCeleb_v1.2/FakeAVCeleb_v1.2/FakeVideo-RealAudio/African/women/id03656/00052_id05251_wavtolip.mp4,1,1,0,1,FAKE,train
id06388__00005__3f5e20c408,id06388,-,-,real,A,RealVideo-RealAudio,Asian (East),women,00005.mp4,RealVideo-RealAudio/Asian (East)/women/id06388,RealVideo-RealAudio/Asian (East)/women/id06388/00005.mp4,/Users/jeevikakiran/Documents/USC/Multimodal/Project/FakeAVCeleb_v1.2/FakeAVCeleb_v1.2/RealVideo-RealAudio/Asian (East)/women/id06388/00005.mp4,1,0,0,0,REAL,train
id01026__00083_fake__ece5aa8fba,id01026,fake.mp4,-,rtvc,B,RealVideo-FakeAudio,Asian (South),women,00083_fake.mp4,RealVideo-FakeAudio/Asian (South)/women/id01026,RealVideo-FakeAudio/Asian (South)/women/id01026/00083_fake.mp4,/Users/jeevikakiran/Documents/USC/Multimodal/Project/FakeAVCeleb_v1.2/FakeAVCeleb_v1.2/RealVideo-FakeAudio/Asian (South)/women/id01026/00083_fake.mp4,1,0,1,1,FAKE,val
id00383__00171_fake__d4ad3b8716,id00383,fake.mp4,-,rtvc,B,RealVideo-FakeAudio,Caucasian (American),women,00171_fake.mp4,RealVideo-FakeAudio/Caucasian (American)/women/id00383,RealVideo-FakeAudio/Caucasian (American)/women/id00383/00171_fake.mp4,/Users/jeevikakiran/Documents/USC/Multimodal/Project/FakeAVCeleb_v1.2/FakeAVCeleb_v1.2/RealVideo-FakeAudio/Caucasian (American)/women/id00383/00171_fake.mp4,1,0,1,1,FAKE,train
id04582__00180_id07689_wavtolip__e8339aec1d,id04582,id07689,-,wav2lip,C,FakeVideo-RealAudio,Asian (South),women,00180_id07689_wavtolip.mp4,FakeVideo-RealAudio/Asian (South)/women/id04582,FakeVideo-RealAudio/Asian (South)/women/id04582/00180_id07689_wavtolip.mp4,/Users/jeevikakiran/Documents/USC/Multimodal/Project/FakeAVCeleb_v1.2/FakeAVCeleb_v1.2/FakeVideo-RealAudio/Asian (South)/women/id04582/00180_id07689_wavtolip.mp4,1,1,0,1,FAKE,train
id07338__00003__8ad5f6a510,id07338,-,-,real,A,RealVideo-RealAudio,Asian (East),men,00003.mp4,RealVideo-RealAudio/Asian (East)/men/id07338,RealVideo-RealAudio/Asian (East)/men/id07338/00003.mp4,/Users/jeevikakiran/Documents/USC/Multimodal/Project/FakeAVCeleb_v1.2/FakeAVCeleb_v1.2/RealVideo-RealAudio/Asian (East)/men/id07338/00003.mp4,1,0,0,0,REAL,train
id01171__00053_id00761_wavtolip__6ed61d6a7b,id01171,id00761,-,wav2lip,C,FakeVideo-RealAudio,African,men,00053_id00761_wavtolip.mp4,FakeVideo-RealAudio/African/men/id01171,FakeVideo-RealAudio/African/men/id01171/00053_id00761_wavtolip.mp4,/Users/jeevikakiran/Documents/USC/Multimodal/Project/FakeAVCeleb_v1.2/FakeAVCeleb_v1.2/FakeVideo-RealAudio/African/men/id01171/00053_id00761_wavtolip.mp4,1,1,0,1,FAKE,train
id00519__00028__cc4c987755,id00519,-,-,real,A,RealVideo-RealAudio,Caucasian (European),men,00028.mp4,RealVideo-RealAudio/Caucasian (European)/men/id00519,RealVideo-RealAudio/Caucasian (European)/men/id00519/00028.mp4,/Users/jeevikakiran/Documents/USC/Multimodal/Project/FakeAVCeleb_v1.2/FakeAVCeleb_v1.2/RealVideo-RealAudio/Caucasian (European)/men/id00519/00028.mp4,1,0,0,0,REAL,train
id00461__00043_id03815_wavtolip__483b59d59e,id00461,id03815,-,wav2lip,D,FakeVideo-FakeAudio,Asian (South),women,00043_id03815_wavtolip.mp4,FakeVideo-FakeAudio/Asian (South)/women/id00461,FakeVideo-FakeAudio/Asian (South)/women/id00461/00043_id03815_wavtolip.mp4,/Users/jeevikakiran/Documents/USC/Multimodal/Project/FakeAVCeleb_v1.2/FakeAVCeleb_v1.2/FakeVideo-FakeAudio/Asian (South)/women/id00461/00043_id03815_wavtolip.mp4,1,1,1,1,FAKE,train
id00261__00048__c30f891da1,id00261,-,-,real,A,RealVideo-RealAudio,Caucasian (American),women,00048.mp4,RealVideo-RealAudio/Caucasian (American)/women/id00261,RealVideo-RealAudio/Caucasian (American)/women/id00261/00048.mp4,/Users/jeevikakiran/Documents/USC/Multimodal/Project/FakeAVCeleb_v1.2/FakeAVCeleb_v1.2/RealVideo-RealAudio/Caucasian (American)/women/id00261/00048.mp4,1,0,0,0,REAL,train
id00752__00340_fake__35eee40224,id00752,fake.mp4,-,rtvc,B,RealVideo-FakeAudio,Caucasian (American),women,00340_fake.mp4,RealVideo-FakeAudio/Caucasian (American)/women/id00752,RealVideo-FakeAudio/Caucasian (American)/women/id00752/00340_fake.mp4,/Users/jeevikakiran/Documents/USC/Multimodal/Project/FakeAVCeleb_v1.2/FakeAVCeleb_v1.2/RealVideo-FakeAudio/Caucasian (American)/women/id00752/00340_fake.mp4,1,0,1,1,FAKE,train
id06334__00015__a56249c67f,id06334,-,-,real,A,RealVideo-RealAudio,Asian (South),men,00015.mp4,RealVideo-RealAudio/Asian (South)/men/id06334,RealVideo-RealAudio/Asian (South)/men/id06334/00015.mp4,/Users/jeevikakiran/Documents/USC/Multimodal/Project/FakeAVCeleb_v1.2/FakeAVCeleb_v1.2/RealVideo-RealAudio/Asian (South)/men/id06334/00015.mp4,1,0,0,0,REAL,train
id03344__00114_fake__32215051f9,id03344,fake.mp4,-,rtvc,B,RealVideo-FakeAudio,Asian (South),men,00114_fake.mp4,RealVideo-FakeAudio/Asian (South)/men/id03344,RealVideo-FakeAudio/Asian (South)/men/id03344/00114_fake.mp4,/Users/jeevikakiran/Documents/USC/Multimodal/Project/FakeAVCeleb_v1.2/FakeAVCeleb_v1.2/RealVideo-FakeAudio/Asian (South)/men/id03344/00114_fake.mp4,1,0,1,1,FAKE,train
id02619__00015__3252f32434,id02619,-,-,real,A,RealVideo-RealAudio,Asian (South),women,00015.mp4,RealVideo-RealAudio/Asian (South)/women/id02619,RealVideo-RealAudio/Asian (South)/women/id02619/00015.mp4,/Users/jeevikakiran/Documents/USC/Multimodal/Project/FakeAVCeleb_v1.2/FakeAVCeleb_v1.2/RealVideo-RealAudio/Asian (South)/women/id02619/00015.mp4,1,0,0,0,REAL,train
id00241__00015__d52cff9229,id00241,-,-,real,A,RealVideo-RealAudio,Caucasian (European),men,00015.mp4,RealVideo-RealAudio/Caucasian (European)/men/id00241,RealVideo-RealAudio/Caucasian (European)/men/id00241/00015.mp4,/Users/jeevikakiran/Documents/USC/Multimodal/Project/FakeAVCeleb_v1.2/FakeAVCeleb_v1.2/RealVideo-RealAudio/Caucasian (European)/men/id00241/00015.mp4,1,0,0,0,REAL,train
id00087__00002_id04216_wavtolip__bde20e975d,id00087,id04216,-,wav2lip,C,FakeVideo-RealAudio,Caucasian (American),men,00002_id04216_wavtolip.mp4,FakeVideo-RealAudio/Caucasian (American)/men/id00087,FakeVideo-RealAudio/Caucasian (American)/men/id00087/00002_id04216_wavtolip.mp4,/Users/jeevikakiran/Documents/USC/Multimodal/Project/FakeAVCeleb_v1.2/FakeAVCeleb_v1.2/FakeVideo-RealAudio/Caucasian (American)/men/id00087/00002_id04216_wavtolip.mp4,1,1,0,1,FAKE,train
id01178__00028__1b803c44dd,id01178,-,-,real,A,RealVideo-RealAudio,African,women,00028.mp4,RealVideo-RealAudio/African/women/id01178,RealVideo-RealAudio/African/women/id01178/00028.mp4,/Users/jeevikakiran/Documents/USC/Multimodal/Project/FakeAVCeleb_v1.2/FakeAVCeleb_v1.2/RealVideo-RealAudio/African/women/id01178/00028.mp4,1,0,0,0,REAL,val
id01838__00126_fake__fe51c4a2c2,id01838,fake.mp4,-,rtvc,B,RealVideo-FakeAudio,African,women,00126_fake.mp4,RealVideo-FakeAudio/African/women/id01838,RealVideo-FakeAudio/African/women/id01838/00126_fake.mp4,/Users/jeevikakiran/Documents/USC/Multimodal/Project/FakeAVCeleb_v1.2/FakeAVCeleb_v1.2/RealVideo-FakeAudio/African/women/id01838/00126_fake.mp4,1,0,1,1,FAKE,train
id02342__00191_id02005_7_egh9mw5y4_id00944_wavtolip__1529418786,id02342,id02005,Egh9mW5y4,fsgan-wav2lip,D,FakeVideo-FakeAudio,African,men,00191_id02005_7_Egh9mW5y4_id00944_wavtolip.mp4,FakeVideo-FakeAudio/African/men/id02342,FakeVideo-FakeAudio/African/men/id02342/00191_id02005_7_Egh9mW5y4_id00944_wavtolip.mp4,/Users/jeevikakiran/Documents/USC/Multimodal/Project/FakeAVCeleb_v1.2/FakeAVCeleb_v1.2/FakeVideo-FakeAudio/African/men/id02342/00191_id02005_7_Egh9mW5y4_id00944_wavtolip.mp4,1,1,1,1,FAKE,train
id00373__00028_id00328_ytkncbjsecu__6ab743306b,id00373,id00328,-,fsgan,C,FakeVideo-RealAudio,Caucasian (European),women,00028_id00328_ytKnCbJSEcU.mp4,FakeVideo-RealAudio/Caucasian (European)/women/id00373,FakeVideo-RealAudio/Caucasian (European)/women/id00373/00028_id00328_ytKnCbJSEcU.mp4,/Users/jeevikakiran/Documents/USC/Multimodal/Project/FakeAVCeleb_v1.2/FakeAVCeleb_v1.2/FakeVideo-RealAudio/Caucasian (European)/women/id00373/00028_id00328_ytKnCbJSEcU.mp4,1,1,0,1,FAKE,train
id00491__00122_id00188_e_vm5fb3ida_id00325_wavtolip__d13c24d28a,id00491,id00188,id00325,fsgan-wav2lip,D,FakeVideo-FakeAudio,Caucasian (European),women,00122_id00188_e-vm5FB3idA_id00325_wavtolip.mp4,FakeVideo-FakeAudio/Caucasian (European)/women/id00491,FakeVideo-FakeAudio/Caucasian (European)/women/id00491/00122_id00188_e-vm5FB3idA_id00325_wavtolip.mp4,/Users/jeevikakiran/Documents/USC/Multimodal/Project/FakeAVCeleb_v1.2/FakeAVCeleb_v1.2/FakeVideo-FakeAudio/Caucasian (European)/women/id00491/00122_id00188_e-vm5FB3idA_id00325_wavtolip.mp4,1,1,1,1,FAKE,train
id01048__00160_2_id01182_wavtolip__4175344391,id01048,2,-,faceswap-wav2lip,D,FakeVideo-FakeAudio,Caucasian (American),men,00160_2_id01182_wavtolip.mp4,FakeVideo-FakeAudio/Caucasian (American)/men/id01048,FakeVideo-FakeAudio/Caucasian (American)/men/id01048/00160_2_id01182_wavtolip.mp4,/Users/jeevikakiran/Documents/USC/Multimodal/Project/FakeAVCeleb_v1.2/FakeAVCeleb_v1.2/FakeVideo-FakeAudio/Caucasian (American)/men/id01048/00160_2_id01182_wavtolip.mp4,1,1,1,1,FAKE,train
id00381__00030_fake__249588be16,id00381,fake.mp4,-,rtvc,B,RealVideo-FakeAudio,Caucasian (American),women,00030_fake.mp4,RealVideo-FakeAudio/Caucasian (American)/women/id00381,RealVideo-FakeAudio/Caucasian (American)/women/id00381/00030_fake.mp4,/Users/jeevikakiran/Documents/USC/Multimodal/Project/FakeAVCeleb_v1.2/FakeAVCeleb_v1.2/RealVideo-FakeAudio/Caucasian (American)/women/id00381/00030_fake.mp4,1,0,1,1,FAKE,train
id00417__00069_id03897_wavtolip__6783707ba4,id00417,id03897,-,wav2lip,C,FakeVideo-RealAudio,Asian (South),women,00069_id03897_wavtolip.mp4,FakeVideo-RealAudio/Asian (South)/women/id00417,FakeVideo-RealAudio/Asian (South)/women/id00417/00069_id03897_wavtolip.mp4,/Users/jeevikakiran/Documents/USC/Multimodal/Project/FakeAVCeleb_v1.2/FakeAVCeleb_v1.2/FakeVideo-RealAudio/Asian (South)/women/id00417/00069_id03897_wavtolip.mp4,1,1,0,1,FAKE,train
id09175__00072__e9f1d51b65,id09175,-,-,real,A,RealVideo-RealAudio,Asian (East),women,00072.mp4,RealVideo-RealAudio/Asian (East)/women/id09175,RealVideo-RealAudio/Asian (East)/women/id09175/00072.mp4,/Users/jeevikakiran/Documents/USC/Multimodal/Project/FakeAVCeleb_v1.2/FakeAVCeleb_v1.2/RealVideo-RealAudio/Asian (East)/women/id09175/00072.mp4,1,0,0,0,REAL,train
id01245__00028_id02466_wavtolip__4116e18e1a,id01245,id02466,-,wav2lip,C,FakeVideo-RealAudio,Caucasian (American),women,00028_id02466_wavtolip.mp4,FakeVideo-RealAudio/Caucasian (American)/women/id01245,FakeVideo-RealAudio/Caucasian (American)/women/id01245/00028_id02466_wavtolip.mp4,/Users/jeevikakiran/Documents/USC/Multimodal/Project/FakeAVCeleb_v1.2/FakeAVCeleb_v1.2/FakeVideo-RealAudio/Caucasian (American)/women/id01245/00028_id02466_wavtolip.mp4,1,1,0,1,FAKE,val
id00292__00072__04707cb96d,id00292,-,-,real,A,RealVideo-RealAudio,Caucasian (European),men,00072.mp4,RealVideo-RealAudio/Caucasian (European)/men/id00292,RealVideo-RealAudio/Caucasian (European)/men/id00292/00072.mp4,/Users/jeevikakiran/Documents/USC/Multimodal/Project/FakeAVCeleb_v1.2/FakeAVCeleb_v1.2/RealVideo-RealAudio/Caucasian (European)/men/id00292/00072.mp4,1,0,0,0,REAL,train
id00253__00021__afd4cde503,id00253,-,-,real,A,RealVideo-RealAudio,Caucasian (European),men,00021.mp4,RealVideo-RealAudio/Caucasian (European)/men/id00253,RealVideo-RealAudio/Caucasian (European)/men/id00253/00021.mp4,/Users/jeevikakiran/Documents/USC/Multimodal/Project/FakeAVCeleb_v1.2/FakeAVCeleb_v1.2/RealVideo-RealAudio/Caucasian (European)/men/id00253/00021.mp4,1,0,0,0,REAL,train
id00328__00092__26d6e5e891,id00328,-,-,real,A,RealVideo-RealAudio,Caucasian (European),women,00092.mp4,RealVideo-RealAudio/Caucasian (European)/women/id00328,RealVideo-RealAudio/Caucasian (European)/women/id00328/00092.mp4,/Users/jeevikakiran/Documents/USC/Multimodal/Project/FakeAVCeleb_v1.2/FakeAVCeleb_v1.2/RealVideo-RealAudio/Caucasian (European)/women/id00328/00092.mp4,1,0,0,0,REAL,train
id05920__00161__235f0a0c41,id05920,-,-,real,A,RealVideo-RealAudio,Asian (South),women,00161.mp4,RealVideo-RealAudio/Asian (South)/women/id05920,RealVideo-RealAudio/Asian (South)/women/id05920/00161.mp4,/Users/jeevikakiran/Documents/USC/Multimodal/Project/FakeAVCeleb_v1.2/FakeAVCeleb_v1.2/RealVideo-RealAudio/Asian (South)/women/id05920/00161.mp4,1,0,0,0,REAL,train
id00169__00021__e8d744860b,id00169,-,-,real,A,RealVideo-RealAudio,Caucasian (American),men,00021.mp4,RealVideo-RealAudio/Caucasian (American)/men/id00169,RealVideo-RealAudio/Caucasian (American)/men/id00169/00021.mp4,/Users/jeevikakiran/Documents/USC/Multimodal/Project/FakeAVCeleb_v1.2/FakeAVCeleb_v1.2/RealVideo-RealAudio/Caucasian (American)/men/id00169/00021.mp4,1,0,0,0,REAL,train
id07210__00005_fake__ddb82af84f,id07210,fake.mp4,-,rtvc,B,RealVideo-FakeAudio,Asian (South),men,00005_fake.mp4,RealVideo-FakeAudio/Asian (South)/men/id07210,RealVideo-FakeAudio/Asian (South)/men/id07210/00005_fake.mp4,/Users/jeevikakiran/Documents/USC/Multimodal/Project/FakeAVCeleb_v1.2/FakeAVCeleb_v1.2/RealVideo-FakeAudio/Asian (South)/men/id07210/00005_fake.mp4,1,0,1,1,FAKE,train
id06437__00028__e9d7ad52d4,id06437,-,-,real,A,RealVideo-RealAudio,Asian (South),women,00028.mp4,RealVideo-RealAudio/Asian (South)/women/id06437,RealVideo-RealAudio/Asian (South)/women/id06437/00028.mp4,/Users/jeevikakiran/Documents/USC/Multimodal/Project/FakeAVCeleb_v1.2/FakeAVCeleb_v1.2/RealVideo-RealAudio/Asian (South)/women/id06437/00028.mp4,1,0,0,0,REAL,train
id00332__00293__8cd97296f4,id00332,-,-,real,A,RealVideo-RealAudio,Caucasian (European),women,00293.mp4,RealVideo-RealAudio/Caucasian (European)/women/id00332,RealVideo-RealAudio/Caucasian (European)/women/id00332/00293.mp4,/Users/jeevikakiran/Documents/USC/Multimodal/Project/FakeAVCeleb_v1.2/FakeAVCeleb_v1.2/RealVideo-RealAudio/Caucasian (European)/women/id00332/00293.mp4,1,0,0,0,REAL,train
id00579__00030__6e9ca83e32,id00579,-,-,real,A,RealVideo-RealAudio,Asian (East),women,00030.mp4,RealVideo-RealAudio/Asian (East)/women/id00579,RealVideo-RealAudio/Asian (East)/women/id00579/00030.mp4,/Users/jeevikakiran/Documents/USC/Multimodal/Project/FakeAVCeleb_v1.2/FakeAVCeleb_v1.2/RealVideo-RealAudio/Asian (East)/women/id00579/00030.mp4,1,0,0,0,REAL,val
id01451__00099__46b05db6f5,id01451,-,-,real,A,RealVideo-RealAudio,Asian (East),women,00099.mp4,RealVideo-RealAudio/Asian (East)/women/id01451,RealVideo-RealAudio/Asian (East)/women/id01451/00099.mp4,/Users/jeevikakiran/Documents/USC/Multimodal/Project/FakeAVCeleb_v1.2/FakeAVCeleb_v1.2/RealVideo-RealAudio/Asian (East)/women/id01451/00099.mp4,1,0,0,0,REAL,train
id06438__00110_id00488_wavtolip__228632b728,id06438,id00488,-,wav2lip,C,FakeVideo-RealAudio,Asian (South),women,00110_id00488_wavtolip.mp4,FakeVideo-RealAudio/Asian (South)/women/id06438,FakeVideo-RealAudio/Asian (South)/women/id06438/00110_id00488_wavtolip.mp4,/Users/jeevikakiran/Documents/USC/Multimodal/Project/FakeAVCeleb_v1.2/FakeAVCeleb_v1.2/FakeVideo-RealAudio/Asian (South)/women/id06438/00110_id00488_wavtolip.mp4,1,1,0,1,FAKE,val
id07383__00011_id06061_tckvmwr97vo__8837b1755b,id07383,id06061,-,fsgan,C,FakeVideo-RealAudio,Asian (East),women,00011_id06061_TckvmWR97vo.mp4,FakeVideo-RealAudio/Asian (East)/women/id07383,FakeVideo-RealAudio/Asian (East)/women/id07383/00011_id06061_TckvmWR97vo.mp4,/Users/jeevikakiran/Documents/USC/Multimodal/Project/FakeAVCeleb_v1.2/FakeAVCeleb_v1.2/FakeVideo-RealAudio/Asian (East)/women/id07383/00011_id06061_TckvmWR97vo.mp4,1,1,0,1,FAKE,train
id07078__00405__87c1725073,id07078,-,-,real,A,RealVideo-RealAudio,Asian (South),women,00405.mp4,RealVideo-RealAudio/Asian (South)/women/id07078,RealVideo-RealAudio/Asian (South)/women/id07078/00405.mp4,/Users/jeevikakiran/Documents/USC/Multimodal/Project/FakeAVCeleb_v1.2/FakeAVCeleb_v1.2/RealVideo-RealAudio/Asian (South)/women/id07078/00405.mp4,1,0,0,0,REAL,train
id06437__00028_id07008_wavtolip__5a7c657537,id06437,id07008,-,wav2lip,C,FakeVideo-RealAudio,Asian (South),women,00028_id07008_wavtolip.mp4,FakeVideo-RealAudio/Asian (South)/women/id06437,FakeVideo-RealAudio/Asian (South)/women/id06437/00028_id07008_wavtolip.mp4,/Users/jeevikakiran/Documents/USC/Multimodal/Project/FakeAVCeleb_v1.2/FakeAVCeleb_v1.2/FakeVideo-RealAudio/Asian (South)/women/id06437/00028_id07008_wavtolip.mp4,1,1,0,1,FAKE,val
id00589__00130__f98f761625,id00589,-,-,real,A,RealVideo-RealAudio,Caucasian (European),women,00130.mp4,RealVideo-RealAudio/Caucasian (European)/women/id00589,RealVideo-RealAudio/Caucasian (European)/women/id00589/00130.mp4,/Users/jeevikakiran/Documents/USC/Multimodal/Project/FakeAVCeleb_v1.2/FakeAVCeleb_v1.2/RealVideo-RealAudio/Caucasian (European)/women/id00589/00130.mp4,1,0,0,0,REAL,train
id00919__00063_id00171_wavtolip__63a9485cab,id00919,id00171,-,wav2lip,D,FakeVideo-FakeAudio,Caucasian (European),men,00063_id00171_wavtolip.mp4,FakeVideo-FakeAudio/Caucasian (European)/men/id00919,FakeVideo-FakeAudio/Caucasian (European)/men/id00919/00063_id00171_wavtolip.mp4,/Users/jeevikakiran/Documents/USC/Multimodal/Project/FakeAVCeleb_v1.2/FakeAVCeleb_v1.2/FakeVideo-FakeAudio/Caucasian (European)/men/id00919/00063_id00171_wavtolip.mp4,1,1,1,1,FAKE,train
id03371__00430_fake__4d18bf2c17,id03371,fake.mp4,-,rtvc,B,RealVideo-FakeAudio,Caucasian (European),women,00430_fake.mp4,RealVideo-FakeAudio/Caucasian (European)/women/id03371,RealVideo-FakeAudio/Caucasian (European)/women/id03371/00430_fake.mp4,/Users/jeevikakiran/Documents/USC/Multimodal/Project/FakeAVCeleb_v1.2/FakeAVCeleb_v1.2/RealVideo-FakeAudio/Caucasian (European)/women/id03371/00430_fake.mp4,1,0,1,1,FAKE,train
id01201__00028__ff5484565e,id01201,-,-,real,A,RealVideo-RealAudio,Caucasian (American),men,00028.mp4,RealVideo-RealAudio/Caucasian (American)/men/id01201,RealVideo-RealAudio/Caucasian (American)/men/id01201/00028.mp4,/Users/jeevikakiran/Documents/USC/Multimodal/Project/FakeAVCeleb_v1.2/FakeAVCeleb_v1.2/RealVideo-RealAudio/Caucasian (American)/men/id01201/00028.mp4,1,0,0,0,REAL,train
id00234__00063__19591230a6,id00234,-,-,real,A,RealVideo-RealAudio,Caucasian (European),women,00063.mp4,RealVideo-RealAudio/Caucasian (European)/women/id00234,RealVideo-RealAudio/Caucasian (European)/women/id00234/00063.mp4,/Users/jeevikakiran/Documents/USC/Multimodal/Project/FakeAVCeleb_v1.2/FakeAVCeleb_v1.2/RealVideo-RealAudio/Caucasian (European)/women/id00234/00063.mp4,1,0,0,0,REAL,train
id00373__00028__ddda3a4f12,id00373,-,-,real,A,RealVideo-RealAudio,Caucasian (European),women,00028.mp4,RealVideo-RealAudio/Caucasian (European)/women/id00373,RealVideo-RealAudio/Caucasian (European)/women/id00373/00028.mp4,/Users/jeevikakiran/Documents/USC/Multimodal/Project/FakeAVCeleb_v1.2/FakeAVCeleb_v1.2/RealVideo-RealAudio/Caucasian (European)/women/id00373/00028.mp4,1,0,0,0,REAL,val
id03965__00051_fake__3c96d09230,id03965,fake.mp4,-,rtvc,B,RealVideo-FakeAudio,Asian (East),men,00051_fake.mp4,RealVideo-FakeAudio/Asian (East)/men/id03965,RealVideo-FakeAudio/Asian (East)/men/id03965/00051_fake.mp4,/Users/jeevikakiran/Documents/USC/Multimodal/Project/FakeAVCeleb_v1.2/FakeAVCeleb_v1.2/RealVideo-FakeAudio/Asian (East)/men/id03965/00051_fake.mp4,1,0,1,1,FAKE,train
id06065__00160_id06158_c6fphdeweza__a3fdc8a423,id06065,id06158,-,fsgan,C,FakeVideo-RealAudio,Asian (East),women,00160_id06158_C6FpHdewEzA.mp4,FakeVideo-RealAudio/Asian (East)/women/id06065,FakeVideo-RealAudio/Asian (East)/women/id06065/00160_id06158_C6FpHdewEzA.mp4,/Users/jeevikakiran/Documents/USC/Multimodal/Project/FakeAVCeleb_v1.2/FakeAVCeleb_v1.2/FakeVideo-RealAudio/Asian (East)/women/id06065/00160_id06158_C6FpHdewEzA.mp4,1,1,0,1,FAKE,train
id01163__00195_fake__379ebdf4a6,id01163,fake.mp4,-,rtvc,B,RealVideo-FakeAudio,Caucasian (American),men,00195_fake.mp4,RealVideo-FakeAudio/Caucasian (American)/men/id01163,RealVideo-FakeAudio/Caucasian (American)/men/id01163/00195_fake.mp4,/Users/jeevikakiran/Documents/USC/Multimodal/Project/FakeAVCeleb_v1.2/FakeAVCeleb_v1.2/RealVideo-FakeAudio/Caucasian (American)/men/id01163/00195_fake.mp4,1,0,1,1,FAKE,train
id03556__00043_id00575_ipfjcajq84y__91f6a74976,id03556,id00575,-,fsgan,C,FakeVideo-RealAudio,Caucasian (American),women,00043_id00575_iPfJcAJQ84Y.mp4,FakeVideo-RealAudio/Caucasian (American)/women/id03556,FakeVideo-RealAudio/Caucasian (American)/women/id03556/00043_id00575_iPfJcAJQ84Y.mp4,/Users/jeevikakiran/Documents/USC/Multimodal/Project/FakeAVCeleb_v1.2/FakeAVCeleb_v1.2/FakeVideo-RealAudio/Caucasian (American)/women/id03556/00043_id00575_iPfJcAJQ84Y.mp4,1,1,0,1,FAKE,train
id00306__00015_id01058_2dkbojf3wyo_faceswap_id00535_wavtolip__85a9f56ce4,id00306,id01058,faceswap,faceswap-wav2lip,D,FakeVideo-FakeAudio,Caucasian (European),men,00015_id01058_2DKbOjf3Wyo_faceswap_id00535_wavtolip.mp4,FakeVideo-FakeAudio/Caucasian (European)/men/id00306,FakeVideo-FakeAudio/Caucasian (European)/men/id00306/00015_id01058_2DKbOjf3Wyo_faceswap_id00535_wavtolip.mp4,/Users/jeevikakiran/Documents/USC/Multimodal/Project/FakeAVCeleb_v1.2/FakeAVCeleb_v1.2/FakeVideo-FakeAudio/Caucasian (European)/men/id00306/00015_id01058_2DKbOjf3Wyo_faceswap_id00535_wavtolip.mp4,1,1,1,1,FAKE,train
id03781__00113__8bfcf35012,id03781,-,-,real,A,RealVideo-RealAudio,Caucasian (American),women,00113.mp4,RealVideo-RealAudio/Caucasian (American)/women/id03781,RealVideo-RealAudio/Caucasian (American)/women/id03781/00113.mp4,/Users/jeevikakiran/Documents/USC/Multimodal/Project/FakeAVCeleb_v1.2/FakeAVCeleb_v1.2/RealVideo-RealAudio/Caucasian (American)/women/id03781/00113.mp4,1,0,0,0,REAL,train
id02493__00073__18eec1f8bc,id02493,-,-,real,A,RealVideo-RealAudio,Asian (East),men,00073.mp4,RealVideo-RealAudio/Asian (East)/men/id02493,RealVideo-RealAudio/Asian (East)/men/id02493/00073.mp4,/Users/jeevikakiran/Documents/USC/Multimodal/Project/FakeAVCeleb_v1.2/FakeAVCeleb_v1.2/RealVideo-RealAudio/Asian (East)/men/id02493/00073.mp4,1,0,0,0,REAL,train
id00685__00146__4d761860b7,id00685,-,-,real,A,RealVideo-RealAudio,Asian (South),men,00146.mp4,RealVideo-RealAudio/Asian (South)/men/id00685,RealVideo-RealAudio/Asian (South)/men/id00685/00146.mp4,/Users/jeevikakiran/Documents/USC/Multimodal/Project/FakeAVCeleb_v1.2/FakeAVCeleb_v1.2/RealVideo-RealAudio/Asian (South)/men/id00685/00146.mp4,1,0,0,0,REAL,val
id00946__00126__2456c32440,id00946,-,-,real,A,RealVideo-RealAudio,Caucasian (European),men,00126.mp4,RealVideo-RealAudio/Caucasian (European)/men/id00946,RealVideo-RealAudio/Caucasian (European)/men/id00946/00126.mp4,/Users/jeevikakiran/Documents/USC/Multimodal/Project/FakeAVCeleb_v1.2/FakeAVCeleb_v1.2/RealVideo-RealAudio/Caucasian (European)/men/id00946/00126.mp4,1,0,0,0,REAL,train
id01215__00001__44c9c21f9f,id01215,-,-,real,A,RealVideo-RealAudio,Asian (East),men,00001.mp4,RealVideo-RealAudio/Asian (East)/men/id01215,RealVideo-RealAudio/Asian (East)/men/id01215/00001.mp4,/Users/jeevikakiran/Documents/USC/Multimodal/Project/FakeAVCeleb_v1.2/FakeAVCeleb_v1.2/RealVideo-RealAudio/Asian (East)/men/id01215/00001.mp4,1,0,0,0,REAL,val
id01005__00028_id00841_fpseficagxk_id00025_wavtolip__ff0c4cd3aa,id01005,id00841,id00025,fsgan-wav2lip,D,FakeVideo-FakeAudio,Caucasian (American),women,00028_id00841_fpsEfICAgxk_id00025_wavtolip.mp4,FakeVideo-FakeAudio/Caucasian (American)/women/id01005,FakeVideo-FakeAudio/Caucasian (American)/women/id01005/00028_id00841_fpsEfICAgxk_id00025_wavtolip.mp4,/Users/jeevikakiran/Documents/USC/Multimodal/Project/FakeAVCeleb_v1.2/FakeAVCeleb_v1.2/FakeVideo-FakeAudio/Caucasian (American)/women/id01005/00028_id00841_fpsEfICAgxk_id00025_wavtolip.mp4,1,1,1,1,FAKE,val
id03656__00052__1f0b842ac7,id03656,-,-,real,A,RealVideo-RealAudio,African,women,00052.mp4,RealVideo-RealAudio/African/women/id03656,RealVideo-RealAudio/African/women/id03656/00052.mp4,/Users/jeevikakiran/Documents/USC/Multimodal/Project/FakeAVCeleb_v1.2/FakeAVCeleb_v1.2/RealVideo-RealAudio/African/women/id03656/00052.mp4,1,0,0,0,REAL,val
id01598__00044__c12721510d,id01598,-,-,real,A,RealVideo-RealAudio,African,men,00044.mp4,RealVideo-RealAudio/African/men/id01598,RealVideo-RealAudio/African/men/id01598/00044.mp4,/Users/jeevikakiran/Documents/USC/Multimodal/Project/FakeAVCeleb_v1.2/FakeAVCeleb_v1.2/RealVideo-RealAudio/African/men/id01598/00044.mp4,1,0,0,0,REAL,train
id00519__00028_id02567_wavtolip__9d37ac4a17,id00519,id02567,-,wav2lip,D,FakeVideo-FakeAudio,Caucasian (European),men,00028_id02567_wavtolip.mp4,FakeVideo-FakeAudio/Caucasian (European)/men/id00519,FakeVideo-FakeAudio/Caucasian (European)/men/id00519/00028_id02567_wavtolip.mp4,/Users/jeevikakiran/Documents/USC/Multimodal/Project/FakeAVCeleb_v1.2/FakeAVCeleb_v1.2/FakeVideo-FakeAudio/Caucasian (European)/men/id00519/00028_id02567_wavtolip.mp4,1,1,1,1,FAKE,train
id01683__00052_2__975eb2dc15,id01683,2.mp4,-,faceswap,C,FakeVideo-RealAudio,Asian (East),men,00052_2.mp4,FakeVideo-RealAudio/Asian (East)/men/id01683,FakeVideo-RealAudio/Asian (East)/men/id01683/00052_2.mp4,/Users/jeevikakiran/Documents/USC/Multimodal/Project/FakeAVCeleb_v1.2/FakeAVCeleb_v1.2/FakeVideo-RealAudio/Asian (East)/men/id01683/00052_2.mp4,1,1,0,1,FAKE,train
id00701__00092_id01779_wavtolip__1558d9eb2b,id00701,id01779,-,wav2lip,D,FakeVideo-FakeAudio,African,men,00092_id01779_wavtolip.mp4,FakeVideo-FakeAudio/African/men/id00701,FakeVideo-FakeAudio/African/men/id00701/00092_id01779_wavtolip.mp4,/Users/jeevikakiran/Documents/USC/Multimodal/Project/FakeAVCeleb_v1.2/FakeAVCeleb_v1.2/FakeVideo-FakeAudio/African/men/id00701/00092_id01779_wavtolip.mp4,1,1,1,1,FAKE,train
id00185__00015_fake__5af844a46a,id00185,fake.mp4,-,rtvc,B,RealVideo-FakeAudio,Caucasian (European),men,00015_fake.mp4,RealVideo-FakeAudio/Caucasian (European)/men/id00185,RealVideo-FakeAudio/Caucasian (European)/men/id00185/00015_fake.mp4,/Users/jeevikakiran/Documents/USC/Multimodal/Project/FakeAVCeleb_v1.2/FakeAVCeleb_v1.2/RealVideo-FakeAudio/Caucasian (European)/men/id00185/00015_fake.mp4,1,0,1,1,FAKE,val
id07236__00143_id07008_wavtolip__959b09a653,id07236,id07008,-,wav2lip,D,FakeVideo-FakeAudio,Asian (South),women,00143_id07008_wavtolip.mp4,FakeVideo-FakeAudio/Asian (South)/women/id07236,FakeVideo-FakeAudio/Asian (South)/women/id07236/00143_id07008_wavtolip.mp4,/Users/jeevikakiran/Documents/USC/Multimodal/Project/FakeAVCeleb_v1.2/FakeAVCeleb_v1.2/FakeVideo-FakeAudio/Asian (South)/women/id07236/00143_id07008_wavtolip.mp4,1,1,1,1,FAKE,train
id00418__00052__d2beecd764,id00418,-,-,real,A,RealVideo-RealAudio,Caucasian (American),women,00052.mp4,RealVideo-RealAudio/Caucasian (American)/women/id00418,RealVideo-RealAudio/Caucasian (American)/women/id00418/00052.mp4,/Users/jeevikakiran/Documents/USC/Multimodal/Project/FakeAVCeleb_v1.2/FakeAVCeleb_v1.2/RealVideo-RealAudio/Caucasian (American)/women/id00418/00052.mp4,1,0,0,0,REAL,train
id04066__00013_fake__8512d19868,id04066,fake.mp4,-,rtvc,B,RealVideo-FakeAudio,Asian (East),women,00013_fake.mp4,RealVideo-FakeAudio/Asian (East)/women/id04066,RealVideo-FakeAudio/Asian (East)/women/id04066/00013_fake.mp4,/Users/jeevikakiran/Documents/USC/Multimodal/Project/FakeAVCeleb_v1.2/FakeAVCeleb_v1.2/RealVideo-FakeAudio/Asian (East)/women/id04066/00013_fake.mp4,1,0,1,1,FAKE,train
id07136__00052__177297bf3b,id07136,-,-,real,A,RealVideo-RealAudio,Asian (South),women,00052.mp4,RealVideo-RealAudio/Asian (South)/women/id07136,RealVideo-RealAudio/Asian (South)/women/id07136/00052.mp4,/Users/jeevikakiran/Documents/USC/Multimodal/Project/FakeAVCeleb_v1.2/FakeAVCeleb_v1.2/RealVideo-RealAudio/Asian (South)/women/id07136/00052.mp4,1,0,0,0,REAL,val
id00187__00360_id00265_dzq57foxxr4__199d51d078,id00187,id00265,-,fsgan,C,FakeVideo-RealAudio,Caucasian (European),men,00360_id00265_dZq57FoxXR4.mp4,FakeVideo-RealAudio/Caucasian (European)/men/id00187,FakeVideo-RealAudio/Caucasian (European)/men/id00187/00360_id00265_dZq57FoxXR4.mp4,/Users/jeevikakiran/Documents/USC/Multimodal/Project/FakeAVCeleb_v1.2/FakeAVCeleb_v1.2/FakeVideo-RealAudio/Caucasian (European)/men/id00187/00360_id00265_dZq57FoxXR4.mp4,1,1,0,1,FAKE,train
id01907__00148__c64f33e852,id01907,-,-,real,A,RealVideo-RealAudio,African,women,00148.mp4,RealVideo-RealAudio/African/women/id01907,RealVideo-RealAudio/African/women/id01907/00148.mp4,/Users/jeevikakiran/Documents/USC/Multimodal/Project/FakeAVCeleb_v1.2/FakeAVCeleb_v1.2/RealVideo-RealAudio/African/women/id01907/00148.mp4,1,0,0,0,REAL,train
id03525__00048__49218b7ef1,id03525,-,-,real,A,RealVideo-RealAudio,Caucasian (American),men,00048.mp4,RealVideo-RealAudio/Caucasian (American)/men/id03525,RealVideo-RealAudio/Caucasian (American)/men/id03525/00048.mp4,/Users/jeevikakiran/Documents/USC/Multimodal/Project/FakeAVCeleb_v1.2/FakeAVCeleb_v1.2/RealVideo-RealAudio/Caucasian (American)/men/id03525/00048.mp4,1,0,0,0,REAL,val
id01933__00028_fake__30c4131c72,id01933,fake.mp4,-,rtvc,B,RealVideo-FakeAudio,African,men,00028_fake.mp4,RealVideo-FakeAudio/African/men/id01933,RealVideo-FakeAudio/African/men/id01933/00028_fake.mp4,/Users/jeevikakiran/Documents/USC/Multimodal/Project/FakeAVCeleb_v1.2/FakeAVCeleb_v1.2/RealVideo-FakeAudio/African/men/id01933/00028_fake.mp4,1,0,1,1,FAKE,val
id03965__00051_id05383_wavtolip__9cfd2d3aaf,id03965,id05383,-,wav2lip,C,FakeVideo-RealAudio,Asian (East),men,00051_id05383_wavtolip.mp4,FakeVideo-RealAudio/Asian (East)/men/id03965,FakeVideo-RealAudio/Asian (East)/men/id03965/00051_id05383_wavtolip.mp4,/Users/jeevikakiran/Documents/USC/Multimodal/Project/FakeAVCeleb_v1.2/FakeAVCeleb_v1.2/FakeVideo-RealAudio/Asian (East)/men/id03965/00051_id05383_wavtolip.mp4,1,1,0,1,FAKE,train
id00946__00126_id00063_wavtolip__91f107c41e,id00946,id00063,-,wav2lip,D,FakeVideo-FakeAudio,Caucasian (European),men,00126_id00063_wavtolip.mp4,FakeVideo-FakeAudio/Caucasian (European)/men/id00946,FakeVideo-FakeAudio/Caucasian (European)/men/id00946/00126_id00063_wavtolip.mp4,/Users/jeevikakiran/Documents/USC/Multimodal/Project/FakeAVCeleb_v1.2/FakeAVCeleb_v1.2/FakeVideo-FakeAudio/Caucasian (European)/men/id00946/00126_id00063_wavtolip.mp4,1,1,1,1,FAKE,train
id00919__00063__f8413fd40e,id00919,-,-,real,A,RealVideo-RealAudio,Caucasian (European),men,00063.mp4,RealVideo-RealAudio/Caucasian (European)/men/id00919,RealVideo-RealAudio/Caucasian (European)/men/id00919/00063.mp4,/Users/jeevikakiran/Documents/USC/Multimodal/Project/FakeAVCeleb_v1.2/FakeAVCeleb_v1.2/RealVideo-RealAudio/Caucasian (European)/men/id00919/00063.mp4,1,0,0,0,REAL,train
id00379__00043_id00270_hoeq70_sdme_id03371_wavtolip__4d898a64e6,id00379,id00270,id03371,fsgan-wav2lip,D,FakeVideo-FakeAudio,Caucasian (European),women,00043_id00270_hoEQ70-sDME_id03371_wavtolip.mp4,FakeVideo-FakeAudio/Caucasian (European)/women/id00379,FakeVideo-FakeAudio/Caucasian (European)/women/id00379/00043_id00270_hoEQ70-sDME_id03371_wavtolip.mp4,/Users/jeevikakiran/Documents/USC/Multimodal/Project/FakeAVCeleb_v1.2/FakeAVCeleb_v1.2/FakeVideo-FakeAudio/Caucasian (European)/women/id00379/00043_id00270_hoEQ70-sDME_id03371_wavtolip.mp4,1,1,1,1,FAKE,train
id09143__00056__a5bfb4865a,id09143,-,-,real,A,RealVideo-RealAudio,Asian (East),men,00056.mp4,RealVideo-RealAudio/Asian (East)/men/id09143,RealVideo-RealAudio/Asian (East)/men/id09143/00056.mp4,/Users/jeevikakiran/Documents/USC/Multimodal/Project/FakeAVCeleb_v1.2/FakeAVCeleb_v1.2/RealVideo-RealAudio/Asian (East)/men/id09143/00056.mp4,1,0,0,0,REAL,train
id04376__00181_fake__e364016a3f,id04376,fake.mp4,-,rtvc,B,RealVideo-FakeAudio,African,women,00181_fake.mp4,RealVideo-FakeAudio/African/women/id04376,RealVideo-FakeAudio/African/women/id04376/00181_fake.mp4,/Users/jeevikakiran/Documents/USC/Multimodal/Project/FakeAVCeleb_v1.2/FakeAVCeleb_v1.2/RealVideo-FakeAudio/African/women/id04376/00181_fake.mp4,1,0,1,1,FAKE,train
id00813__00169_id01001_wavtolip__3893a23609,id00813,id01001,-,wav2lip,C,FakeVideo-RealAudio,Caucasian (European),women,00169_id01001_wavtolip.mp4,FakeVideo-RealAudio/Caucasian (European)/women/id00813,FakeVideo-RealAudio/Caucasian (European)/women/id00813/00169_id01001_wavtolip.mp4,/Users/jeevikakiran/Documents/USC/Multimodal/Project/FakeAVCeleb_v1.2/FakeAVCeleb_v1.2/FakeVideo-RealAudio/Caucasian (European)/women/id00813/00169_id01001_wavtolip.mp4,1,1,0,1,FAKE,train
id00186__00120__91304bb69b,id00186,-,-,real,A,RealVideo-RealAudio,Caucasian (European),men,00120.mp4,RealVideo-RealAudio/Caucasian (European)/men/id00186,RealVideo-RealAudio/Caucasian (European)/men/id00186/00120.mp4,/Users/jeevikakiran/Documents/USC/Multimodal/Project/FakeAVCeleb_v1.2/FakeAVCeleb_v1.2/RealVideo-RealAudio/Caucasian (European)/men/id00186/00120.mp4,1,0,0,0,REAL,train
id01212__00183_id01204_biygqpybp7o__47a1723809,id01212,id01204,-,fsgan,C,FakeVideo-RealAudio,Asian (East),men,00183_id01204_biYGqpYBp7o.mp4,FakeVideo-RealAudio/Asian (East)/men/id01212,FakeVideo-RealAudio/Asian (East)/men/id01212/00183_id01204_biYGqpYBp7o.mp4,/Users/jeevikakiran/Documents/USC/Multimodal/Project/FakeAVCeleb_v1.2/FakeAVCeleb_v1.2/FakeVideo-RealAudio/Asian (East)/men/id01212/00183_id01204_biYGqpYBp7o.mp4,1,1,0,1,FAKE,train
id01036__00010_fake__020ded679e,id01036,fake.mp4,-,rtvc,B,RealVideo-FakeAudio,African,men,00010_fake.mp4,RealVideo-FakeAudio/African/men/id01036,RealVideo-FakeAudio/African/men/id01036/00010_fake.mp4,/Users/jeevikakiran/Documents/USC/Multimodal/Project/FakeAVCeleb_v1.2/FakeAVCeleb_v1.2/RealVideo-FakeAudio/African/men/id01036/00010_fake.mp4,1,0,1,1,FAKE,train
id04727__00007__e32b1c977a,id04727,-,-,real,A,RealVideo-RealAudio,African,men,00007.mp4,RealVideo-RealAudio/African/men/id04727,RealVideo-RealAudio/African/men/id04727/00007.mp4,/Users/jeevikakiran/Documents/USC/Multimodal/Project/FakeAVCeleb_v1.2/FakeAVCeleb_v1.2/RealVideo-RealAudio/African/men/id04727/00007.mp4,1,0,0,0,REAL,val
id03605__00048_fake__c5ec000932,id03605,fake.mp4,-,rtvc,B,RealVideo-FakeAudio,Caucasian (American),women,00048_fake.mp4,RealVideo-FakeAudio/Caucasian (American)/women/id03605,RealVideo-FakeAudio/Caucasian (American)/women/id03605/00048_fake.mp4,/Users/jeevikakiran/Documents/USC/Multimodal/Project/FakeAVCeleb_v1.2/FakeAVCeleb_v1.2/RealVideo-FakeAudio/Caucasian (American)/women/id03605/00048_fake.mp4,1,0,1,1,FAKE,train
id00173__00118__a53201e605,id00173,-,-,real,A,RealVideo-RealAudio,African,men,00118.mp4,RealVideo-RealAudio/African/men/id00173,RealVideo-RealAudio/African/men/id00173/00118.mp4,/Users/jeevikakiran/Documents/USC/Multimodal/Project/FakeAVCeleb_v1.2/FakeAVCeleb_v1.2/RealVideo-RealAudio/African/men/id00173/00118.mp4,1,0,0,0,REAL,train
id02464__00002_id00261_wavtolip__66b49e8dd5,id02464,id00261,-,wav2lip,D,FakeVideo-FakeAudio,Caucasian (American),women,00002_id00261_wavtolip.mp4,FakeVideo-FakeAudio/Caucasian (American)/women/id02464,FakeVideo-FakeAudio/Caucasian (American)/women/id02464/00002_id00261_wavtolip.mp4,/Users/jeevikakiran/Documents/USC/Multimodal/Project/FakeAVCeleb_v1.2/FakeAVCeleb_v1.2/FakeVideo-FakeAudio/Caucasian (American)/women/id02464/00002_id00261_wavtolip.mp4,1,1,1,1,FAKE,train
id00042__00028__6914320a81,id00042,-,-,real,A,RealVideo-RealAudio,Caucasian (European),women,00028.mp4,RealVideo-RealAudio/Caucasian (European)/women/id00042,RealVideo-RealAudio/Caucasian (European)/women/id00042/00028.mp4,/Users/jeevikakiran/Documents/USC/Multimodal/Project/FakeAVCeleb_v1.2/FakeAVCeleb_v1.2/RealVideo-RealAudio/Caucasian (European)/women/id00042/00028.mp4,1,0,0,0,REAL,train
id01691__00045_fake__e5f178bd9f,id01691,fake.mp4,-,rtvc,B,RealVideo-FakeAudio,African,men,00045_fake.mp4,RealVideo-FakeAudio/African/men/id01691,RealVideo-FakeAudio/African/men/id01691/00045_fake.mp4,/Users/jeevikakiran/Documents/USC/Multimodal/Project/FakeAVCeleb_v1.2/FakeAVCeleb_v1.2/RealVideo-FakeAudio/African/men/id01691/00045_fake.mp4,1,0,1,1,FAKE,train
id00062__00278_id00029_tgpcgl036qk_id01044_wavtolip__b6d2f02644,id00062,id00029,id01044,fsgan-wav2lip,D,FakeVideo-FakeAudio,Caucasian (American),men,00278_id00029_TGpCGl036qk_id01044_wavtolip.mp4,FakeVideo-FakeAudio/Caucasian (American)/men/id00062,FakeVideo-FakeAudio/Caucasian (American)/men/id00062/00278_id00029_TGpCGl036qk_id01044_wavtolip.mp4,/Users/jeevikakiran/Documents/USC/Multimodal/Project/FakeAVCeleb_v1.2/FakeAVCeleb_v1.2/FakeVideo-FakeAudio/Caucasian (American)/men/id00062/00278_id00029_TGpCGl036qk_id01044_wavtolip.mp4,1,1,1,1,FAKE,train
id01126__00040__0c71ebdd47,id01126,-,-,real,A,RealVideo-RealAudio,Caucasian (European),men,00040.mp4,RealVideo-RealAudio/Caucasian (European)/men/id01126,RealVideo-RealAudio/Caucasian (European)/men/id01126/00040.mp4,/Users/jeevikakiran/Documents/USC/Multimodal/Project/FakeAVCeleb_v1.2/FakeAVCeleb_v1.2/RealVideo-RealAudio/Caucasian (European)/men/id01126/00040.mp4,1,0,0,0,REAL,train
id01042__00154_fake__af6ee17cd0,id01042,fake.mp4,-,rtvc,B,RealVideo-FakeAudio,Caucasian (American),men,00154_fake.mp4,RealVideo-FakeAudio/Caucasian (American)/men/id01042,RealVideo-FakeAudio/Caucasian (American)/men/id01042/00154_fake.mp4,/Users/jeevikakiran/Documents/USC/Multimodal/Project/FakeAVCeleb_v1.2/FakeAVCeleb_v1.2/RealVideo-FakeAudio/Caucasian (American)/men/id01042/00154_fake.mp4,1,0,1,1,FAKE,train
id06232__00025__a35ba75aa8,id06232,-,-,real,A,RealVideo-RealAudio,Asian (South),women,00025.mp4,RealVideo-RealAudio/Asian (South)/women/id06232,RealVideo-RealAudio/Asian (South)/women/id06232/00025.mp4,/Users/jeevikakiran/Documents/USC/Multimodal/Project/FakeAVCeleb_v1.2/FakeAVCeleb_v1.2/RealVideo-RealAudio/Asian (South)/women/id06232/00025.mp4,1,0,0,0,REAL,train
id01691__00045_id01779_hgyhpdeo_jk_id01598_wavtolip__07fdf85e7e,id01691,id01779,id01598,fsgan-wav2lip,D,FakeVideo-FakeAudio,African,men,00045_id01779_HgyHpDEo_jk_id01598_wavtolip.mp4,FakeVideo-FakeAudio/African/men/id01691,FakeVideo-FakeAudio/African/men/id01691/00045_id01779_HgyHpDEo_jk_id01598_wavtolip.mp4,/Users/jeevikakiran/Documents/USC/Multimodal/Project/FakeAVCeleb_v1.2/FakeAVCeleb_v1.2/FakeVideo-FakeAudio/African/men/id01691/00045_id01779_HgyHpDEo_jk_id01598_wavtolip.mp4,1,1,1,1,FAKE,train
id01717__00005__9f15d3a4b8,id01717,-,-,real,A,RealVideo-RealAudio,African,men,00005.mp4,RealVideo-RealAudio/African/men/id01717,RealVideo-RealAudio/African/men/id01717/00005.mp4,/Users/jeevikakiran/Documents/USC/Multimodal/Project/FakeAVCeleb_v1.2/FakeAVCeleb_v1.2/RealVideo-RealAudio/African/men/id01717/00005.mp4,1,0,0,0,REAL,train
id01637__00002__b2cec62271,id01637,-,-,real,A,RealVideo-RealAudio,African,men,00002.mp4,RealVideo-RealAudio/African/men/id01637,RealVideo-RealAudio/African/men/id01637/00002.mp4,/Users/jeevikakiran/Documents/USC/Multimodal/Project/FakeAVCeleb_v1.2/FakeAVCeleb_v1.2/RealVideo-RealAudio/African/men/id01637/00002.mp4,1,0,0,0,REAL,train
id05479__05479__c71e182409,id05479,-,-,real,A,RealVideo-RealAudio,Asian (East),men,05479.mp4,RealVideo-RealAudio/Asian (East)/men/id05479,RealVideo-RealAudio/Asian (East)/men/id05479/05479.mp4,/Users/jeevikakiran/Documents/USC/Multimodal/Project/FakeAVCeleb_v1.2/FakeAVCeleb_v1.2/RealVideo-RealAudio/Asian (East)/men/id05479/05479.mp4,1,0,0,0,REAL,train
id01717__00005_fake__1725a77cb1,id01717,fake.mp4,-,rtvc,B,RealVideo-FakeAudio,African,men,00005_fake.mp4,RealVideo-FakeAudio/African/men/id01717,RealVideo-FakeAudio/African/men/id01717/00005_fake.mp4,/Users/jeevikakiran/Documents/USC/Multimodal/Project/FakeAVCeleb_v1.2/FakeAVCeleb_v1.2/RealVideo-FakeAudio/African/men/id01717/00005_fake.mp4,1,0,1,1,FAKE,train
id01248__00005__19cbf7a146,id01248,-,-,real,A,RealVideo-RealAudio,Caucasian (American),women,00005.mp4,RealVideo-RealAudio/Caucasian (American)/women/id01248,RealVideo-RealAudio/Caucasian (American)/women/id01248/00005.mp4,/Users/jeevikakiran/Documents/USC/Multimodal/Project/FakeAVCeleb_v1.2/FakeAVCeleb_v1.2/RealVideo-RealAudio/Caucasian (American)/women/id01248/00005.mp4,1,0,0,0,REAL,train
id00963__00028__c1a7f45f5b,id00963,-,-,real,A,RealVideo-RealAudio,Caucasian (European),men,00028.mp4,RealVideo-RealAudio/Caucasian (European)/men/id00963,RealVideo-RealAudio/Caucasian (European)/men/id00963/00028.mp4,/Users/jeevikakiran/Documents/USC/Multimodal/Project/FakeAVCeleb_v1.2/FakeAVCeleb_v1.2/RealVideo-RealAudio/Caucasian (European)/men/id00963/00028.mp4,1,0,0,0,REAL,val
id00366__00118__d017b77f60,id00366,-,-,real,A,RealVideo-RealAudio,African,men,00118.mp4,RealVideo-RealAudio/African/men/id00366,RealVideo-RealAudio/African/men/id00366/00118.mp4,/Users/jeevikakiran/Documents/USC/Multimodal/Project/FakeAVCeleb_v1.2/FakeAVCeleb_v1.2/RealVideo-RealAudio/African/men/id00366/00118.mp4,1,0,0,0,REAL,val
id00740__00015__afd82c5778,id00740,-,-,real,A,RealVideo-RealAudio,Asian (East),men,00015.mp4,RealVideo-RealAudio/Asian (East)/men/id00740,RealVideo-RealAudio/Asian (East)/men/id00740/00015.mp4,/Users/jeevikakiran/Documents/USC/Multimodal/Project/FakeAVCeleb_v1.2/FakeAVCeleb_v1.2/RealVideo-RealAudio/Asian (East)/men/id00740/00015.mp4,1,0,0,0,REAL,train
id06060__00219_id06388_atidj_wlonc_faceswap_id03211_wavtolip__8dd00d47f7,id06060,id06388,faceswap,faceswap-wav2lip,D,FakeVideo-FakeAudio,Asian (East),women,00219_id06388_AtidJ-WlONc_faceswap_id03211_wavtolip.mp4,FakeVideo-FakeAudio/Asian (East)/women/id06060,FakeVideo-FakeAudio/Asian (East)/women/id06060/00219_id06388_AtidJ-WlONc_faceswap_id03211_wavtolip.mp4,/Users/jeevikakiran/Documents/USC/Multimodal/Project/FakeAVCeleb_v1.2/FakeAVCeleb_v1.2/FakeVideo-FakeAudio/Asian (East)/women/id06060/00219_id06388_AtidJ-WlONc_faceswap_id03211_wavtolip.mp4,1,1,1,1,FAKE,train
id00491__00122_id00373_wavtolip__3d7f26aeda,id00491,id00373,-,wav2lip,C,FakeVideo-RealAudio,Caucasian (European),women,00122_id00373_wavtolip.mp4,FakeVideo-RealAudio/Caucasian (European)/women/id00491,FakeVideo-RealAudio/Caucasian (European)/women/id00491/00122_id00373_wavtolip.mp4,/Users/jeevikakiran/Documents/USC/Multimodal/Project/FakeAVCeleb_v1.2/FakeAVCeleb_v1.2/FakeVideo-RealAudio/Caucasian (European)/women/id00491/00122_id00373_wavtolip.mp4,1,1,0,1,FAKE,train
id00187__00360__b4ec7daace,id00187,-,-,real,A,RealVideo-RealAudio,Caucasian (European),men,00360.mp4,RealVideo-RealAudio/Caucasian (European)/men/id00187,RealVideo-RealAudio/Caucasian (European)/men/id00187/00360.mp4,/Users/jeevikakiran/Documents/USC/Multimodal/Project/FakeAVCeleb_v1.2/FakeAVCeleb_v1.2/RealVideo-RealAudio/Caucasian (European)/men/id00187/00360.mp4,1,0,0,0,REAL,train
id00088__00005__3602ba18de,id00088,-,-,real,A,RealVideo-RealAudio,Caucasian (American),men,00005.mp4,RealVideo-RealAudio/Caucasian (American)/men/id00088,RealVideo-RealAudio/Caucasian (American)/men/id00088/00005.mp4,/Users/jeevikakiran/Documents/USC/Multimodal/Project/FakeAVCeleb_v1.2/FakeAVCeleb_v1.2/RealVideo-RealAudio/Caucasian (American)/men/id00088/00005.mp4,1,0,0,0,REAL,train
id06354__00021__2f7b856bf2,id06354,-,-,real,A,RealVideo-RealAudio,Asian (South),men,00021.mp4,RealVideo-RealAudio/Asian (South)/men/id06354,RealVideo-RealAudio/Asian (South)/men/id06354/00021.mp4,/Users/jeevikakiran/Documents/USC/Multimodal/Project/FakeAVCeleb_v1.2/FakeAVCeleb_v1.2/RealVideo-RealAudio/Asian (South)/men/id06354/00021.mp4,1,0,0,0,REAL,train
id03569__00065__a351251a6d,id03569,-,-,real,A,RealVideo-RealAudio,African,women,00065.mp4,RealVideo-RealAudio/African/women/id03569,RealVideo-RealAudio/African/women/id03569/00065.mp4,/Users/jeevikakiran/Documents/USC/Multimodal/Project/FakeAVCeleb_v1.2/FakeAVCeleb_v1.2/RealVideo-RealAudio/African/women/id03569/00065.mp4,1,0,0,0,REAL,train
id04374__00032__d60c77ef12,id04374,-,-,real,A,RealVideo-RealAudio,African,women,00032.mp4,RealVideo-RealAudio/African/women/id04374,RealVideo-RealAudio/African/women/id04374/00032.mp4,/Users/jeevikakiran/Documents/USC/Multimodal/Project/FakeAVCeleb_v1.2/FakeAVCeleb_v1.2/RealVideo-RealAudio/African/women/id04374/00032.mp4,1,0,0,0,REAL,train
id07383__00011__b24e9d2a3d,id07383,-,-,real,A,RealVideo-RealAudio,Asian (East),women,00011.mp4,RealVideo-RealAudio/Asian (East)/women/id07383,RealVideo-RealAudio/Asian (East)/women/id07383/00011.mp4,/Users/jeevikakiran/Documents/USC/Multimodal/Project/FakeAVCeleb_v1.2/FakeAVCeleb_v1.2/RealVideo-RealAudio/Asian (East)/women/id07383/00011.mp4,1,0,0,0,REAL,train
id04055__00001__92ebb94377,id04055,-,-,real,A,RealVideo-RealAudio,African,women,00001.mp4,RealVideo-RealAudio/African/women/id04055,RealVideo-RealAudio/African/women/id04055/00001.mp4,/Users/jeevikakiran/Documents/USC/Multimodal/Project/FakeAVCeleb_v1.2/FakeAVCeleb_v1.2/RealVideo-RealAudio/African/women/id04055/00001.mp4,1,0,0,0,REAL,train
id06427__00138_fake__322aa2b3db,id06427,fake.mp4,-,rtvc,B,RealVideo-FakeAudio,Asian (East),women,00138_fake.mp4,RealVideo-FakeAudio/Asian (East)/women/id06427,RealVideo-FakeAudio/Asian (East)/women/id06427/00138_fake.mp4,/Users/jeevikakiran/Documents/USC/Multimodal/Project/FakeAVCeleb_v1.2/FakeAVCeleb_v1.2/RealVideo-FakeAudio/Asian (East)/women/id06427/00138_fake.mp4,1,0,1,1,FAKE,train
id01123__00072_id00063_wavtolip__daab7e33b9,id01123,id00063,-,wav2lip,C,FakeVideo-RealAudio,Caucasian (European),men,00072_id00063_wavtolip.mp4,FakeVideo-RealAudio/Caucasian (European)/men/id01123,FakeVideo-RealAudio/Caucasian (European)/men/id01123/00072_id00063_wavtolip.mp4,/Users/jeevikakiran/Documents/USC/Multimodal/Project/FakeAVCeleb_v1.2/FakeAVCeleb_v1.2/FakeVideo-RealAudio/Caucasian (European)/men/id01123/00072_id00063_wavtolip.mp4,1,1,0,1,FAKE,train
id06462__00014_fake__7717f2eecd,id06462,fake.mp4,-,rtvc,B,RealVideo-FakeAudio,Asian (East),women,00014_fake.mp4,RealVideo-FakeAudio/Asian (East)/women/id06462,RealVideo-FakeAudio/Asian (East)/women/id06462/00014_fake.mp4,/Users/jeevikakiran/Documents/USC/Multimodal/Project/FakeAVCeleb_v1.2/FakeAVCeleb_v1.2/RealVideo-FakeAudio/Asian (East)/women/id06462/00014_fake.mp4,1,0,1,1,FAKE,train
id03858__00092__5514d239da,id03858,-,-,real,A,RealVideo-RealAudio,Caucasian (European),women,00092.mp4,RealVideo-RealAudio/Caucasian (European)/women/id03858,RealVideo-RealAudio/Caucasian (European)/women/id03858/00092.mp4,/Users/jeevikakiran/Documents/USC/Multimodal/Project/FakeAVCeleb_v1.2/FakeAVCeleb_v1.2/RealVideo-RealAudio/Caucasian (European)/women/id03858/00092.mp4,1,0,0,0,REAL,train
id00535__00005__a1c7dc7ebf,id00535,-,-,real,A,RealVideo-RealAudio,Caucasian (European),men,00005.mp4,RealVideo-RealAudio/Caucasian (European)/men/id00535,RealVideo-RealAudio/Caucasian (European)/men/id00535/00005.mp4,/Users/jeevikakiran/Documents/USC/Multimodal/Project/FakeAVCeleb_v1.2/FakeAVCeleb_v1.2/RealVideo-RealAudio/Caucasian (European)/men/id00535/00005.mp4,1,0,0,0,REAL,train
id00566__00032_id00579_wavtolip__e87f309411,id00566,id00579,-,wav2lip,D,FakeVideo-FakeAudio,Asian (East),women,00032_id00579_wavtolip.mp4,FakeVideo-FakeAudio/Asian (East)/women/id00566,FakeVideo-FakeAudio/Asian (East)/women/id00566/00032_id00579_wavtolip.mp4,/Users/jeevikakiran/Documents/USC/Multimodal/Project/FakeAVCeleb_v1.2/FakeAVCeleb_v1.2/FakeVideo-FakeAudio/Asian (East)/women/id00566/00032_id00579_wavtolip.mp4,1,1,1,1,FAKE,train
id01212__00183_fake__e43ae99050,id01212,fake.mp4,-,rtvc,B,RealVideo-FakeAudio,Asian (East),men,00183_fake.mp4,RealVideo-FakeAudio/Asian (East)/men/id01212,RealVideo-FakeAudio/Asian (East)/men/id01212/00183_fake.mp4,/Users/jeevikakiran/Documents/USC/Multimodal/Project/FakeAVCeleb_v1.2/FakeAVCeleb_v1.2/RealVideo-FakeAudio/Asian (East)/men/id01212/00183_fake.mp4,1,0,1,1,FAKE,val
id00225__00078_fake__02abd0393b,id00225,fake.mp4,-,rtvc,B,RealVideo-FakeAudio,Caucasian (European),men,00078_fake.mp4,RealVideo-FakeAudio/Caucasian (European)/men/id00225,RealVideo-FakeAudio/Caucasian (European)/men/id00225/00078_fake.mp4,/Users/jeevikakiran/Documents/USC/Multimodal/Project/FakeAVCeleb_v1.2/FakeAVCeleb_v1.2/RealVideo-FakeAudio/Caucasian (European)/men/id00225/00078_fake.mp4,1,0,1,1,FAKE,train
id00475__00099__e369fe7dd1,id00475,-,-,real,A,RealVideo-RealAudio,African,men,00099.mp4,RealVideo-RealAudio/African/men/id00475,RealVideo-RealAudio/African/men/id00475/00099.mp4,/Users/jeevikakiran/Documents/USC/Multimodal/Project/FakeAVCeleb_v1.2/FakeAVCeleb_v1.2/RealVideo-RealAudio/African/men/id00475/00099.mp4,1,0,0,0,REAL,train
id00033__00276_id04561_wavtolip__40d30719f8,id00033,id04561,-,wav2lip,C,FakeVideo-RealAudio,Asian (South),men,00276_id04561_wavtolip.mp4,FakeVideo-RealAudio/Asian (South)/men/id00033,FakeVideo-RealAudio/Asian (South)/men/id00033/00276_id04561_wavtolip.mp4,/Users/jeevikakiran/Documents/USC/Multimodal/Project/FakeAVCeleb_v1.2/FakeAVCeleb_v1.2/FakeVideo-RealAudio/Asian (South)/men/id00033/00276_id04561_wavtolip.mp4,1,1,0,1,FAKE,train
id03897__00021__98452a9dc8,id03897,-,-,real,A,RealVideo-RealAudio,Asian (South),women,00021.mp4,RealVideo-RealAudio/Asian (South)/women/id03897,RealVideo-RealAudio/Asian (South)/women/id03897/00021.mp4,/Users/jeevikakiran/Documents/USC/Multimodal/Project/FakeAVCeleb_v1.2/FakeAVCeleb_v1.2/RealVideo-RealAudio/Asian (South)/women/id03897/00021.mp4,1,0,0,0,REAL,train
id05251__00033__69a3bece69,id05251,-,-,real,A,RealVideo-RealAudio,African,women,00033.mp4,RealVideo-RealAudio/African/women/id05251,RealVideo-RealAudio/African/women/id05251/00033.mp4,/Users/jeevikakiran/Documents/USC/Multimodal/Project/FakeAVCeleb_v1.2/FakeAVCeleb_v1.2/RealVideo-RealAudio/African/women/id05251/00033.mp4,1,0,0,0,REAL,train
id04066__00013__ffb98a84f0,id04066,-,-,real,A,RealVideo-RealAudio,Asian (East),women,00013.mp4,RealVideo-RealAudio/Asian (East)/women/id04066,RealVideo-RealAudio/Asian (East)/women/id04066/00013.mp4,/Users/jeevikakiran/Documents/USC/Multimodal/Project/FakeAVCeleb_v1.2/FakeAVCeleb_v1.2/RealVideo-RealAudio/Asian (East)/women/id04066/00013.mp4,1,0,0,0,REAL,train
id00270__00088__d708080ea8,id00270,-,-,real,A,RealVideo-RealAudio,Caucasian (European),women,00088.mp4,RealVideo-RealAudio/Caucasian (European)/women/id00270,RealVideo-RealAudio/Caucasian (European)/women/id00270/00088.mp4,/Users/jeevikakiran/Documents/USC/Multimodal/Project/FakeAVCeleb_v1.2/FakeAVCeleb_v1.2/RealVideo-RealAudio/Caucasian (European)/women/id00270/00088.mp4,1,0,0,0,REAL,train
id00345__00243_fake__7e24188221,id00345,fake.mp4,-,rtvc,B,RealVideo-FakeAudio,Caucasian (American),men,00243_fake.mp4,RealVideo-FakeAudio/Caucasian (American)/men/id00345,RealVideo-FakeAudio/Caucasian (American)/men/id00345/00243_fake.mp4,/Users/jeevikakiran/Documents/USC/Multimodal/Project/FakeAVCeleb_v1.2/FakeAVCeleb_v1.2/RealVideo-FakeAudio/Caucasian (American)/men/id00345/00243_fake.mp4,1,0,1,1,FAKE,train
id05931__00013_id00235_wavtolip__5323a532aa,id05931,id00235,-,wav2lip,C,FakeVideo-RealAudio,Asian (South),women,00013_id00235_wavtolip.mp4,FakeVideo-RealAudio/Asian (South)/women/id05931,FakeVideo-RealAudio/Asian (South)/women/id05931/00013_id00235_wavtolip.mp4,/Users/jeevikakiran/Documents/USC/Multimodal/Project/FakeAVCeleb_v1.2/FakeAVCeleb_v1.2/FakeVideo-RealAudio/Asian (South)/women/id05931/00013_id00235_wavtolip.mp4,1,1,0,1,FAKE,train
id00634__00078__caad047e76,id00634,-,-,real,A,RealVideo-RealAudio,Caucasian (European),women,00078.mp4,RealVideo-RealAudio/Caucasian (European)/women/id00634,RealVideo-RealAudio/Caucasian (European)/women/id00634/00078.mp4,/Users/jeevikakiran/Documents/USC/Multimodal/Project/FakeAVCeleb_v1.2/FakeAVCeleb_v1.2/RealVideo-RealAudio/Caucasian (European)/women/id00634/00078.mp4,1,0,0,0,REAL,train
id01521__00109_id00987_wavtolip__a6ad31dced,id01521,id00987,-,wav2lip,D,FakeVideo-FakeAudio,African,men,00109_id00987_wavtolip.mp4,FakeVideo-FakeAudio/African/men/id01521,FakeVideo-FakeAudio/African/men/id01521/00109_id00987_wavtolip.mp4,/Users/jeevikakiran/Documents/USC/Multimodal/Project/FakeAVCeleb_v1.2/FakeAVCeleb_v1.2/FakeVideo-FakeAudio/African/men/id01521/00109_id00987_wavtolip.mp4,1,1,1,1,FAKE,val
id00735__00037__234ec26888,id00735,-,-,real,A,RealVideo-RealAudio,Caucasian (European),women,00037.mp4,RealVideo-RealAudio/Caucasian (European)/women/id00735,RealVideo-RealAudio/Caucasian (European)/women/id00735/00037.mp4,/Users/jeevikakiran/Documents/USC/Multimodal/Project/FakeAVCeleb_v1.2/FakeAVCeleb_v1.2/RealVideo-RealAudio/Caucasian (European)/women/id00735/00037.mp4,1,0,0,0,REAL,train
id06752__00221__90eb9e1503,id06752,-,-,real,A,RealVideo-RealAudio,Asian (South),women,00221.mp4,RealVideo-RealAudio/Asian (South)/women/id06752,RealVideo-RealAudio/Asian (South)/women/id06752/00221.mp4,/Users/jeevikakiran/Documents/USC/Multimodal/Project/FakeAVCeleb_v1.2/FakeAVCeleb_v1.2/RealVideo-RealAudio/Asian (South)/women/id06752/00221.mp4,1,0,0,0,REAL,train
id00708__00043__0a0725429d,id00708,-,-,real,A,RealVideo-RealAudio,Caucasian (American),men,00043.mp4,RealVideo-RealAudio/Caucasian (American)/men/id00708,RealVideo-RealAudio/Caucasian (American)/men/id00708/00043.mp4,/Users/jeevikakiran/Documents/USC/Multimodal/Project/FakeAVCeleb_v1.2/FakeAVCeleb_v1.2/RealVideo-RealAudio/Caucasian (American)/men/id00708/00043.mp4,1,0,0,0,REAL,train
id00575__00092_fake__e59df2ae43,id00575,fake.mp4,-,rtvc,B,RealVideo-FakeAudio,Caucasian (American),women,00092_fake.mp4,RealVideo-FakeAudio/Caucasian (American)/women/id00575,RealVideo-FakeAudio/Caucasian (American)/women/id00575/00092_fake.mp4,/Users/jeevikakiran/Documents/USC/Multimodal/Project/FakeAVCeleb_v1.2/FakeAVCeleb_v1.2/RealVideo-FakeAudio/Caucasian (American)/women/id00575/00092_fake.mp4,1,0,1,1,FAKE,val
id00137__00025__71e3917ee1,id00137,-,-,real,A,RealVideo-RealAudio,Asian (East),women,00025.mp4,RealVideo-RealAudio/Asian (East)/women/id00137,RealVideo-RealAudio/Asian (East)/women/id00137/00025.mp4,/Users/jeevikakiran/Documents/USC/Multimodal/Project/FakeAVCeleb_v1.2/FakeAVCeleb_v1.2/RealVideo-RealAudio/Asian (East)/women/id00137/00025.mp4,1,0,0,0,REAL,train
id00495__00027_id00373_wavtolip__c81ad04d64,id00495,id00373,-,wav2lip,D,FakeVideo-FakeAudio,Caucasian (European),women,00027_id00373_wavtolip.mp4,FakeVideo-FakeAudio/Caucasian (European)/women/id00495,FakeVideo-FakeAudio/Caucasian (European)/women/id00495/00027_id00373_wavtolip.mp4,/Users/jeevikakiran/Documents/USC/Multimodal/Project/FakeAVCeleb_v1.2/FakeAVCeleb_v1.2/FakeVideo-FakeAudio/Caucasian (European)/women/id00495/00027_id00373_wavtolip.mp4,1,1,1,1,FAKE,train
id00701__00092__cb5dda52b2,id00701,-,-,real,A,RealVideo-RealAudio,African,men,00092.mp4,RealVideo-RealAudio/African/men/id00701,RealVideo-RealAudio/African/men/id00701/00092.mp4,/Users/jeevikakiran/Documents/USC/Multimodal/Project/FakeAVCeleb_v1.2/FakeAVCeleb_v1.2/RealVideo-RealAudio/African/men/id00701/00092.mp4,1,0,0,0,REAL,train
id03605__00048__9e14860f85,id03605,-,-,real,A,RealVideo-RealAudio,Caucasian (American),women,00048.mp4,RealVideo-RealAudio/Caucasian (American)/women/id03605,RealVideo-RealAudio/Caucasian (American)/women/id03605/00048.mp4,/Users/jeevikakiran/Documents/USC/Multimodal/Project/FakeAVCeleb_v1.2/FakeAVCeleb_v1.2/RealVideo-RealAudio/Caucasian (American)/women/id03605/00048.mp4,1,0,0,0,REAL,train
id00577__00010_id01838_wavtolip__3bdb7900f3,id00577,id01838,-,wav2lip,D,FakeVideo-FakeAudio,African,women,00010_id01838_wavtolip.mp4,FakeVideo-FakeAudio/African/women/id00577,FakeVideo-FakeAudio/African/women/id00577/00010_id01838_wavtolip.mp4,/Users/jeevikakiran/Documents/USC/Multimodal/Project/FakeAVCeleb_v1.2/FakeAVCeleb_v1.2/FakeVideo-FakeAudio/African/women/id00577/00010_id01838_wavtolip.mp4,1,1,1,1,FAKE,train
id03747__00273__8a25224c2b,id03747,-,-,real,A,RealVideo-RealAudio,African,women,00273.mp4,RealVideo-RealAudio/African/women/id03747,RealVideo-RealAudio/African/women/id03747/00273.mp4,/Users/jeevikakiran/Documents/USC/Multimodal/Project/FakeAVCeleb_v1.2/FakeAVCeleb_v1.2/RealVideo-RealAudio/African/women/id03747/00273.mp4,1,0,0,0,REAL,train
id01171__00053_id01236_wavtolip__e447d8ad2a,id01171,id01236,-,wav2lip,C,FakeVideo-RealAudio,African,men,00053_id01236_wavtolip.mp4,FakeVideo-RealAudio/African/men/id01171,FakeVideo-RealAudio/African/men/id01171/00053_id01236_wavtolip.mp4,/Users/jeevikakiran/Documents/USC/Multimodal/Project/FakeAVCeleb_v1.2/FakeAVCeleb_v1.2/FakeVideo-RealAudio/African/men/id01171/00053_id01236_wavtolip.mp4,1,1,0,1,FAKE,train
id00063__00021_id00990_wavtolip__16bfba2c41,id00063,id00990,-,wav2lip,D,FakeVideo-FakeAudio,Caucasian (European),men,00021_id00990_wavtolip.mp4,FakeVideo-FakeAudio/Caucasian (European)/men/id00063,FakeVideo-FakeAudio/Caucasian (European)/men/id00063/00021_id00990_wavtolip.mp4,/Users/jeevikakiran/Documents/USC/Multimodal/Project/FakeAVCeleb_v1.2/FakeAVCeleb_v1.2/FakeVideo-FakeAudio/Caucasian (European)/men/id00063/00021_id00990_wavtolip.mp4,1,1,1,1,FAKE,train
id02586__00042_id04376_wavtolip__b08117a6d9,id02586,id04376,-,wav2lip,C,FakeVideo-RealAudio,African,women,00042_id04376_wavtolip.mp4,FakeVideo-RealAudio/African/women/id02586,FakeVideo-RealAudio/African/women/id02586/00042_id04376_wavtolip.mp4,/Users/jeevikakiran/Documents/USC/Multimodal/Project/FakeAVCeleb_v1.2/FakeAVCeleb_v1.2/FakeVideo-RealAudio/African/women/id02586/00042_id04376_wavtolip.mp4,1,1,0,1,FAKE,train
id06594__00002__8e3d588bda,id06594,-,-,real,A,RealVideo-RealAudio,Asian (East),men,00002.mp4,RealVideo-RealAudio/Asian (East)/men/id06594,RealVideo-RealAudio/Asian (East)/men/id06594/00002.mp4,/Users/jeevikakiran/Documents/USC/Multimodal/Project/FakeAVCeleb_v1.2/FakeAVCeleb_v1.2/RealVideo-RealAudio/Asian (East)/men/id06594/00002.mp4,1,0,0,0,REAL,train
id08139__00067__928c555c13,id08139,-,-,real,A,RealVideo-RealAudio,Asian (East),women,00067.mp4,RealVideo-RealAudio/Asian (East)/women/id08139,RealVideo-RealAudio/Asian (East)/women/id08139/00067.mp4,/Users/jeevikakiran/Documents/USC/Multimodal/Project/FakeAVCeleb_v1.2/FakeAVCeleb_v1.2/RealVideo-RealAudio/Asian (East)/women/id08139/00067.mp4,1,0,0,0,REAL,train
id02332__00055__bd28b30ba6,id02332,-,-,real,A,RealVideo-RealAudio,Asian (East),men,00055.mp4,RealVideo-RealAudio/Asian (East)/men/id02332,RealVideo-RealAudio/Asian (East)/men/id02332/00055.mp4,/Users/jeevikakiran/Documents/USC/Multimodal/Project/FakeAVCeleb_v1.2/FakeAVCeleb_v1.2/RealVideo-RealAudio/Asian (East)/men/id02332/00055.mp4,1,0,0,0,REAL,train
id00535__00005_id00554_wavtolip__e69b782f26,id00535,id00554,-,wav2lip,C,FakeVideo-RealAudio,Caucasian (European),men,00005_id00554_wavtolip.mp4,FakeVideo-RealAudio/Caucasian (European)/men/id00535,FakeVideo-RealAudio/Caucasian (European)/men/id00535/00005_id00554_wavtolip.mp4,/Users/jeevikakiran/Documents/USC/Multimodal/Project/FakeAVCeleb_v1.2/FakeAVCeleb_v1.2/FakeVideo-RealAudio/Caucasian (European)/men/id00535/00005_id00554_wavtolip.mp4,1,1,0,1,FAKE,val
id00287__00005__84e40f515f,id00287,-,-,real,A,RealVideo-RealAudio,Caucasian (European),women,00005.mp4,RealVideo-RealAudio/Caucasian (European)/women/id00287,RealVideo-RealAudio/Caucasian (European)/women/id00287/00005.mp4,/Users/jeevikakiran/Documents/USC/Multimodal/Project/FakeAVCeleb_v1.2/FakeAVCeleb_v1.2/RealVideo-RealAudio/Caucasian (European)/women/id00287/00005.mp4,1,0,0,0,REAL,train
id08457__00417__f8ae97c63c,id08457,-,-,real,A,RealVideo-RealAudio,Asian (South),men,00417.mp4,RealVideo-RealAudio/Asian (South)/men/id08457,RealVideo-RealAudio/Asian (South)/men/id08457/00417.mp4,/Users/jeevikakiran/Documents/USC/Multimodal/Project/FakeAVCeleb_v1.2/FakeAVCeleb_v1.2/RealVideo-RealAudio/Asian (South)/men/id08457/00417.mp4,1,0,0,0,REAL,train
id04884__00028__566337cf1b,id04884,-,-,real,A,RealVideo-RealAudio,Asian (East),men,00028.mp4,RealVideo-RealAudio/Asian (East)/men/id04884,RealVideo-RealAudio/Asian (East)/men/id04884/00028.mp4,/Users/jeevikakiran/Documents/USC/Multimodal/Project/FakeAVCeleb_v1.2/FakeAVCeleb_v1.2/RealVideo-RealAudio/Asian (East)/men/id04884/00028.mp4,1,0,0,0,REAL,train
id05434__00052_fake__cf475e8a30,id05434,fake.mp4,-,rtvc,B,RealVideo-FakeAudio,Asian (South),women,00052_fake.mp4,RealVideo-FakeAudio/Asian (South)/women/id05434,RealVideo-FakeAudio/Asian (South)/women/id05434/00052_fake.mp4,/Users/jeevikakiran/Documents/USC/Multimodal/Project/FakeAVCeleb_v1.2/FakeAVCeleb_v1.2/RealVideo-FakeAudio/Asian (South)/women/id05434/00052_fake.mp4,1,0,1,1,FAKE,train
id00475__00099_fake__e8e1c4ebf4,id00475,fake.mp4,-,rtvc,B,RealVideo-FakeAudio,African,men,00099_fake.mp4,RealVideo-FakeAudio/African/men/id00475,RealVideo-FakeAudio/African/men/id00475/00099_fake.mp4,/Users/jeevikakiran/Documents/USC/Multimodal/Project/FakeAVCeleb_v1.2/FakeAVCeleb_v1.2/RealVideo-FakeAudio/African/men/id00475/00099_fake.mp4,1,0,1,1,FAKE,train
id02301__00092_id05106_wavtolip__5aba552df1,id02301,id05106,-,wav2lip,C,FakeVideo-RealAudio,African,women,00092_id05106_wavtolip.mp4,FakeVideo-RealAudio/African/women/id02301,FakeVideo-RealAudio/African/women/id02301/00092_id05106_wavtolip.mp4,/Users/jeevikakiran/Documents/USC/Multimodal/Project/FakeAVCeleb_v1.2/FakeAVCeleb_v1.2/FakeVideo-RealAudio/African/women/id02301/00092_id05106_wavtolip.mp4,1,1,0,1,FAKE,train
id01005__00028_id00145_wavtolip__5b6d375010,id01005,id00145,-,wav2lip,D,FakeVideo-FakeAudio,Caucasian (American),women,00028_id00145_wavtolip.mp4,FakeVideo-FakeAudio/Caucasian (American)/women/id01005,FakeVideo-FakeAudio/Caucasian (American)/women/id01005/00028_id00145_wavtolip.mp4,/Users/jeevikakiran/Documents/USC/Multimodal/Project/FakeAVCeleb_v1.2/FakeAVCeleb_v1.2/FakeVideo-FakeAudio/Caucasian (American)/women/id01005/00028_id00145_wavtolip.mp4,1,1,1,1,FAKE,val
id03815__00118__f9c8bbf46c,id03815,-,-,real,A,RealVideo-RealAudio,Asian (South),women,00118.mp4,RealVideo-RealAudio/Asian (South)/women/id03815,RealVideo-RealAudio/Asian (South)/women/id03815/00118.mp4,/Users/jeevikakiran/Documents/USC/Multimodal/Project/FakeAVCeleb_v1.2/FakeAVCeleb_v1.2/RealVideo-RealAudio/Asian (South)/women/id03815/00118.mp4,1,0,0,0,REAL,train
id00330__00118__2a4d465e35,id00330,-,-,real,A,RealVideo-RealAudio,Caucasian (European),women,00118.mp4,RealVideo-RealAudio/Caucasian (European)/women/id00330,RealVideo-RealAudio/Caucasian (European)/women/id00330/00118.mp4,/Users/jeevikakiran/Documents/USC/Multimodal/Project/FakeAVCeleb_v1.2/FakeAVCeleb_v1.2/RealVideo-RealAudio/Caucasian (European)/women/id00330/00118.mp4,1,0,0,0,REAL,train
id04490__00054__5e9e01c1da,id04490,-,-,real,A,RealVideo-RealAudio,Asian (South),women,00054.mp4,RealVideo-RealAudio/Asian (South)/women/id04490,RealVideo-RealAudio/Asian (South)/women/id04490/00054.mp4,/Users/jeevikakiran/Documents/USC/Multimodal/Project/FakeAVCeleb_v1.2/FakeAVCeleb_v1.2/RealVideo-RealAudio/Asian (South)/women/id04490/00054.mp4,1,0,0,0,REAL,train
id05252__00052_fake__3e66ffe036,id05252,fake.mp4,-,rtvc,B,RealVideo-FakeAudio,African,women,00052_fake.mp4,RealVideo-FakeAudio/African/women/id05252,RealVideo-FakeAudio/African/women/id05252/00052_fake.mp4,/Users/jeevikakiran/Documents/USC/Multimodal/Project/FakeAVCeleb_v1.2/FakeAVCeleb_v1.2/RealVideo-FakeAudio/African/women/id05252/00052_fake.mp4,1,0,1,1,FAKE,train
id04928__00027__9ffc061d61,id04928,-,-,real,A,RealVideo-RealAudio,Asian (South),men,00027.mp4,RealVideo-RealAudio/Asian (South)/men/id04928,RealVideo-RealAudio/Asian (South)/men/id04928/00027.mp4,/Users/jeevikakiran/Documents/USC/Multimodal/Project/FakeAVCeleb_v1.2/FakeAVCeleb_v1.2/RealVideo-RealAudio/Asian (South)/men/id04928/00027.mp4,1,0,0,0,REAL,train
id00478__00206__5be2da4c08,id00478,-,-,real,A,RealVideo-RealAudio,African,men,00206.mp4,RealVideo-RealAudio/African/men/id00478,RealVideo-RealAudio/African/men/id00478/00206.mp4,/Users/jeevikakiran/Documents/USC/Multimodal/Project/FakeAVCeleb_v1.2/FakeAVCeleb_v1.2/RealVideo-RealAudio/African/men/id00478/00206.mp4,1,0,0,0,REAL,train
id00180__00206__081ec1e707,id00180,-,-,real,A,RealVideo-RealAudio,Caucasian (American),women,00206.mp4,RealVideo-RealAudio/Caucasian (American)/women/id00180,RealVideo-RealAudio/Caucasian (American)/women/id00180/00206.mp4,/Users/jeevikakiran/Documents/USC/Multimodal/Project/FakeAVCeleb_v1.2/FakeAVCeleb_v1.2/RealVideo-RealAudio/Caucasian (American)/women/id00180/00206.mp4,1,0,0,0,REAL,train
id00379__00043_id00897_0ayfw8jhoyi_id00271_wavtolip__5b892e29a0,id00379,id00897,id00271,fsgan-wav2lip,D,FakeVideo-FakeAudio,Caucasian (European),women,00043_id00897_0ayFw8JhoyI_id00271_wavtolip.mp4,FakeVideo-FakeAudio/Caucasian (European)/women/id00379,FakeVideo-FakeAudio/Caucasian (European)/women/id00379/00043_id00897_0ayFw8JhoyI_id00271_wavtolip.mp4,/Users/jeevikakiran/Documents/USC/Multimodal/Project/FakeAVCeleb_v1.2/FakeAVCeleb_v1.2/FakeVideo-FakeAudio/Caucasian (European)/women/id00379/00043_id00897_0ayFw8JhoyI_id00271_wavtolip.mp4,1,1,1,1,FAKE,train
id07194__00014__a5207eb3bd,id07194,-,-,real,A,RealVideo-RealAudio,Asian (South),men,00014.mp4,RealVideo-RealAudio/Asian (South)/men/id07194,RealVideo-RealAudio/Asian (South)/men/id07194/00014.mp4,/Users/jeevikakiran/Documents/USC/Multimodal/Project/FakeAVCeleb_v1.2/FakeAVCeleb_v1.2/RealVideo-RealAudio/Asian (South)/men/id07194/00014.mp4,1,0,0,0,REAL,val
id06254__00043__91dac52d96,id06254,-,-,real,A,RealVideo-RealAudio,Asian (South),women,00043.mp4,RealVideo-RealAudio/Asian (South)/women/id06254,RealVideo-RealAudio/Asian (South)/women/id06254/00043.mp4,/Users/jeevikakiran/Documents/USC/Multimodal/Project/FakeAVCeleb_v1.2/FakeAVCeleb_v1.2/RealVideo-RealAudio/Asian (South)/women/id06254/00043.mp4,1,0,0,0,REAL,val
id04554__00118__2347f5401c,id04554,-,-,real,A,RealVideo-RealAudio,Asian (South),men,00118.mp4,RealVideo-RealAudio/Asian (South)/men/id04554,RealVideo-RealAudio/Asian (South)/men/id04554/00118.mp4,/Users/jeevikakiran/Documents/USC/Multimodal/Project/FakeAVCeleb_v1.2/FakeAVCeleb_v1.2/RealVideo-RealAudio/Asian (South)/men/id04554/00118.mp4,1,0,0,0,REAL,train
id06269__00005_id06470_xoaiqcrolyk__47c5117d99,id06269,id06470,-,fsgan,C,FakeVideo-RealAudio,Asian (East),men,00005_id06470_XoAiqCrOlyk.mp4,FakeVideo-RealAudio/Asian (East)/men/id06269,FakeVideo-RealAudio/Asian (East)/men/id06269/00005_id06470_XoAiqCrOlyk.mp4,/Users/jeevikakiran/Documents/USC/Multimodal/Project/FakeAVCeleb_v1.2/FakeAVCeleb_v1.2/FakeVideo-RealAudio/Asian (East)/men/id06269/00005_id06470_XoAiqCrOlyk.mp4,1,1,0,1,FAKE,train
id00763__00074_fake__0832ef3ca6,id00763,fake.mp4,-,rtvc,B,RealVideo-FakeAudio,Asian (East),women,00074_fake.mp4,RealVideo-FakeAudio/Asian (East)/women/id00763,RealVideo-FakeAudio/Asian (East)/women/id00763/00074_fake.mp4,/Users/jeevikakiran/Documents/USC/Multimodal/Project/FakeAVCeleb_v1.2/FakeAVCeleb_v1.2/RealVideo-FakeAudio/Asian (East)/women/id00763/00074_fake.mp4,1,0,1,1,FAKE,train
id00981__00092__b69d3fffd1,id00981,-,-,real,A,RealVideo-RealAudio,Caucasian (European),men,00092.mp4,RealVideo-RealAudio/Caucasian (European)/men/id00981,RealVideo-RealAudio/Caucasian (European)/men/id00981/00092.mp4,/Users/jeevikakiran/Documents/USC/Multimodal/Project/FakeAVCeleb_v1.2/FakeAVCeleb_v1.2/RealVideo-RealAudio/Caucasian (European)/men/id00981/00092.mp4,1,0,0,0,REAL,train
id00701__00092_id01036_aohkamtihxa_faceswap_id00391_wavtolip__3a7ef5430d,id00701,id01036,faceswap,faceswap-wav2lip,D,FakeVideo-FakeAudio,African,men,00092_id01036_AohKaMtIHxA_faceswap_id00391_wavtolip.mp4,FakeVideo-FakeAudio/African/men/id00701,FakeVideo-FakeAudio/African/men/id00701/00092_id01036_AohKaMtIHxA_faceswap_id00391_wavtolip.mp4,/Users/jeevikakiran/Documents/USC/Multimodal/Project/FakeAVCeleb_v1.2/FakeAVCeleb_v1.2/FakeVideo-FakeAudio/African/men/id00701/00092_id01036_AohKaMtIHxA_faceswap_id00391_wavtolip.mp4,1,1,1,1,FAKE,train
id06776__00021__1d573ede72,id06776,-,-,rtvc,B,RealVideo-FakeAudio,Asian (East),men,00021.mp4,RealVideo-FakeAudio/Asian (East)/men/id06776,RealVideo-FakeAudio/Asian (East)/men/id06776/00021.mp4,/Users/jeevikakiran/Documents/USC/Multimodal/Project/FakeAVCeleb_v1.2/FakeAVCeleb_v1.2/RealVideo-FakeAudio/Asian (East)/men/id06776/00021.mp4,1,0,1,1,FAKE,val
id07383__00011_id06225_wavtolip__1d175660c7,id07383,id06225,-,wav2lip,D,FakeVideo-FakeAudio,Asian (East),women,00011_id06225_wavtolip.mp4,FakeVideo-FakeAudio/Asian (East)/women/id07383,FakeVideo-FakeAudio/Asian (East)/women/id07383/00011_id06225_wavtolip.mp4,/Users/jeevikakiran/Documents/USC/Multimodal/Project/FakeAVCeleb_v1.2/FakeAVCeleb_v1.2/FakeVideo-FakeAudio/Asian (East)/women/id07383/00011_id06225_wavtolip.mp4,1,1,1,1,FAKE,train
id01972__00078_2_id01597_wavtolip__5994c442ef,id01972,2,-,faceswap-wav2lip,D,FakeVideo-FakeAudio,African,men,00078_2_id01597_wavtolip.mp4,FakeVideo-FakeAudio/African/men/id01972,FakeVideo-FakeAudio/African/men/id01972/00078_2_id01597_wavtolip.mp4,/Users/jeevikakiran/Documents/USC/Multimodal/Project/FakeAVCeleb_v1.2/FakeAVCeleb_v1.2/FakeVideo-FakeAudio/African/men/id01972/00078_2_id01597_wavtolip.mp4,1,1,1,1,FAKE,train
id00068__00004_3_id00332_wavtolip__6f688c60a3,id00068,3,-,faceswap-wav2lip,D,FakeVideo-FakeAudio,Caucasian (European),women,00004_3_id00332_wavtolip.mp4,FakeVideo-FakeAudio/Caucasian (European)/women/id00068,FakeVideo-FakeAudio/Caucasian (European)/women/id00068/00004_3_id00332_wavtolip.mp4,/Users/jeevikakiran/Documents/USC/Multimodal/Project/FakeAVCeleb_v1.2/FakeAVCeleb_v1.2/FakeVideo-FakeAudio/Caucasian (European)/women/id00068/00004_3_id00332_wavtolip.mp4,1,1,1,1,FAKE,val
id05332__00065_id08652_wavtolip__b8e56b8a9f,id05332,id08652,-,wav2lip,D,FakeVideo-FakeAudio,Asian (East),men,00065_id08652_wavtolip.mp4,FakeVideo-FakeAudio/Asian (East)/men/id05332,FakeVideo-FakeAudio/Asian (East)/men/id05332/00065_id08652_wavtolip.mp4,/Users/jeevikakiran/Documents/USC/Multimodal/Project/FakeAVCeleb_v1.2/FakeAVCeleb_v1.2/FakeVideo-FakeAudio/Asian (East)/men/id05332/00065_id08652_wavtolip.mp4,1,1,1,1,FAKE,train
id08652__00006_id04687_wavtolip__5d22b1eac7,id08652,id04687,-,wav2lip,C,FakeVideo-RealAudio,Asian (East),men,00006_id04687_wavtolip.mp4,FakeVideo-RealAudio/Asian (East)/men/id08652,FakeVideo-RealAudio/Asian (East)/men/id08652/00006_id04687_wavtolip.mp4,/Users/jeevikakiran/Documents/USC/Multimodal/Project/FakeAVCeleb_v1.2/FakeAVCeleb_v1.2/FakeVideo-RealAudio/Asian (East)/men/id08652/00006_id04687_wavtolip.mp4,1,1,0,1,FAKE,train
id08314__00028__e7577f6b15,id08314,-,-,real,A,RealVideo-RealAudio,Asian (South),men,00028.mp4,RealVideo-RealAudio/Asian (South)/men/id08314,RealVideo-RealAudio/Asian (South)/men/id08314/00028.mp4,/Users/jeevikakiran/Documents/USC/Multimodal/Project/FakeAVCeleb_v1.2/FakeAVCeleb_v1.2/RealVideo-RealAudio/Asian (South)/men/id08314/00028.mp4,1,0,0,0,REAL,train
id00235__00052__72086b39c0,id00235,-,-,real,A,RealVideo-RealAudio,Asian (South),women,00052.mp4,RealVideo-RealAudio/Asian (South)/women/id00235,RealVideo-RealAudio/Asian (South)/women/id00235/00052.mp4,/Users/jeevikakiran/Documents/USC/Multimodal/Project/FakeAVCeleb_v1.2/FakeAVCeleb_v1.2/RealVideo-RealAudio/Asian (South)/women/id00235/00052.mp4,1,0,0,0,REAL,train
id05268__00010__1fb3a599c9,id05268,-,-,real,A,RealVideo-RealAudio,Asian (East),men,00010.mp4,RealVideo-RealAudio/Asian (East)/men/id05268,RealVideo-RealAudio/Asian (East)/men/id05268/00010.mp4,/Users/jeevikakiran/Documents/USC/Multimodal/Project/FakeAVCeleb_v1.2/FakeAVCeleb_v1.2/RealVideo-RealAudio/Asian (East)/men/id05268/00010.mp4,1,0,0,0,REAL,train
id00071__00014__a0b1ec2189,id00071,-,-,real,A,RealVideo-RealAudio,Caucasian (European),women,00014.mp4,RealVideo-RealAudio/Caucasian (European)/women/id00071,RealVideo-RealAudio/Caucasian (European)/women/id00071/00014.mp4,/Users/jeevikakiran/Documents/USC/Multimodal/Project/FakeAVCeleb_v1.2/FakeAVCeleb_v1.2/RealVideo-RealAudio/Caucasian (European)/women/id00071/00014.mp4,1,0,0,0,REAL,train
id01170__00021_id00476_wavtolip__31f729e2f5,id01170,id00476,-,wav2lip,C,FakeVideo-RealAudio,African,men,00021_id00476_wavtolip.mp4,FakeVideo-RealAudio/African/men/id01170,FakeVideo-RealAudio/African/men/id01170/00021_id00476_wavtolip.mp4,/Users/jeevikakiran/Documents/USC/Multimodal/Project/FakeAVCeleb_v1.2/FakeAVCeleb_v1.2/FakeVideo-RealAudio/African/men/id01170/00021_id00476_wavtolip.mp4,1,1,0,1,FAKE,train
id02365__00028__ea9960f8d7,id02365,-,-,real,A,RealVideo-RealAudio,Asian (East),men,00028.mp4,RealVideo-RealAudio/Asian (East)/men/id02365,RealVideo-RealAudio/Asian (East)/men/id02365/00028.mp4,/Users/jeevikakiran/Documents/USC/Multimodal/Project/FakeAVCeleb_v1.2/FakeAVCeleb_v1.2/RealVideo-RealAudio/Asian (East)/men/id02365/00028.mp4,1,0,0,0,REAL,train
id03658__00077__988fb17081,id03658,-,-,real,A,RealVideo-RealAudio,African,women,00077.mp4,RealVideo-RealAudio/African/women/id03658,RealVideo-RealAudio/African/women/id03658/00077.mp4,/Users/jeevikakiran/Documents/USC/Multimodal/Project/FakeAVCeleb_v1.2/FakeAVCeleb_v1.2/RealVideo-RealAudio/African/women/id03658/00077.mp4,1,0,0,0,REAL,train
id04219__00130__3dc53cd9d4,id04219,-,-,real,A,RealVideo-RealAudio,Caucasian (American),men,00130.mp4,RealVideo-RealAudio/Caucasian (American)/men/id04219,RealVideo-RealAudio/Caucasian (American)/men/id04219/00130.mp4,/Users/jeevikakiran/Documents/USC/Multimodal/Project/FakeAVCeleb_v1.2/FakeAVCeleb_v1.2/RealVideo-RealAudio/Caucasian (American)/men/id04219/00130.mp4,1,0,0,0,REAL,train
id00171__00092__758f9b8c06,id00171,-,-,real,A,RealVideo-RealAudio,Caucasian (European),men,00092.mp4,RealVideo-RealAudio/Caucasian (European)/men/id00171,RealVideo-RealAudio/Caucasian (European)/men/id00171/00092.mp4,/Users/jeevikakiran/Documents/USC/Multimodal/Project/FakeAVCeleb_v1.2/FakeAVCeleb_v1.2/RealVideo-RealAudio/Caucasian (European)/men/id00171/00092.mp4,1,0,0,0,REAL,train
id03656__00052_3_id00371_wavtolip__3d0049f248,id03656,3,-,faceswap-wav2lip,D,FakeVideo-FakeAudio,African,women,00052_3_id00371_wavtolip.mp4,FakeVideo-FakeAudio/African/women/id03656,FakeVideo-FakeAudio/African/women/id03656/00052_3_id00371_wavtolip.mp4,/Users/jeevikakiran/Documents/USC/Multimodal/Project/FakeAVCeleb_v1.2/FakeAVCeleb_v1.2/FakeVideo-FakeAudio/African/women/id03656/00052_3_id00371_wavtolip.mp4,1,1,1,1,FAKE,train
id07108__00412_id06334_wavtolip__c0f2d00e61,id07108,id06334,-,wav2lip,C,FakeVideo-RealAudio,Asian (South),men,00412_id06334_wavtolip.mp4,FakeVideo-RealAudio/Asian (South)/men/id07108,FakeVideo-RealAudio/Asian (South)/men/id07108/00412_id06334_wavtolip.mp4,/Users/jeevikakiran/Documents/USC/Multimodal/Project/FakeAVCeleb_v1.2/FakeAVCeleb_v1.2/FakeVideo-RealAudio/Asian (South)/men/id07108/00412_id06334_wavtolip.mp4,1,1,0,1,FAKE,train
id03559__00023_id06232_gipuw_fvbem_id06439_wavtolip__9ddd3f3c04,id03559,id06232,id06439,fsgan-wav2lip,D,FakeVideo-FakeAudio,Asian (South),women,00023_id06232_GiPuw-FvbeM_id06439_wavtolip.mp4,FakeVideo-FakeAudio/Asian (South)/women/id03559,FakeVideo-FakeAudio/Asian (South)/women/id03559/00023_id06232_GiPuw-FvbeM_id06439_wavtolip.mp4,/Users/jeevikakiran/Documents/USC/Multimodal/Project/FakeAVCeleb_v1.2/FakeAVCeleb_v1.2/FakeVideo-FakeAudio/Asian (South)/women/id03559/00023_id06232_GiPuw-FvbeM_id06439_wavtolip.mp4,1,1,1,1,FAKE,train
id01102__00197__63635b5e49,id01102,-,-,real,A,RealVideo-RealAudio,Caucasian (European),men,00197.mp4,RealVideo-RealAudio/Caucasian (European)/men/id01102,RealVideo-RealAudio/Caucasian (European)/men/id01102/00197.mp4,/Users/jeevikakiran/Documents/USC/Multimodal/Project/FakeAVCeleb_v1.2/FakeAVCeleb_v1.2/RealVideo-RealAudio/Caucasian (European)/men/id01102/00197.mp4,1,0,0,0,REAL,train
id06428__00043__9c2c14597f,id06428,-,-,real,A,RealVideo-RealAudio,Asian (South),women,00043.mp4,RealVideo-RealAudio/Asian (South)/women/id06428,RealVideo-RealAudio/Asian (South)/women/id06428/00043.mp4,/Users/jeevikakiran/Documents/USC/Multimodal/Project/FakeAVCeleb_v1.2/FakeAVCeleb_v1.2/RealVideo-RealAudio/Asian (South)/women/id06428/00043.mp4,1,0,0,0,REAL,val
id01392__00167_3__d381ce6bca,id01392,3.mp4,-,faceswap,C,FakeVideo-RealAudio,African,men,00167_3.mp4,FakeVideo-RealAudio/African/men/id01392,FakeVideo-RealAudio/African/men/id01392/00167_3.mp4,/Users/jeevikakiran/Documents/USC/Multimodal/Project/FakeAVCeleb_v1.2/FakeAVCeleb_v1.2/FakeVideo-RealAudio/African/men/id01392/00167_3.mp4,1,1,0,1,FAKE,train
id01172__00015__dd2b45c296,id01172,-,-,real,A,RealVideo-RealAudio,Caucasian (American),men,00015.mp4,RealVideo-RealAudio/Caucasian (American)/men/id01172,RealVideo-RealAudio/Caucasian (American)/men/id01172/00015.mp4,/Users/jeevikakiran/Documents/USC/Multimodal/Project/FakeAVCeleb_v1.2/FakeAVCeleb_v1.2/RealVideo-RealAudio/Caucasian (American)/men/id01172/00015.mp4,1,0,0,0,REAL,train
id00025__00025_id01004_867wlj7gw68__494dc2de4f,id00025,id01004,-,fsgan,C,FakeVideo-RealAudio,Caucasian (American),women,00025_id01004_867Wlj7Gw68.mp4,FakeVideo-RealAudio/Caucasian (American)/women/id00025,FakeVideo-RealAudio/Caucasian (American)/women/id00025/00025_id01004_867Wlj7Gw68.mp4,/Users/jeevikakiran/Documents/USC/Multimodal/Project/FakeAVCeleb_v1.2/FakeAVCeleb_v1.2/FakeVideo-RealAudio/Caucasian (American)/women/id00025/00025_id01004_867Wlj7Gw68.mp4,1,1,0,1,FAKE,val
id00265__00130__1aeaf3283f,id00265,-,-,real,A,RealVideo-RealAudio,Caucasian (European),men,00130.mp4,RealVideo-RealAudio/Caucasian (European)/men/id00265,RealVideo-RealAudio/Caucasian (European)/men/id00265/00130.mp4,/Users/jeevikakiran/Documents/USC/Multimodal/Project/FakeAVCeleb_v1.2/FakeAVCeleb_v1.2/RealVideo-RealAudio/Caucasian (European)/men/id00265/00130.mp4,1,0,0,0,REAL,train
id00265__00130_id00241_dli4wqsfwbi__38b95c7d42,id00265,id00241,-,fsgan,C,FakeVideo-RealAudio,Caucasian (European),men,00130_id00241_DlI4wqSFwbI.mp4,FakeVideo-RealAudio/Caucasian (European)/men/id00265,FakeVideo-RealAudio/Caucasian (European)/men/id00265/00130_id00241_DlI4wqSFwbI.mp4,/Users/jeevikakiran/Documents/USC/Multimodal/Project/FakeAVCeleb_v1.2/FakeAVCeleb_v1.2/FakeVideo-RealAudio/Caucasian (European)/men/id00265/00130_id00241_DlI4wqSFwbI.mp4,1,1,0,1,FAKE,train
id06254__00043_id03559_wavtolip__b7ad8e7a72,id06254,id03559,-,wav2lip,D,FakeVideo-FakeAudio,Asian (South),women,00043_id03559_wavtolip.mp4,FakeVideo-FakeAudio/Asian (South)/women/id06254,FakeVideo-FakeAudio/Asian (South)/women/id06254/00043_id03559_wavtolip.mp4,/Users/jeevikakiran/Documents/USC/Multimodal/Project/FakeAVCeleb_v1.2/FakeAVCeleb_v1.2/FakeVideo-FakeAudio/Asian (South)/women/id06254/00043_id03559_wavtolip.mp4,1,1,1,1,FAKE,train
id00076__00109__c75f80e7e6,id00076,-,-,real,A,RealVideo-RealAudio,African,men,00109.mp4,RealVideo-RealAudio/African/men/id00076,RealVideo-RealAudio/African/men/id00076/00109.mp4,/Users/jeevikakiran/Documents/USC/Multimodal/Project/FakeAVCeleb_v1.2/FakeAVCeleb_v1.2/RealVideo-RealAudio/African/men/id00076/00109.mp4,1,0,0,0,REAL,train
id00306__00015__81b9b37370,id00306,-,-,real,A,RealVideo-RealAudio,Caucasian (European),men,00015.mp4,RealVideo-RealAudio/Caucasian (European)/men/id00306,RealVideo-RealAudio/Caucasian (European)/men/id00306/00015.mp4,/Users/jeevikakiran/Documents/USC/Multimodal/Project/FakeAVCeleb_v1.2/FakeAVCeleb_v1.2/RealVideo-RealAudio/Caucasian (European)/men/id00306/00015.mp4,1,0,0,0,REAL,val
id07799__00063_id06158_c6fphdeweza__328215905b,id07799,id06158,-,fsgan,C,FakeVideo-RealAudio,Asian (East),women,00063_id06158_C6FpHdewEzA.mp4,FakeVideo-RealAudio/Asian (East)/women/id07799,FakeVideo-RealAudio/Asian (East)/women/id07799/00063_id06158_C6FpHdewEzA.mp4,/Users/jeevikakiran/Documents/USC/Multimodal/Project/FakeAVCeleb_v1.2/FakeAVCeleb_v1.2/FakeVideo-RealAudio/Asian (East)/women/id07799/00063_id06158_C6FpHdewEzA.mp4,1,1,0,1,FAKE,train
id02553__00043_2_id02332_wavtolip__d1c4c212c2,id02553,2,-,faceswap-wav2lip,D,FakeVideo-FakeAudio,Asian (East),men,00043_2_id02332_wavtolip.mp4,FakeVideo-FakeAudio/Asian (East)/men/id02553,FakeVideo-FakeAudio/Asian (East)/men/id02553/00043_2_id02332_wavtolip.mp4,/Users/jeevikakiran/Documents/USC/Multimodal/Project/FakeAVCeleb_v1.2/FakeAVCeleb_v1.2/FakeVideo-FakeAudio/Asian (East)/men/id02553/00043_2_id02332_wavtolip.mp4,1,1,1,1,FAKE,train
id02296__00019_fake__7817c39b14,id02296,fake.mp4,-,rtvc,B,RealVideo-FakeAudio,African,men,00019_fake.mp4,RealVideo-FakeAudio/African/men/id02296,RealVideo-FakeAudio/African/men/id02296/00019_fake.mp4,/Users/jeevikakiran/Documents/USC/Multimodal/Project/FakeAVCeleb_v1.2/FakeAVCeleb_v1.2/RealVideo-FakeAudio/African/men/id02296/00019_fake.mp4,1,0,1,1,FAKE,train
id07200__00045_id00816_bfudchqbkpo_id00745_wavtolip__a84cc31cb9,id07200,id00816,id00745,fsgan-wav2lip,D,FakeVideo-FakeAudio,Asian (South),men,00045_id00816_BFudcHqBkpo_id00745_wavtolip.mp4,FakeVideo-FakeAudio/Asian (South)/men/id07200,FakeVideo-FakeAudio/Asian (South)/men/id07200/00045_id00816_BFudcHqBkpo_id00745_wavtolip.mp4,/Users/jeevikakiran/Documents/USC/Multimodal/Project/FakeAVCeleb_v1.2/FakeAVCeleb_v1.2/FakeVideo-FakeAudio/Asian (South)/men/id07200/00045_id00816_BFudcHqBkpo_id00745_wavtolip.mp4,1,1,1,1,FAKE,train
id05478__00135__74c4bffb65,id05478,-,-,real,A,RealVideo-RealAudio,Asian (South),women,00135.mp4,RealVideo-RealAudio/Asian (South)/women/id05478,RealVideo-RealAudio/Asian (South)/women/id05478/00135.mp4,/Users/jeevikakiran/Documents/USC/Multimodal/Project/FakeAVCeleb_v1.2/FakeAVCeleb_v1.2/RealVideo-RealAudio/Asian (South)/women/id05478/00135.mp4,1,0,0,0,REAL,train
id00103__00241__a55c85a460,id00103,-,-,real,A,RealVideo-RealAudio,Asian (South),men,00241.mp4,RealVideo-RealAudio/Asian (South)/men/id00103,RealVideo-RealAudio/Asian (South)/men/id00103/00241.mp4,/Users/jeevikakiran/Documents/USC/Multimodal/Project/FakeAVCeleb_v1.2/FakeAVCeleb_v1.2/RealVideo-RealAudio/Asian (South)/men/id00103/00241.mp4,1,0,0,0,REAL,train
id00616__00305__dfe75d9ed3,id00616,-,-,real,A,RealVideo-RealAudio,Caucasian (American),women,00305.mp4,RealVideo-RealAudio/Caucasian (American)/women/id00616,RealVideo-RealAudio/Caucasian (American)/women/id00616/00305.mp4,/Users/jeevikakiran/Documents/USC/Multimodal/Project/FakeAVCeleb_v1.2/FakeAVCeleb_v1.2/RealVideo-RealAudio/Caucasian (American)/women/id00616/00305.mp4,1,0,0,0,REAL,train
id01042__00154__76229209ee,id01042,-,-,real,A,RealVideo-RealAudio,Caucasian (American),men,00154.mp4,RealVideo-RealAudio/Caucasian (American)/men/id01042,RealVideo-RealAudio/Caucasian (American)/men/id01042/00154.mp4,/Users/jeevikakiran/Documents/USC/Multimodal/Project/FakeAVCeleb_v1.2/FakeAVCeleb_v1.2/RealVideo-RealAudio/Caucasian (American)/men/id01042/00154.mp4,1,0,0,0,REAL,train
id03651__00092__e4c3763ebf,id03651,-,-,real,A,RealVideo-RealAudio,Caucasian (European),women,00092.mp4,RealVideo-RealAudio/Caucasian (European)/women/id03651,RealVideo-RealAudio/Caucasian (European)/women/id03651/00092.mp4,/Users/jeevikakiran/Documents/USC/Multimodal/Project/FakeAVCeleb_v1.2/FakeAVCeleb_v1.2/RealVideo-RealAudio/Caucasian (European)/women/id03651/00092.mp4,1,0,0,0,REAL,train
id04526__00317__fef1014a18,id04526,-,-,real,A,RealVideo-RealAudio,Asian (South),men,00317.mp4,RealVideo-RealAudio/Asian (South)/men/id04526,RealVideo-RealAudio/Asian (South)/men/id04526/00317.mp4,/Users/jeevikakiran/Documents/USC/Multimodal/Project/FakeAVCeleb_v1.2/FakeAVCeleb_v1.2/RealVideo-RealAudio/Asian (South)/men/id04526/00317.mp4,1,0,0,0,REAL,train
id00271__00028_id00806_wavtolip__829ead0343,id00271,id00806,-,wav2lip,D,FakeVideo-FakeAudio,Caucasian (European),women,00028_id00806_wavtolip.mp4,FakeVideo-FakeAudio/Caucasian (European)/women/id00271,FakeVideo-FakeAudio/Caucasian (European)/women/id00271/00028_id00806_wavtolip.mp4,/Users/jeevikakiran/Documents/USC/Multimodal/Project/FakeAVCeleb_v1.2/FakeAVCeleb_v1.2/FakeVideo-FakeAudio/Caucasian (European)/women/id00271/00028_id00806_wavtolip.mp4,1,1,1,1,FAKE,train
id07338__00003_fake__5e34441ae4,id07338,fake.mp4,-,rtvc,B,RealVideo-FakeAudio,Asian (East),men,00003_fake.mp4,RealVideo-FakeAudio/Asian (East)/men/id07338,RealVideo-FakeAudio/Asian (East)/men/id07338/00003_fake.mp4,/Users/jeevikakiran/Documents/USC/Multimodal/Project/FakeAVCeleb_v1.2/FakeAVCeleb_v1.2/RealVideo-FakeAudio/Asian (East)/men/id07338/00003_fake.mp4,1,0,1,1,FAKE,train
id04705__00408__f1a97316ad,id04705,-,-,real,A,RealVideo-RealAudio,African,women,00408.mp4,RealVideo-RealAudio/African/women/id04705,RealVideo-RealAudio/African/women/id04705/00408.mp4,/Users/jeevikakiran/Documents/USC/Multimodal/Project/FakeAVCeleb_v1.2/FakeAVCeleb_v1.2/RealVideo-RealAudio/African/women/id04705/00408.mp4,1,0,0,0,REAL,train
id02365__00028_fake__a892145426,id02365,fake.mp4,-,rtvc,B,RealVideo-FakeAudio,Asian (East),men,00028_fake.mp4,RealVideo-FakeAudio/Asian (East)/men/id02365,RealVideo-FakeAudio/Asian (East)/men/id02365/00028_fake.mp4,/Users/jeevikakiran/Documents/USC/Multimodal/Project/FakeAVCeleb_v1.2/FakeAVCeleb_v1.2/RealVideo-FakeAudio/Asian (East)/men/id02365/00028_fake.mp4,1,0,1,1,FAKE,train
id01005__00028__f3f609f718,id01005,-,-,real,A,RealVideo-RealAudio,Caucasian (American),women,00028.mp4,RealVideo-RealAudio/Caucasian (American)/women/id01005,RealVideo-RealAudio/Caucasian (American)/women/id01005/00028.mp4,/Users/jeevikakiran/Documents/USC/Multimodal/Project/FakeAVCeleb_v1.2/FakeAVCeleb_v1.2/RealVideo-RealAudio/Caucasian (American)/women/id01005/00028.mp4,1,0,0,0,REAL,train
id06054__00010__f9a5c1d06f,id06054,-,-,real,A,RealVideo-RealAudio,Asian (East),women,00010.mp4,RealVideo-RealAudio/Asian (East)/women/id06054,RealVideo-RealAudio/Asian (East)/women/id06054/00010.mp4,/Users/jeevikakiran/Documents/USC/Multimodal/Project/FakeAVCeleb_v1.2/FakeAVCeleb_v1.2/RealVideo-RealAudio/Asian (East)/women/id06054/00010.mp4,1,0,0,0,REAL,val
id01098__00044_fake__d04477a523,id01098,fake.mp4,-,rtvc,B,RealVideo-FakeAudio,Caucasian (European),men,00044_fake.mp4,RealVideo-FakeAudio/Caucasian (European)/men/id01098,RealVideo-FakeAudio/Caucasian (European)/men/id01098/00044_fake.mp4,/Users/jeevikakiran/Documents/USC/Multimodal/Project/FakeAVCeleb_v1.2/FakeAVCeleb_v1.2/RealVideo-FakeAudio/Caucasian (European)/men/id01098/00044_fake.mp4,1,0,1,1,FAKE,val
id02586__00042__92d32d224d,id02586,-,-,real,A,RealVideo-RealAudio,African,women,00042.mp4,RealVideo-RealAudio/African/women/id02586,RealVideo-RealAudio/African/women/id02586/00042.mp4,/Users/jeevikakiran/Documents/USC/Multimodal/Project/FakeAVCeleb_v1.2/FakeAVCeleb_v1.2/RealVideo-RealAudio/African/women/id02586/00042.mp4,1,0,0,0,REAL,train
id08397__00167__11fa00632d,id08397,-,-,real,A,RealVideo-RealAudio,Asian (East),women,00167.mp4,RealVideo-RealAudio/Asian (East)/women/id08397,RealVideo-RealAudio/Asian (East)/women/id08397/00167.mp4,/Users/jeevikakiran/Documents/USC/Multimodal/Project/FakeAVCeleb_v1.2/FakeAVCeleb_v1.2/RealVideo-RealAudio/Asian (East)/women/id08397/00167.mp4,1,0,0,0,REAL,val
id01163__00195__7e3f3809b5,id01163,-,-,real,A,RealVideo-RealAudio,Caucasian (American),men,00195.mp4,RealVideo-RealAudio/Caucasian (American)/men/id01163,RealVideo-RealAudio/Caucasian (American)/men/id01163/00195.mp4,/Users/jeevikakiran/Documents/USC/Multimodal/Project/FakeAVCeleb_v1.2/FakeAVCeleb_v1.2/RealVideo-RealAudio/Caucasian (American)/men/id01163/00195.mp4,1,0,0,0,REAL,train
id00055__00120__f49e2c1924,id00055,-,-,real,A,RealVideo-RealAudio,Caucasian (European),men,00120.mp4,RealVideo-RealAudio/Caucasian (European)/men/id00055,RealVideo-RealAudio/Caucasian (European)/men/id00055/00120.mp4,/Users/jeevikakiran/Documents/USC/Multimodal/Project/FakeAVCeleb_v1.2/FakeAVCeleb_v1.2/RealVideo-RealAudio/Caucasian (European)/men/id00055/00120.mp4,1,0,0,0,REAL,train
id04561__00248__824dc2a800,id04561,-,-,real,A,RealVideo-RealAudio,Asian (South),men,00248.mp4,RealVideo-RealAudio/Asian (South)/men/id04561,RealVideo-RealAudio/Asian (South)/men/id04561/00248.mp4,/Users/jeevikakiran/Documents/USC/Multimodal/Project/FakeAVCeleb_v1.2/FakeAVCeleb_v1.2/RealVideo-RealAudio/Asian (South)/men/id04561/00248.mp4,1,0,0,0,REAL,train
id00559__00078__010d9e8577,id00559,-,-,real,A,RealVideo-RealAudio,Caucasian (European),men,00078.mp4,RealVideo-RealAudio/Caucasian (European)/men/id00559,RealVideo-RealAudio/Caucasian (European)/men/id00559/00078.mp4,/Users/jeevikakiran/Documents/USC/Multimodal/Project/FakeAVCeleb_v1.2/FakeAVCeleb_v1.2/RealVideo-RealAudio/Caucasian (European)/men/id00559/00078.mp4,1,0,0,0,REAL,val
id03757__00149__8872a7b1d6,id03757,-,-,real,A,RealVideo-RealAudio,Caucasian (American),men,00149.mp4,RealVideo-RealAudio/Caucasian (American)/men/id03757,RealVideo-RealAudio/Caucasian (American)/men/id03757/00149.mp4,/Users/jeevikakiran/Documents/USC/Multimodal/Project/FakeAVCeleb_v1.2/FakeAVCeleb_v1.2/RealVideo-RealAudio/Caucasian (American)/men/id03757/00149.mp4,1,0,0,0,REAL,train
id04560__00195__27d67623d9,id04560,-,-,real,A,RealVideo-RealAudio,Asian (South),men,00195.mp4,RealVideo-RealAudio/Asian (South)/men/id04560,RealVideo-RealAudio/Asian (South)/men/id04560/00195.mp4,/Users/jeevikakiran/Documents/USC/Multimodal/Project/FakeAVCeleb_v1.2/FakeAVCeleb_v1.2/RealVideo-RealAudio/Asian (South)/men/id04560/00195.mp4,1,0,0,0,REAL,train
id06428__00043_id05434_6p7kcmdojdq_id05478_wavtolip__913d773c5a,id06428,id05434,id05478,fsgan-wav2lip,D,FakeVideo-FakeAudio,Asian (South),women,00043_id05434_6p7kCmdOjDQ_id05478_wavtolip.mp4,FakeVideo-FakeAudio/Asian (South)/women/id06428,FakeVideo-FakeAudio/Asian (South)/women/id06428/00043_id05434_6p7kCmdOjDQ_id05478_wavtolip.mp4,/Users/jeevikakiran/Documents/USC/Multimodal/Project/FakeAVCeleb_v1.2/FakeAVCeleb_v1.2/FakeVideo-FakeAudio/Asian (South)/women/id06428/00043_id05434_6p7kCmdOjDQ_id05478_wavtolip.mp4,1,1,1,1,FAKE,train
id01182__00167__58d867690b,id01182,-,-,real,A,RealVideo-RealAudio,Caucasian (American),men,00167.mp4,RealVideo-RealAudio/Caucasian (American)/men/id01182,RealVideo-RealAudio/Caucasian (American)/men/id01182/00167.mp4,/Users/jeevikakiran/Documents/USC/Multimodal/Project/FakeAVCeleb_v1.2/FakeAVCeleb_v1.2/RealVideo-RealAudio/Caucasian (American)/men/id01182/00167.mp4,1,0,0,0,REAL,train
id00043__00135__ed73ae4f82,id00043,-,-,real,A,RealVideo-RealAudio,Asian (South),women,00135.mp4,RealVideo-RealAudio/Asian (South)/women/id00043,RealVideo-RealAudio/Asian (South)/women/id00043/00135.mp4,/Users/jeevikakiran/Documents/USC/Multimodal/Project/FakeAVCeleb_v1.2/FakeAVCeleb_v1.2/RealVideo-RealAudio/Asian (South)/women/id00043/00135.mp4,1,0,0,0,REAL,train
id00398__00016__c5eb19df29,id00398,-,-,real,A,RealVideo-RealAudio,Caucasian (American),women,00016.mp4,RealVideo-RealAudio/Caucasian (American)/women/id00398,RealVideo-RealAudio/Caucasian (American)/women/id00398/00016.mp4,/Users/jeevikakiran/Documents/USC/Multimodal/Project/FakeAVCeleb_v1.2/FakeAVCeleb_v1.2/RealVideo-RealAudio/Caucasian (American)/women/id00398/00016.mp4,1,0,0,0,REAL,train
id01597__00005__d6f454e108,id01597,-,-,real,A,RealVideo-RealAudio,African,men,00005.mp4,RealVideo-RealAudio/African/men/id01597,RealVideo-RealAudio/African/men/id01597/00005.mp4,/Users/jeevikakiran/Documents/USC/Multimodal/Project/FakeAVCeleb_v1.2/FakeAVCeleb_v1.2/RealVideo-RealAudio/African/men/id01597/00005.mp4,1,0,0,0,REAL,train
id00745__00165_id00103_wavtolip__5f2d0e245d,id00745,id00103,-,wav2lip,C,FakeVideo-RealAudio,Asian (South),men,00165_id00103_wavtolip.mp4,FakeVideo-RealAudio/Asian (South)/men/id00745,FakeVideo-RealAudio/Asian (South)/men/id00745/00165_id00103_wavtolip.mp4,/Users/jeevikakiran/Documents/USC/Multimodal/Project/FakeAVCeleb_v1.2/FakeAVCeleb_v1.2/FakeVideo-RealAudio/Asian (South)/men/id00745/00165_id00103_wavtolip.mp4,1,1,0,1,FAKE,train
id02464__00002__1c402a6604,id02464,-,-,real,A,RealVideo-RealAudio,Caucasian (American),women,00002.mp4,RealVideo-RealAudio/Caucasian (American)/women/id02464,RealVideo-RealAudio/Caucasian (American)/women/id02464/00002.mp4,/Users/jeevikakiran/Documents/USC/Multimodal/Project/FakeAVCeleb_v1.2/FakeAVCeleb_v1.2/RealVideo-RealAudio/Caucasian (American)/women/id02464/00002.mp4,1,0,0,0,REAL,val
id01002__00043__fa42be591a,id01002,-,-,real,A,RealVideo-RealAudio,Caucasian (European),women,00043.mp4,RealVideo-RealAudio/Caucasian (European)/women/id01002,RealVideo-RealAudio/Caucasian (European)/women/id01002/00043.mp4,/Users/jeevikakiran/Documents/USC/Multimodal/Project/FakeAVCeleb_v1.2/FakeAVCeleb_v1.2/RealVideo-RealAudio/Caucasian (European)/women/id01002/00043.mp4,1,0,0,0,REAL,train
id01204__00092_fake__e178b9817c,id01204,fake.mp4,-,rtvc,B,RealVideo-FakeAudio,Asian (East),men,00092_fake.mp4,RealVideo-FakeAudio/Asian (East)/men/id01204,RealVideo-FakeAudio/Asian (East)/men/id01204/00092_fake.mp4,/Users/jeevikakiran/Documents/USC/Multimodal/Project/FakeAVCeleb_v1.2/FakeAVCeleb_v1.2/RealVideo-FakeAudio/Asian (East)/men/id01204/00092_fake.mp4,1,0,1,1,FAKE,train
id00462__00143__13ced39965,id00462,-,-,real,A,RealVideo-RealAudio,Caucasian (American),women,00143.mp4,RealVideo-RealAudio/Caucasian (American)/women/id00462,RealVideo-RealAudio/Caucasian (American)/women/id00462/00143.mp4,/Users/jeevikakiran/Documents/USC/Multimodal/Project/FakeAVCeleb_v1.2/FakeAVCeleb_v1.2/RealVideo-RealAudio/Caucasian (American)/women/id00462/00143.mp4,1,0,0,0,REAL,val
id00589__00130_id00897_0ayfw8jhoyi__33da0324c0,id00589,id00897,-,fsgan,C,FakeVideo-RealAudio,Caucasian (European),women,00130_id00897_0ayFw8JhoyI.mp4,FakeVideo-RealAudio/Caucasian (European)/women/id00589,FakeVideo-RealAudio/Caucasian (European)/women/id00589/00130_id00897_0ayFw8JhoyI.mp4,/Users/jeevikakiran/Documents/USC/Multimodal/Project/FakeAVCeleb_v1.2/FakeAVCeleb_v1.2/FakeVideo-RealAudio/Caucasian (European)/women/id00589/00130_id00897_0ayFw8JhoyI.mp4,1,1,0,1,FAKE,train
id01239__00280__576e1b82e4,id01239,-,-,real,A,RealVideo-RealAudio,Caucasian (American),men,00280.mp4,RealVideo-RealAudio/Caucasian (American)/men/id01239,RealVideo-RealAudio/Caucasian (American)/men/id01239/00280.mp4,/Users/jeevikakiran/Documents/USC/Multimodal/Project/FakeAVCeleb_v1.2/FakeAVCeleb_v1.2/RealVideo-RealAudio/Caucasian (American)/men/id01239/00280.mp4,1,0,0,0,REAL,train
id00618__00195__a223a17923,id00618,-,-,real,A,RealVideo-RealAudio,Caucasian (American),women,00195.mp4,RealVideo-RealAudio/Caucasian (American)/women/id00618,RealVideo-RealAudio/Caucasian (American)/women/id00618/00195.mp4,/Users/jeevikakiran/Documents/USC/Multimodal/Project/FakeAVCeleb_v1.2/FakeAVCeleb_v1.2/RealVideo-RealAudio/Caucasian (American)/women/id00618/00195.mp4,1,0,0,0,REAL,train
id00476__00109__702247b9b0,id00476,-,-,real,A,RealVideo-RealAudio,African,men,00109.mp4,RealVideo-RealAudio/African/men/id00476,RealVideo-RealAudio/African/men/id00476/00109.mp4,/Users/jeevikakiran/Documents/USC/Multimodal/Project/FakeAVCeleb_v1.2/FakeAVCeleb_v1.2/RealVideo-RealAudio/African/men/id00476/00109.mp4,1,0,0,0,REAL,train
id00745__00165_id04561_tu_uyy5hsvc__567ce4c12f,id00745,id04561,-,fsgan,C,FakeVideo-RealAudio,Asian (South),men,00165_id04561_tU_UYY5hSvc.mp4,FakeVideo-RealAudio/Asian (South)/men/id00745,FakeVideo-RealAudio/Asian (South)/men/id00745/00165_id04561_tU_UYY5hSvc.mp4,/Users/jeevikakiran/Documents/USC/Multimodal/Project/FakeAVCeleb_v1.2/FakeAVCeleb_v1.2/FakeVideo-RealAudio/Asian (South)/men/id00745/00165_id04561_tU_UYY5hSvc.mp4,1,1,0,1,FAKE,train
id05845__00027__fea5323079,id05845,-,-,real,A,RealVideo-RealAudio,Asian (South),women,00027.mp4,RealVideo-RealAudio/Asian (South)/women/id05845,RealVideo-RealAudio/Asian (South)/women/id05845/00027.mp4,/Users/jeevikakiran/Documents/USC/Multimodal/Project/FakeAVCeleb_v1.2/FakeAVCeleb_v1.2/RealVideo-RealAudio/Asian (South)/women/id05845/00027.mp4,1,0,0,0,REAL,val
id02824__00130__ab056e66b5,id02824,-,-,real,A,RealVideo-RealAudio,African,women,00130.mp4,RealVideo-RealAudio/African/women/id02824,RealVideo-RealAudio/African/women/id02824/00130.mp4,/Users/jeevikakiran/Documents/USC/Multimodal/Project/FakeAVCeleb_v1.2/FakeAVCeleb_v1.2/RealVideo-RealAudio/African/women/id02824/00130.mp4,1,0,0,0,REAL,train
id01018__00072_fake__5699d18285,id01018,fake.mp4,-,rtvc,B,RealVideo-FakeAudio,Caucasian (European),women,00072_fake.mp4,RealVideo-FakeAudio/Caucasian (European)/women/id01018,RealVideo-FakeAudio/Caucasian (European)/women/id01018/00072_fake.mp4,/Users/jeevikakiran/Documents/USC/Multimodal/Project/FakeAVCeleb_v1.2/FakeAVCeleb_v1.2/RealVideo-FakeAudio/Caucasian (European)/women/id01018/00072_fake.mp4,1,0,1,1,FAKE,train
id01126__00040_id01156_wavtolip__6430e75a40,id01126,id01156,-,wav2lip,C,FakeVideo-RealAudio,Caucasian (European),men,00040_id01156_wavtolip.mp4,FakeVideo-RealAudio/Caucasian (European)/men/id01126,FakeVideo-RealAudio/Caucasian (European)/men/id01126/00040_id01156_wavtolip.mp4,/Users/jeevikakiran/Documents/USC/Multimodal/Project/FakeAVCeleb_v1.2/FakeAVCeleb_v1.2/FakeVideo-RealAudio/Caucasian (European)/men/id01126/00040_id01156_wavtolip.mp4,1,1,0,1,FAKE,train
id06591__00021__25655e3dd7,id06591,-,-,real,A,RealVideo-RealAudio,Asian (East),men,00021.mp4,RealVideo-RealAudio/Asian (East)/men/id06591,RealVideo-RealAudio/Asian (East)/men/id06591/00021.mp4,/Users/jeevikakiran/Documents/USC/Multimodal/Project/FakeAVCeleb_v1.2/FakeAVCeleb_v1.2/RealVideo-RealAudio/Asian (East)/men/id06591/00021.mp4,1,0,0,0,REAL,train
id04034__00009__116ba997ee,id04034,-,-,real,A,RealVideo-RealAudio,Caucasian (American),men,00009.mp4,RealVideo-RealAudio/Caucasian (American)/men/id04034,RealVideo-RealAudio/Caucasian (American)/men/id04034/00009.mp4,/Users/jeevikakiran/Documents/USC/Multimodal/Project/FakeAVCeleb_v1.2/FakeAVCeleb_v1.2/RealVideo-RealAudio/Caucasian (American)/men/id04034/00009.mp4,1,0,0,0,REAL,train
id06254__00043_id05845_xfmhm6cewpw__483b2a0e7f,id06254,id05845,-,fsgan,C,FakeVideo-RealAudio,Asian (South),women,00043_id05845_XfMHm6CEwPw.mp4,FakeVideo-RealAudio/Asian (South)/women/id06254,FakeVideo-RealAudio/Asian (South)/women/id06254/00043_id05845_XfMHm6CEwPw.mp4,/Users/jeevikakiran/Documents/USC/Multimodal/Project/FakeAVCeleb_v1.2/FakeAVCeleb_v1.2/FakeVideo-RealAudio/Asian (South)/women/id06254/00043_id05845_XfMHm6CEwPw.mp4,1,1,0,1,FAKE,train
id06269__00005__6813efdcac,id06269,-,-,real,A,RealVideo-RealAudio,Asian (East),men,00005.mp4,RealVideo-RealAudio/Asian (East)/men/id06269,RealVideo-RealAudio/Asian (East)/men/id06269/00005.mp4,/Users/jeevikakiran/Documents/USC/Multimodal/Project/FakeAVCeleb_v1.2/FakeAVCeleb_v1.2/RealVideo-RealAudio/Asian (East)/men/id06269/00005.mp4,1,0,0,0,REAL,train
id04111__00015__b0862236bc,id04111,-,-,real,A,RealVideo-RealAudio,Asian (East),men,00015.mp4,RealVideo-RealAudio/Asian (East)/men/id04111,RealVideo-RealAudio/Asian (East)/men/id04111/00015.mp4,/Users/jeevikakiran/Documents/USC/Multimodal/Project/FakeAVCeleb_v1.2/FakeAVCeleb_v1.2/RealVideo-RealAudio/Asian (East)/men/id04111/00015.mp4,1,0,0,0,REAL,train
id00021__00010_fake__8d29c1e880,id00021,fake.mp4,-,rtvc,B,RealVideo-FakeAudio,Caucasian (American),men,00010_fake.mp4,RealVideo-FakeAudio/Caucasian (American)/men/id00021,RealVideo-FakeAudio/Caucasian (American)/men/id00021/00010_fake.mp4,/Users/jeevikakiran/Documents/USC/Multimodal/Project/FakeAVCeleb_v1.2/FakeAVCeleb_v1.2/RealVideo-FakeAudio/Caucasian (American)/men/id00021/00010_fake.mp4,1,0,1,1,FAKE,train
id00594__00005_id00185_1lsgwpwnl1m_faceswap_id00187_wavtolip__4218d3fc8f,id00594,id00185,faceswap,faceswap-wav2lip,D,FakeVideo-FakeAudio,Caucasian (European),men,00005_id00185_1lsGWpwnl1M_faceswap_id00187_wavtolip.mp4,FakeVideo-FakeAudio/Caucasian (European)/men/id00594,FakeVideo-FakeAudio/Caucasian (European)/men/id00594/00005_id00185_1lsGWpwnl1M_faceswap_id00187_wavtolip.mp4,/Users/jeevikakiran/Documents/USC/Multimodal/Project/FakeAVCeleb_v1.2/FakeAVCeleb_v1.2/FakeVideo-FakeAudio/Caucasian (European)/men/id00594/00005_id00185_1lsGWpwnl1M_faceswap_id00187_wavtolip.mp4,1,1,1,1,FAKE,train
id01168__00028__8a9220b8b6,id01168,-,-,real,A,RealVideo-RealAudio,Caucasian (American),men,00028.mp4,RealVideo-RealAudio/Caucasian (American)/men/id01168,RealVideo-RealAudio/Caucasian (American)/men/id01168/00028.mp4,/Users/jeevikakiran/Documents/USC/Multimodal/Project/FakeAVCeleb_v1.2/FakeAVCeleb_v1.2/RealVideo-RealAudio/Caucasian (American)/men/id01168/00028.mp4,1,0,0,0,REAL,train
id00332__00293_fake__48032ed48d,id00332,fake.mp4,-,rtvc,B,RealVideo-FakeAudio,Caucasian (European),women,00293_fake.mp4,RealVideo-FakeAudio/Caucasian (European)/women/id00332,RealVideo-FakeAudio/Caucasian (European)/women/id00332/00293_fake.mp4,/Users/jeevikakiran/Documents/USC/Multimodal/Project/FakeAVCeleb_v1.2/FakeAVCeleb_v1.2/RealVideo-FakeAudio/Caucasian (European)/women/id00332/00293_fake.mp4,1,0,1,1,FAKE,train
id01972__00078_id00518_qm7oqcdg4oi__5bbe3c449e,id01972,id00518,-,fsgan,C,FakeVideo-RealAudio,African,men,00078_id00518_qm7oQcDg4oI.mp4,FakeVideo-RealAudio/African/men/id01972,FakeVideo-RealAudio/African/men/id01972/00078_id00518_qm7oQcDg4oI.mp4,/Users/jeevikakiran/Documents/USC/Multimodal/Project/FakeAVCeleb_v1.2/FakeAVCeleb_v1.2/FakeVideo-RealAudio/African/men/id01972/00078_id00518_qm7oQcDg4oI.mp4,1,1,0,1,FAKE,val
id01217__00005__6b5a6c0bf4,id01217,-,-,real,A,RealVideo-RealAudio,Caucasian (American),women,00005.mp4,RealVideo-RealAudio/Caucasian (American)/women/id01217,RealVideo-RealAudio/Caucasian (American)/women/id01217/00005.mp4,/Users/jeevikakiran/Documents/USC/Multimodal/Project/FakeAVCeleb_v1.2/FakeAVCeleb_v1.2/RealVideo-RealAudio/Caucasian (American)/women/id01217/00005.mp4,1,0,0,0,REAL,train
id02005__00052__226843b7c9,id02005,-,-,real,A,RealVideo-RealAudio,African,men,00052.mp4,RealVideo-RealAudio/African/men/id02005,RealVideo-RealAudio/African/men/id02005/00052.mp4,/Users/jeevikakiran/Documents/USC/Multimodal/Project/FakeAVCeleb_v1.2/FakeAVCeleb_v1.2/RealVideo-RealAudio/African/men/id02005/00052.mp4,1,0,0,0,REAL,train
id00088__00005_id04219_wavtolip__b55b6b9f88,id00088,id04219,-,wav2lip,C,FakeVideo-RealAudio,Caucasian (American),men,00005_id04219_wavtolip.mp4,FakeVideo-RealAudio/Caucasian (American)/men/id00088,FakeVideo-RealAudio/Caucasian (American)/men/id00088/00005_id04219_wavtolip.mp4,/Users/jeevikakiran/Documents/USC/Multimodal/Project/FakeAVCeleb_v1.2/FakeAVCeleb_v1.2/FakeVideo-RealAudio/Caucasian (American)/men/id00088/00005_id04219_wavtolip.mp4,1,1,0,1,FAKE,train
id00087__00002__db8f25fcad,id00087,-,-,real,A,RealVideo-RealAudio,Caucasian (American),men,00002.mp4,RealVideo-RealAudio/Caucasian (American)/men/id00087,RealVideo-RealAudio/Caucasian (American)/men/id00087/00002.mp4,/Users/jeevikakiran/Documents/USC/Multimodal/Project/FakeAVCeleb_v1.2/FakeAVCeleb_v1.2/RealVideo-RealAudio/Caucasian (American)/men/id00087/00002.mp4,1,0,0,0,REAL,train
id01920__00099_id00761_wavtolip__37a1a31896,id01920,id00761,-,wav2lip,D,FakeVideo-FakeAudio,African,men,00099_id00761_wavtolip.mp4,FakeVideo-FakeAudio/African/men/id01920,FakeVideo-FakeAudio/African/men/id01920/00099_id00761_wavtolip.mp4,/Users/jeevikakiran/Documents/USC/Multimodal/Project/FakeAVCeleb_v1.2/FakeAVCeleb_v1.2/FakeVideo-FakeAudio/African/men/id01920/00099_id00761_wavtolip.mp4,1,1,1,1,FAKE,train
id00592__00017__a1a7698d6d,id00592,-,-,real,A,RealVideo-RealAudio,African,women,00017.mp4,RealVideo-RealAudio/African/women/id00592,RealVideo-RealAudio/African/women/id00592/00017.mp4,/Users/jeevikakiran/Documents/USC/Multimodal/Project/FakeAVCeleb_v1.2/FakeAVCeleb_v1.2/RealVideo-RealAudio/African/women/id00592/00017.mp4,1,0,0,0,REAL,train
id00350__00015__0c8b03d870,id00350,-,-,real,A,RealVideo-RealAudio,Asian (South),men,00015.mp4,RealVideo-RealAudio/Asian (South)/men/id00350,RealVideo-RealAudio/Asian (South)/men/id00350/00015.mp4,/Users/jeevikakiran/Documents/USC/Multimodal/Project/FakeAVCeleb_v1.2/FakeAVCeleb_v1.2/RealVideo-RealAudio/Asian (South)/men/id00350/00015.mp4,1,0,0,0,REAL,train
id07200__00045__5ac197a1d7,id07200,-,-,real,A,RealVideo-RealAudio,Asian (South),men,00045.mp4,RealVideo-RealAudio/Asian (South)/men/id07200,RealVideo-RealAudio/Asian (South)/men/id07200/00045.mp4,/Users/jeevikakiran/Documents/USC/Multimodal/Project/FakeAVCeleb_v1.2/FakeAVCeleb_v1.2/RealVideo-RealAudio/Asian (South)/men/id07200/00045.mp4,1,0,0,0,REAL,train
id06254__00043_id00417_ghizam3v09g__1dd4bf783f,id06254,id00417,-,fsgan,C,FakeVideo-RealAudio,Asian (South),women,00043_id00417_GhIZam3v09g.mp4,FakeVideo-RealAudio/Asian (South)/women/id06254,FakeVideo-RealAudio/Asian (South)/women/id06254/00043_id00417_GhIZam3v09g.mp4,/Users/jeevikakiran/Documents/USC/Multimodal/Project/FakeAVCeleb_v1.2/FakeAVCeleb_v1.2/FakeVideo-RealAudio/Asian (South)/women/id06254/00043_id00417_GhIZam3v09g.mp4,1,1,0,1,FAKE,train
id07165__00368_fake__fc1a848d44,id07165,fake.mp4,-,rtvc,B,RealVideo-FakeAudio,Asian (South),men,00368_fake.mp4,RealVideo-FakeAudio/Asian (South)/men/id07165,RealVideo-FakeAudio/Asian (South)/men/id07165/00368_fake.mp4,/Users/jeevikakiran/Documents/USC/Multimodal/Project/FakeAVCeleb_v1.2/FakeAVCeleb_v1.2/RealVideo-FakeAudio/Asian (South)/men/id07165/00368_fake.mp4,1,0,1,1,FAKE,train
id01521__00109__9c0a78f71d,id01521,-,-,real,A,RealVideo-RealAudio,African,men,00109.mp4,RealVideo-RealAudio/African/men/id01521,RealVideo-RealAudio/African/men/id01521/00109.mp4,/Users/jeevikakiran/Documents/USC/Multimodal/Project/FakeAVCeleb_v1.2/FakeAVCeleb_v1.2/RealVideo-RealAudio/African/men/id01521/00109.mp4,1,0,0,0,REAL,train
id04070__00072__bc8ad5a516,id04070,-,-,real,A,RealVideo-RealAudio,Asian (South),women,00072.mp4,RealVideo-RealAudio/Asian (South)/women/id04070,RealVideo-RealAudio/Asian (South)/women/id04070/00072.mp4,/Users/jeevikakiran/Documents/USC/Multimodal/Project/FakeAVCeleb_v1.2/FakeAVCeleb_v1.2/RealVideo-RealAudio/Asian (South)/women/id04070/00072.mp4,1,0,0,0,REAL,train
id04034__00009_id01096_wavtolip__f30601fb65,id04034,id01096,-,wav2lip,D,FakeVideo-FakeAudio,Caucasian (American),men,00009_id01096_wavtolip.mp4,FakeVideo-FakeAudio/Caucasian (American)/men/id04034,FakeVideo-FakeAudio/Caucasian (American)/men/id04034/00009_id01096_wavtolip.mp4,/Users/jeevikakiran/Documents/USC/Multimodal/Project/FakeAVCeleb_v1.2/FakeAVCeleb_v1.2/FakeVideo-FakeAudio/Caucasian (American)/men/id04034/00009_id01096_wavtolip.mp4,1,1,1,1,FAKE,train
id00835__00195_id00462_emngfaq9gg4_id00180_wavtolip__a4a7d0d71d,id00835,id00462,id00180,fsgan-wav2lip,D,FakeVideo-FakeAudio,Caucasian (American),women,00195_id00462_EMnGfAq9gg4_id00180_wavtolip.mp4,FakeVideo-FakeAudio/Caucasian (American)/women/id00835,FakeVideo-FakeAudio/Caucasian (American)/women/id00835/00195_id00462_EMnGfAq9gg4_id00180_wavtolip.mp4,/Users/jeevikakiran/Documents/USC/Multimodal/Project/FakeAVCeleb_v1.2/FakeAVCeleb_v1.2/FakeVideo-FakeAudio/Caucasian (American)/women/id00835/00195_id00462_EMnGfAq9gg4_id00180_wavtolip.mp4,1,1,1,1,FAKE,train
id00589__00130_id00897_0ayfw8jhoyi_id00379_wavtolip__84c46eb2bc,id00589,id00897,id00379,fsgan-wav2lip,D,FakeVideo-FakeAudio,Caucasian (European),women,00130_id00897_0ayFw8JhoyI_id00379_wavtolip.mp4,FakeVideo-FakeAudio/Caucasian (European)/women/id00589,FakeVideo-FakeAudio/Caucasian (European)/women/id00589/00130_id00897_0ayFw8JhoyI_id00379_wavtolip.mp4,/Users/jeevikakiran/Documents/USC/Multimodal/Project/FakeAVCeleb_v1.2/FakeAVCeleb_v1.2/FakeVideo-FakeAudio/Caucasian (European)/women/id00589/00130_id00897_0ayFw8JhoyI_id00379_wavtolip.mp4,1,1,1,1,FAKE,train
id00616__00305_id00680_wavtolip__ae1cf97625,id00616,id00680,-,wav2lip,C,FakeVideo-RealAudio,Caucasian (American),women,00305_id00680_wavtolip.mp4,FakeVideo-RealAudio/Caucasian (American)/women/id00616,FakeVideo-RealAudio/Caucasian (American)/women/id00616/00305_id00680_wavtolip.mp4,/Users/jeevikakiran/Documents/USC/Multimodal/Project/FakeAVCeleb_v1.2/FakeAVCeleb_v1.2/FakeVideo-RealAudio/Caucasian (American)/women/id00616/00305_id00680_wavtolip.mp4,1,1,0,1,FAKE,val
id00098__00004_fake__ca824b369f,id00098,fake.mp4,-,rtvc,B,RealVideo-FakeAudio,Caucasian (American),women,00004_fake.mp4,RealVideo-FakeAudio/Caucasian (American)/women/id00098,RealVideo-FakeAudio/Caucasian (American)/women/id00098/00004_fake.mp4,/Users/jeevikakiran/Documents/USC/Multimodal/Project/FakeAVCeleb_v1.2/FakeAVCeleb_v1.2/RealVideo-FakeAudio/Caucasian (American)/women/id00098/00004_fake.mp4,1,0,1,1,FAKE,train
id01052__00076__18f73173a8,id01052,-,-,real,A,RealVideo-RealAudio,Caucasian (European),men,00076.mp4,RealVideo-RealAudio/Caucasian (European)/men/id01052,RealVideo-RealAudio/Caucasian (European)/men/id01052/00076.mp4,/Users/jeevikakiran/Documents/USC/Multimodal/Project/FakeAVCeleb_v1.2/FakeAVCeleb_v1.2/RealVideo-RealAudio/Caucasian (European)/men/id01052/00076.mp4,1,0,0,0,REAL,train
id00359__00053__805bc17362,id00359,-,-,real,A,RealVideo-RealAudio,African,women,00053.mp4,RealVideo-RealAudio/African/women/id00359,RealVideo-RealAudio/African/women/id00359/00053.mp4,/Users/jeevikakiran/Documents/USC/Multimodal/Project/FakeAVCeleb_v1.2/FakeAVCeleb_v1.2/RealVideo-RealAudio/African/women/id00359/00053.mp4,1,0,0,0,REAL,train
id00946__00126_id00990_g_qzoigxeoe_faceswap_id00171_wavtolip__384f9cb6f6,id00946,id00990,faceswap,faceswap-wav2lip,D,FakeVideo-FakeAudio,Caucasian (European),men,00126_id00990_G-qzOIgxEoE_faceswap_id00171_wavtolip.mp4,FakeVideo-FakeAudio/Caucasian (European)/men/id00946,FakeVideo-FakeAudio/Caucasian (European)/men/id00946/00126_id00990_G-qzOIgxEoE_faceswap_id00171_wavtolip.mp4,/Users/jeevikakiran/Documents/USC/Multimodal/Project/FakeAVCeleb_v1.2/FakeAVCeleb_v1.2/FakeVideo-FakeAudio/Caucasian (European)/men/id00946/00126_id00990_G-qzOIgxEoE_faceswap_id00171_wavtolip.mp4,1,1,1,1,FAKE,val
id02617__00028_id02824_glby_mycxzw_id01532_wavtolip__ee6131df05,id02617,id02824,mYcXZw,fsgan-wav2lip,D,FakeVideo-FakeAudio,African,women,00028_id02824_glBy_mYcXZw_id01532_wavtolip.mp4,FakeVideo-FakeAudio/African/women/id02617,FakeVideo-FakeAudio/African/women/id02617/00028_id02824_glBy_mYcXZw_id01532_wavtolip.mp4,/Users/jeevikakiran/Documents/USC/Multimodal/Project/FakeAVCeleb_v1.2/FakeAVCeleb_v1.2/FakeVideo-FakeAudio/African/women/id02617/00028_id02824_glBy_mYcXZw_id01532_wavtolip.mp4,1,1,1,1,FAKE,train
id00535__00005_fake__ab7057c722,id00535,fake.mp4,-,rtvc,B,RealVideo-FakeAudio,Caucasian (European),men,00005_fake.mp4,RealVideo-FakeAudio/Caucasian (European)/men/id00535,RealVideo-FakeAudio/Caucasian (European)/men/id00535/00005_fake.mp4,/Users/jeevikakiran/Documents/USC/Multimodal/Project/FakeAVCeleb_v1.2/FakeAVCeleb_v1.2/RealVideo-FakeAudio/Caucasian (European)/men/id00535/00005_fake.mp4,1,0,1,1,FAKE,train
id04222__00078_id06878_wavtolip__77fad0390b,id04222,id06878,-,wav2lip,C,FakeVideo-RealAudio,Asian (East),men,00078_id06878_wavtolip.mp4,FakeVideo-RealAudio/Asian (East)/men/id04222,FakeVideo-RealAudio/Asian (East)/men/id04222/00078_id06878_wavtolip.mp4,/Users/jeevikakiran/Documents/USC/Multimodal/Project/FakeAVCeleb_v1.2/FakeAVCeleb_v1.2/FakeVideo-RealAudio/Asian (East)/men/id04222/00078_id06878_wavtolip.mp4,1,1,0,1,FAKE,train
id03940__00025__74c23e8bb5,id03940,-,-,real,A,RealVideo-RealAudio,Asian (East),women,00025.mp4,RealVideo-RealAudio/Asian (East)/women/id03940,RealVideo-RealAudio/Asian (East)/women/id03940/00025.mp4,/Users/jeevikakiran/Documents/USC/Multimodal/Project/FakeAVCeleb_v1.2/FakeAVCeleb_v1.2/RealVideo-RealAudio/Asian (East)/women/id03940/00025.mp4,1,0,0,0,REAL,train
id01091__00236_id03696_kz45dnxklxi_faceswap__5879986204,id01091,id03696,-,faceswap,C,FakeVideo-RealAudio,Caucasian (American),women,00236_id03696_Kz45DNXKLXI_faceswap.mp4,FakeVideo-RealAudio/Caucasian (American)/women/id01091,FakeVideo-RealAudio/Caucasian (American)/women/id01091/00236_id03696_Kz45DNXKLXI_faceswap.mp4,/Users/jeevikakiran/Documents/USC/Multimodal/Project/FakeAVCeleb_v1.2/FakeAVCeleb_v1.2/FakeVideo-RealAudio/Caucasian (American)/women/id01091/00236_id03696_Kz45DNXKLXI_faceswap.mp4,1,1,0,1,FAKE,train
id01156__00078_id01102_agfukdgmo3a__c93648ac9a,id01156,id01102,-,fsgan,C,FakeVideo-RealAudio,Caucasian (European),men,00078_id01102_aGFUkdgmo3A.mp4,FakeVideo-RealAudio/Caucasian (European)/men/id01156,FakeVideo-RealAudio/Caucasian (European)/men/id01156/00078_id01102_aGFUkdgmo3A.mp4,/Users/jeevikakiran/Documents/USC/Multimodal/Project/FakeAVCeleb_v1.2/FakeAVCeleb_v1.2/FakeVideo-RealAudio/Caucasian (European)/men/id01156/00078_id01102_aGFUkdgmo3A.mp4,1,1,0,1,FAKE,train
id04560__00195_id04601_x4apx8z6nog__14b231785a,id04560,id04601,-,fsgan,C,FakeVideo-RealAudio,Asian (South),men,00195_id04601_x4Apx8z6nOg.mp4,FakeVideo-RealAudio/Asian (South)/men/id04560,FakeVideo-RealAudio/Asian (South)/men/id04560/00195_id04601_x4Apx8z6nOg.mp4,/Users/jeevikakiran/Documents/USC/Multimodal/Project/FakeAVCeleb_v1.2/FakeAVCeleb_v1.2/FakeVideo-RealAudio/Asian (South)/men/id04560/00195_id04601_x4Apx8z6nOg.mp4,1,1,0,1,FAKE,train
id00149__00284_id07377_fgnavkcgana__c8d93cef12,id00149,id07377,-,fsgan,C,FakeVideo-RealAudio,Asian (South),women,00284_id07377_FGNavKcGANA.mp4,FakeVideo-RealAudio/Asian (South)/women/id00149,FakeVideo-RealAudio/Asian (South)/women/id00149/00284_id07377_FGNavKcGANA.mp4,/Users/jeevikakiran/Documents/USC/Multimodal/Project/FakeAVCeleb_v1.2/FakeAVCeleb_v1.2/FakeVideo-RealAudio/Asian (South)/women/id00149/00284_id07377_FGNavKcGANA.mp4,1,1,0,1,FAKE,train
id00739__00005_id00417_ghizam3v09g_faceswap_id00488_wavtolip__df59c5308a,id00739,id00417,faceswap,faceswap-wav2lip,D,FakeVideo-FakeAudio,Asian (South),women,00005_id00417_GhIZam3v09g_faceswap_id00488_wavtolip.mp4,FakeVideo-FakeAudio/Asian (South)/women/id00739,FakeVideo-FakeAudio/Asian (South)/women/id00739/00005_id00417_GhIZam3v09g_faceswap_id00488_wavtolip.mp4,/Users/jeevikakiran/Documents/USC/Multimodal/Project/FakeAVCeleb_v1.2/FakeAVCeleb_v1.2/FakeVideo-FakeAudio/Asian (South)/women/id00739/00005_id00417_GhIZam3v09g_faceswap_id00488_wavtolip.mp4,1,1,1,1,FAKE,train
id08313__00202__3c11e16a0d,id08313,-,-,real,A,RealVideo-RealAudio,Asian (South),men,00202.mp4,RealVideo-RealAudio/Asian (South)/men/id08313,RealVideo-RealAudio/Asian (South)/men/id08313/00202.mp4,/Users/jeevikakiran/Documents/USC/Multimodal/Project/FakeAVCeleb_v1.2/FakeAVCeleb_v1.2/RealVideo-RealAudio/Asian (South)/men/id08313/00202.mp4,1,0,0,0,REAL,train
id01171__00053__4161d9a9e8,id01171,-,-,real,A,RealVideo-RealAudio,African,men,00053.mp4,RealVideo-RealAudio/African/men/id01171,RealVideo-RealAudio/African/men/id01171/00053.mp4,/Users/jeevikakiran/Documents/USC/Multimodal/Project/FakeAVCeleb_v1.2/FakeAVCeleb_v1.2/RealVideo-RealAudio/African/men/id01171/00053.mp4,1,0,0,0,REAL,val
id06445__00150_id04582_pm9dx_txnx0__230e8fc896,id06445,id04582,-,fsgan,C,FakeVideo-RealAudio,Asian (South),women,00150_id04582_Pm9dX-TxNx0.mp4,FakeVideo-RealAudio/Asian (South)/women/id06445,FakeVideo-RealAudio/Asian (South)/women/id06445/00150_id04582_Pm9dX-TxNx0.mp4,/Users/jeevikakiran/Documents/USC/Multimodal/Project/FakeAVCeleb_v1.2/FakeAVCeleb_v1.2/FakeVideo-RealAudio/Asian (South)/women/id06445/00150_id04582_Pm9dX-TxNx0.mp4,1,1,0,1,FAKE,train
id06268__00159__4b55dc2ad4,id06268,-,-,real,A,RealVideo-RealAudio,Asian (South),women,00159.mp4,RealVideo-RealAudio/Asian (South)/women/id06268,RealVideo-RealAudio/Asian (South)/women/id06268/00159.mp4,/Users/jeevikakiran/Documents/USC/Multimodal/Project/FakeAVCeleb_v1.2/FakeAVCeleb_v1.2/RealVideo-RealAudio/Asian (South)/women/id06268/00159.mp4,1,0,0,0,REAL,train
id00773__00038_id04601_wavtolip__30b36a44db,id00773,id04601,-,wav2lip,D,FakeVideo-FakeAudio,Asian (South),men,00038_id04601_wavtolip.mp4,FakeVideo-FakeAudio/Asian (South)/men/id00773,FakeVideo-FakeAudio/Asian (South)/men/id00773/00038_id04601_wavtolip.mp4,/Users/jeevikakiran/Documents/USC/Multimodal/Project/FakeAVCeleb_v1.2/FakeAVCeleb_v1.2/FakeVideo-FakeAudio/Asian (South)/men/id00773/00038_id04601_wavtolip.mp4,1,1,1,1,FAKE,val
id07058__00010__b3df8688a6,id07058,-,-,real,A,RealVideo-RealAudio,Asian (South),men,00010.mp4,RealVideo-RealAudio/Asian (South)/men/id07058,RealVideo-RealAudio/Asian (South)/men/id07058/00010.mp4,/Users/jeevikakiran/Documents/USC/Multimodal/Project/FakeAVCeleb_v1.2/FakeAVCeleb_v1.2/RealVideo-RealAudio/Asian (South)/men/id07058/00010.mp4,1,0,0,0,REAL,val
id00379__00043__e279b9f98e,id00379,-,-,real,A,RealVideo-RealAudio,Caucasian (European),women,00043.mp4,RealVideo-RealAudio/Caucasian (European)/women/id00379,RealVideo-RealAudio/Caucasian (European)/women/id00379/00043.mp4,/Users/jeevikakiran/Documents/USC/Multimodal/Project/FakeAVCeleb_v1.2/FakeAVCeleb_v1.2/RealVideo-RealAudio/Caucasian (European)/women/id00379/00043.mp4,1,0,0,0,REAL,train
id04245__00072__c35a93669e,id04245,-,-,real,A,RealVideo-RealAudio,African,women,00072.mp4,RealVideo-RealAudio/African/women/id04245,RealVideo-RealAudio/African/women/id04245/00072.mp4,/Users/jeevikakiran/Documents/USC/Multimodal/Project/FakeAVCeleb_v1.2/FakeAVCeleb_v1.2/RealVideo-RealAudio/African/women/id04245/00072.mp4,1,0,0,0,REAL,train
id01532__00065__d27647d927,id01532,-,-,real,A,RealVideo-RealAudio,African,women,00065.mp4,RealVideo-RealAudio/African/women/id01532,RealVideo-RealAudio/African/women/id01532/00065.mp4,/Users/jeevikakiran/Documents/USC/Multimodal/Project/FakeAVCeleb_v1.2/FakeAVCeleb_v1.2/RealVideo-RealAudio/African/women/id01532/00065.mp4,1,0,0,0,REAL,train
id01126__00040_id01156_wavtolip__ddb349e27a,id01126,id01156,-,wav2lip,D,FakeVideo-FakeAudio,Caucasian (European),men,00040_id01156_wavtolip.mp4,FakeVideo-FakeAudio/Caucasian (European)/men/id01126,FakeVideo-FakeAudio/Caucasian (European)/men/id01126/00040_id01156_wavtolip.mp4,/Users/jeevikakiran/Documents/USC/Multimodal/Project/FakeAVCeleb_v1.2/FakeAVCeleb_v1.2/FakeVideo-FakeAudio/Caucasian (European)/men/id01126/00040_id01156_wavtolip.mp4,1,1,1,1,FAKE,train
id05631__00073__e7f57e1dce,id05631,-,-,real,A,RealVideo-RealAudio,Asian (East),women,00073.mp4,RealVideo-RealAudio/Asian (East)/women/id05631,RealVideo-RealAudio/Asian (East)/women/id05631/00073.mp4,/Users/jeevikakiran/Documents/USC/Multimodal/Project/FakeAVCeleb_v1.2/FakeAVCeleb_v1.2/RealVideo-RealAudio/Asian (East)/women/id05631/00073.mp4,1,0,0,0,REAL,train
id07039__00105__7b7ca74070,id07039,-,-,real,A,RealVideo-RealAudio,Asian (East),women,00105.mp4,RealVideo-RealAudio/Asian (East)/women/id07039,RealVideo-RealAudio/Asian (East)/women/id07039/00105.mp4,/Users/jeevikakiran/Documents/USC/Multimodal/Project/FakeAVCeleb_v1.2/FakeAVCeleb_v1.2/RealVideo-RealAudio/Asian (East)/women/id07039/00105.mp4,1,0,0,0,REAL,train
id00325__00015__e3932c3937,id00325,-,-,real,A,RealVideo-RealAudio,Caucasian (European),women,00015.mp4,RealVideo-RealAudio/Caucasian (European)/women/id00325,RealVideo-RealAudio/Caucasian (European)/women/id00325/00015.mp4,/Users/jeevikakiran/Documents/USC/Multimodal/Project/FakeAVCeleb_v1.2/FakeAVCeleb_v1.2/RealVideo-RealAudio/Caucasian (European)/women/id00325/00015.mp4,1,0,0,0,REAL,train
id00232__00025__8c9fcb063a,id00232,-,-,real,A,RealVideo-RealAudio,Caucasian (European),women,00025.mp4,RealVideo-RealAudio/Caucasian (European)/women/id00232,RealVideo-RealAudio/Caucasian (European)/women/id00232/00025.mp4,/Users/jeevikakiran/Documents/USC/Multimodal/Project/FakeAVCeleb_v1.2/FakeAVCeleb_v1.2/RealVideo-RealAudio/Caucasian (European)/women/id00232/00025.mp4,1,0,0,0,REAL,val
id00488__00028__2e12a3d484,id00488,-,-,real,A,RealVideo-RealAudio,Asian (South),women,00028.mp4,RealVideo-RealAudio/Asian (South)/women/id00488,RealVideo-RealAudio/Asian (South)/women/id00488/00028.mp4,/Users/jeevikakiran/Documents/USC/Multimodal/Project/FakeAVCeleb_v1.2/FakeAVCeleb_v1.2/RealVideo-RealAudio/Asian (South)/women/id00488/00028.mp4,1,0,0,0,REAL,train
id06066__00028__b8e05d0de7,id06066,-,-,real,A,RealVideo-RealAudio,Asian (East),women,00028.mp4,RealVideo-RealAudio/Asian (East)/women/id06066,RealVideo-RealAudio/Asian (East)/women/id06066/00028.mp4,/Users/jeevikakiran/Documents/USC/Multimodal/Project/FakeAVCeleb_v1.2/FakeAVCeleb_v1.2/RealVideo-RealAudio/Asian (East)/women/id06066/00028.mp4,1,0,0,0,REAL,train
id00830__00143__670c90e432,id00830,-,-,real,A,RealVideo-RealAudio,African,men,00143.mp4,RealVideo-RealAudio/African/men/id00830,RealVideo-RealAudio/African/men/id00830/00143.mp4,/Users/jeevikakiran/Documents/USC/Multimodal/Project/FakeAVCeleb_v1.2/FakeAVCeleb_v1.2/RealVideo-RealAudio/African/men/id00830/00143.mp4,1,0,0,0,REAL,val
id01075__00160__79c27cda9e,id01075,-,-,real,A,RealVideo-RealAudio,Caucasian (American),women,00160.mp4,RealVideo-RealAudio/Caucasian (American)/women/id01075,RealVideo-RealAudio/Caucasian (American)/women/id01075/00160.mp4,/Users/jeevikakiran/Documents/USC/Multimodal/Project/FakeAVCeleb_v1.2/FakeAVCeleb_v1.2/RealVideo-RealAudio/Caucasian (American)/women/id01075/00160.mp4,1,0,0,0,REAL,train
id00395__00420__61cff573e1,id00395,-,-,real,A,RealVideo-RealAudio,Caucasian (European),women,00420.mp4,RealVideo-RealAudio/Caucasian (European)/women/id00395,RealVideo-RealAudio/Caucasian (European)/women/id00395/00420.mp4,/Users/jeevikakiran/Documents/USC/Multimodal/Project/FakeAVCeleb_v1.2/FakeAVCeleb_v1.2/RealVideo-RealAudio/Caucasian (European)/women/id00395/00420.mp4,1,0,0,0,REAL,train
id06158__00015_fake__55f1a63d6a,id06158,fake.mp4,-,rtvc,B,RealVideo-FakeAudio,Asian (East),women,00015_fake.mp4,RealVideo-FakeAudio/Asian (East)/women/id06158,RealVideo-FakeAudio/Asian (East)/women/id06158/00015_fake.mp4,/Users/jeevikakiran/Documents/USC/Multimodal/Project/FakeAVCeleb_v1.2/FakeAVCeleb_v1.2/RealVideo-FakeAudio/Asian (East)/women/id06158/00015_fake.mp4,1,0,1,1,FAKE,train
id00829__00271_id01178_wavtolip__b5c4d48e52,id00829,id01178,-,faceswap-wav2lip,D,FakeVideo-FakeAudio,African,women,00271_id01178_wavtolip.mp4,FakeVideo-FakeAudio/African/women/id00829,FakeVideo-FakeAudio/African/women/id00829/00271_id01178_wavtolip.mp4,/Users/jeevikakiran/Documents/USC/Multimodal/Project/FakeAVCeleb_v1.2/FakeAVCeleb_v1.2/FakeVideo-FakeAudio/African/women/id00829/00271_id01178_wavtolip.mp4,1,1,1,1,FAKE,train
id04691__1__d06825b700,id04691,-,-,real,A,RealVideo-RealAudio,Asian (East),men,1.mp4,RealVideo-RealAudio/Asian (East)/men/id04691,RealVideo-RealAudio/Asian (East)/men/id04691/1.mp4,/Users/jeevikakiran/Documents/USC/Multimodal/Project/FakeAVCeleb_v1.2/FakeAVCeleb_v1.2/RealVideo-RealAudio/Asian (East)/men/id04691/1.mp4,1,0,0,0,REAL,train
id00180__00206_id01248_2y_hnto8wrq_id00272_wavtolip__88ceb1ace0,id00180,id01248,id00272,fsgan-wav2lip,D,FakeVideo-FakeAudio,Caucasian (American),women,00206_id01248_2y-HnTO8WrQ_id00272_wavtolip.mp4,FakeVideo-FakeAudio/Caucasian (American)/women/id00180,FakeVideo-FakeAudio/Caucasian (American)/women/id00180/00206_id01248_2y-HnTO8WrQ_id00272_wavtolip.mp4,/Users/jeevikakiran/Documents/USC/Multimodal/Project/FakeAVCeleb_v1.2/FakeAVCeleb_v1.2/FakeVideo-FakeAudio/Caucasian (American)/women/id00180/00206_id01248_2y-HnTO8WrQ_id00272_wavtolip.mp4,1,1,1,1,FAKE,train
id02005__00052_fake__754e93a2e5,id02005,fake.mp4,-,rtvc,B,RealVideo-FakeAudio,African,men,00052_fake.mp4,RealVideo-FakeAudio/African/men/id02005,RealVideo-FakeAudio/African/men/id02005/00052_fake.mp4,/Users/jeevikakiran/Documents/USC/Multimodal/Project/FakeAVCeleb_v1.2/FakeAVCeleb_v1.2/RealVideo-FakeAudio/African/men/id02005/00052_fake.mp4,1,0,1,1,FAKE,val
id02464__00002_id00616_wavtolip__9060c94acc,id02464,id00616,-,wav2lip,D,FakeVideo-FakeAudio,Caucasian (American),women,00002_id00616_wavtolip.mp4,FakeVideo-FakeAudio/Caucasian (American)/women/id02464,FakeVideo-FakeAudio/Caucasian (American)/women/id02464/00002_id00616_wavtolip.mp4,/Users/jeevikakiran/Documents/USC/Multimodal/Project/FakeAVCeleb_v1.2/FakeAVCeleb_v1.2/FakeVideo-FakeAudio/Caucasian (American)/women/id02464/00002_id00616_wavtolip.mp4,1,1,1,1,FAKE,train
id06445__00150_id07136_4e43es5p3_m_id07686_wavtolip__8e2e9c95f7,id06445,id07136,id07686,fsgan-wav2lip,D,FakeVideo-FakeAudio,Asian (South),women,00150_id07136_4e43eS5p3_M_id07686_wavtolip.mp4,FakeVideo-FakeAudio/Asian (South)/women/id06445,FakeVideo-FakeAudio/Asian (South)/women/id06445/00150_id07136_4e43eS5p3_M_id07686_wavtolip.mp4,/Users/jeevikakiran/Documents/USC/Multimodal/Project/FakeAVCeleb_v1.2/FakeAVCeleb_v1.2/FakeVideo-FakeAudio/Asian (South)/women/id06445/00150_id07136_4e43eS5p3_M_id07686_wavtolip.mp4,1,1,1,1,FAKE,train
id03678__00078_id01124_lnf2ogsm00s_id00777_wavtolip__78e4f971f6,id03678,id01124,id00777,fsgan-wav2lip,D,FakeVideo-FakeAudio,Caucasian (American),men,00078_id01124_Lnf2oGSM00s_id00777_wavtolip.mp4,FakeVideo-FakeAudio/Caucasian (American)/men/id03678,FakeVideo-FakeAudio/Caucasian (American)/men/id03678/00078_id01124_Lnf2oGSM00s_id00777_wavtolip.mp4,/Users/jeevikakiran/Documents/USC/Multimodal/Project/FakeAVCeleb_v1.2/FakeAVCeleb_v1.2/FakeVideo-FakeAudio/Caucasian (American)/men/id03678/00078_id01124_Lnf2oGSM00s_id00777_wavtolip.mp4,1,1,1,1,FAKE,train
id01163__00195_id00018_sap_fjurhlc_faceswap_id04219_wavtolip__4923f0b360,id01163,id00018,faceswap,faceswap-wav2lip,D,FakeVideo-FakeAudio,Caucasian (American),men,00195_id00018_sap-FjURHlc_faceswap_id04219_wavtolip.mp4,FakeVideo-FakeAudio/Caucasian (American)/men/id01163,FakeVideo-FakeAudio/Caucasian (American)/men/id01163/00195_id00018_sap-FjURHlc_faceswap_id04219_wavtolip.mp4,/Users/jeevikakiran/Documents/USC/Multimodal/Project/FakeAVCeleb_v1.2/FakeAVCeleb_v1.2/FakeVideo-FakeAudio/Caucasian (American)/men/id01163/00195_id00018_sap-FjURHlc_faceswap_id04219_wavtolip.mp4,1,1,1,1,FAKE,train
id00835__00195__b6a5770d95,id00835,-,-,real,A,RealVideo-RealAudio,Caucasian (American),women,00195.mp4,RealVideo-RealAudio/Caucasian (American)/women/id00835,RealVideo-RealAudio/Caucasian (American)/women/id00835/00195.mp4,/Users/jeevikakiran/Documents/USC/Multimodal/Project/FakeAVCeleb_v1.2/FakeAVCeleb_v1.2/RealVideo-RealAudio/Caucasian (American)/women/id00835/00195.mp4,1,0,0,0,REAL,train
id00098__00004_id00616_xt51ppmksjw_faceswap_id00097_wavtolip__b3704d6e67,id00098,id00616,faceswap,faceswap-wav2lip,D,FakeVideo-FakeAudio,Caucasian (American),women,00004_id00616_xT51pPmksJw_faceswap_id00097_wavtolip.mp4,FakeVideo-FakeAudio/Caucasian (American)/women/id00098,FakeVideo-FakeAudio/Caucasian (American)/women/id00098/00004_id00616_xT51pPmksJw_faceswap_id00097_wavtolip.mp4,/Users/jeevikakiran/Documents/USC/Multimodal/Project/FakeAVCeleb_v1.2/FakeAVCeleb_v1.2/FakeVideo-FakeAudio/Caucasian (American)/women/id00098/00004_id00616_xT51pPmksJw_faceswap_id00097_wavtolip.mp4,1,1,1,1,FAKE,train
id04111__00015_id01215_wavtolip__970274e98e,id04111,id01215,-,wav2lip,C,FakeVideo-RealAudio,Asian (East),men,00015_id01215_wavtolip.mp4,FakeVideo-RealAudio/Asian (East)/men/id04111,FakeVideo-RealAudio/Asian (East)/men/id04111/00015_id01215_wavtolip.mp4,/Users/jeevikakiran/Documents/USC/Multimodal/Project/FakeAVCeleb_v1.2/FakeAVCeleb_v1.2/FakeVideo-RealAudio/Asian (East)/men/id04111/00015_id01215_wavtolip.mp4,1,1,0,1,FAKE,train
id09125__00098_id06225_wavtolip__3ce128c9fe,id09125,id06225,-,wav2lip,D,FakeVideo-FakeAudio,Asian (East),women,00098_id06225_wavtolip.mp4,FakeVideo-FakeAudio/Asian (East)/women/id09125,FakeVideo-FakeAudio/Asian (East)/women/id09125/00098_id06225_wavtolip.mp4,/Users/jeevikakiran/Documents/USC/Multimodal/Project/FakeAVCeleb_v1.2/FakeAVCeleb_v1.2/FakeVideo-FakeAudio/Asian (East)/women/id09125/00098_id06225_wavtolip.mp4,1,1,1,1,FAKE,train
id04547__00052_fake__5443952918,id04547,fake.mp4,-,rtvc,B,RealVideo-FakeAudio,African,women,00052_fake.mp4,RealVideo-FakeAudio/African/women/id04547,RealVideo-FakeAudio/African/women/id04547/00052_fake.mp4,/Users/jeevikakiran/Documents/USC/Multimodal/Project/FakeAVCeleb_v1.2/FakeAVCeleb_v1.2/RealVideo-FakeAudio/African/women/id04547/00052_fake.mp4,1,0,1,1,FAKE,train
id03649__00001__f7aef629a4,id03649,-,-,real,A,RealVideo-RealAudio,Caucasian (European),women,00001.mp4,RealVideo-RealAudio/Caucasian (European)/women/id03649,RealVideo-RealAudio/Caucasian (European)/women/id03649/00001.mp4,/Users/jeevikakiran/Documents/USC/Multimodal/Project/FakeAVCeleb_v1.2/FakeAVCeleb_v1.2/RealVideo-RealAudio/Caucasian (European)/women/id03649/00001.mp4,1,0,0,0,REAL,train
id00385__00439__33fc2aeba2,id00385,-,-,real,A,RealVideo-RealAudio,Caucasian (American),women,00439.mp4,RealVideo-RealAudio/Caucasian (American)/women/id00385,RealVideo-RealAudio/Caucasian (American)/women/id00385/00439.mp4,/Users/jeevikakiran/Documents/USC/Multimodal/Project/FakeAVCeleb_v1.2/FakeAVCeleb_v1.2/RealVideo-RealAudio/Caucasian (American)/women/id00385/00439.mp4,1,0,0,0,REAL,train
id09053__00005__af685b4c37,id09053,-,-,real,A,RealVideo-RealAudio,Asian (East),men,00005.mp4,RealVideo-RealAudio/Asian (East)/men/id09053,RealVideo-RealAudio/Asian (East)/men/id09053/00005.mp4,/Users/jeevikakiran/Documents/USC/Multimodal/Project/FakeAVCeleb_v1.2/FakeAVCeleb_v1.2/RealVideo-RealAudio/Asian (East)/men/id09053/00005.mp4,1,0,0,0,REAL,train
id04221__00053_id00087_wavtolip__bc0acad2f7,id04221,id00087,-,wav2lip,D,FakeVideo-FakeAudio,Caucasian (American),men,00053_id00087_wavtolip.mp4,FakeVideo-FakeAudio/Caucasian (American)/men/id04221,FakeVideo-FakeAudio/Caucasian (American)/men/id04221/00053_id00087_wavtolip.mp4,/Users/jeevikakiran/Documents/USC/Multimodal/Project/FakeAVCeleb_v1.2/FakeAVCeleb_v1.2/FakeVideo-FakeAudio/Caucasian (American)/men/id04221/00053_id00087_wavtolip.mp4,1,1,1,1,FAKE,train
id05743__00015_fake__9e3f84e70c,id05743,fake.mp4,-,rtvc,B,RealVideo-FakeAudio,Asian (East),men,00015_fake.mp4,RealVideo-FakeAudio/Asian (East)/men/id05743,RealVideo-FakeAudio/Asian (East)/men/id05743/00015_fake.mp4,/Users/jeevikakiran/Documents/USC/Multimodal/Project/FakeAVCeleb_v1.2/FakeAVCeleb_v1.2/RealVideo-FakeAudio/Asian (East)/men/id05743/00015_fake.mp4,1,0,1,1,FAKE,train
id01048__00160_id00529_wavtolip__136a2fc710,id01048,id00529,-,wav2lip,C,FakeVideo-RealAudio,Caucasian (American),men,00160_id00529_wavtolip.mp4,FakeVideo-RealAudio/Caucasian (American)/men/id01048,FakeVideo-RealAudio/Caucasian (American)/men/id01048/00160_id00529_wavtolip.mp4,/Users/jeevikakiran/Documents/USC/Multimodal/Project/FakeAVCeleb_v1.2/FakeAVCeleb_v1.2/FakeVideo-RealAudio/Caucasian (American)/men/id01048/00160_id00529_wavtolip.mp4,1,1,0,1,FAKE,train
id00569__00239__7efd8a8e56,id00569,-,-,real,A,RealVideo-RealAudio,Caucasian (European),women,00239.mp4,RealVideo-RealAudio/Caucasian (European)/women/id00569,RealVideo-RealAudio/Caucasian (European)/women/id00569/00239.mp4,/Users/jeevikakiran/Documents/USC/Multimodal/Project/FakeAVCeleb_v1.2/FakeAVCeleb_v1.2/RealVideo-RealAudio/Caucasian (European)/women/id00569/00239.mp4,1,0,0,0,REAL,train
id00773__00038__c43970a089,id00773,-,-,real,A,RealVideo-RealAudio,Asian (South),men,00038.mp4,RealVideo-RealAudio/Asian (South)/men/id00773,RealVideo-RealAudio/Asian (South)/men/id00773/00038.mp4,/Users/jeevikakiran/Documents/USC/Multimodal/Project/FakeAVCeleb_v1.2/FakeAVCeleb_v1.2/RealVideo-RealAudio/Asian (South)/men/id00773/00038.mp4,1,0,0,0,REAL,train
id02838__00080__6921a14500,id02838,-,-,real,A,RealVideo-RealAudio,African,women,00080.mp4,RealVideo-RealAudio/African/women/id02838,RealVideo-RealAudio/African/women/id02838/00080.mp4,/Users/jeevikakiran/Documents/USC/Multimodal/Project/FakeAVCeleb_v1.2/FakeAVCeleb_v1.2/RealVideo-RealAudio/African/women/id02838/00080.mp4,1,0,0,0,REAL,train
id00243__00037__a3064496a3,id00243,-,-,real,A,RealVideo-RealAudio,Caucasian (American),men,00037.mp4,RealVideo-RealAudio/Caucasian (American)/men/id00243,RealVideo-RealAudio/Caucasian (American)/men/id00243/00037.mp4,/Users/jeevikakiran/Documents/USC/Multimodal/Project/FakeAVCeleb_v1.2/FakeAVCeleb_v1.2/RealVideo-RealAudio/Caucasian (American)/men/id00243/00037.mp4,1,0,0,0,REAL,train
id02268__00036_id01856_6q2f3b1qnrm_id01207_wavtolip__99ebc7e427,id02268,id01856,id01207,fsgan-wav2lip,D,FakeVideo-FakeAudio,African,men,00036_id01856_6Q2f3b1QNRM_id01207_wavtolip.mp4,FakeVideo-FakeAudio/African/men/id02268,FakeVideo-FakeAudio/African/men/id02268/00036_id01856_6Q2f3b1QNRM_id01207_wavtolip.mp4,/Users/jeevikakiran/Documents/USC/Multimodal/Project/FakeAVCeleb_v1.2/FakeAVCeleb_v1.2/FakeVideo-FakeAudio/African/men/id02268/00036_id01856_6Q2f3b1QNRM_id01207_wavtolip.mp4,1,1,1,1,FAKE,train
id00241__00015_fake__cb568d624d,id00241,fake.mp4,-,rtvc,B,RealVideo-FakeAudio,Caucasian (European),men,00015_fake.mp4,RealVideo-FakeAudio/Caucasian (European)/men/id00241,RealVideo-FakeAudio/Caucasian (European)/men/id00241/00015_fake.mp4,/Users/jeevikakiran/Documents/USC/Multimodal/Project/FakeAVCeleb_v1.2/FakeAVCeleb_v1.2/RealVideo-FakeAudio/Caucasian (European)/men/id00241/00015_fake.mp4,1,0,1,1,FAKE,train
id03371__00430__6b4983d5a4,id03371,-,-,real,A,RealVideo-RealAudio,Caucasian (European),women,00430.mp4,RealVideo-RealAudio/Caucasian (European)/women/id03371,RealVideo-RealAudio/Caucasian (European)/women/id03371/00430.mp4,/Users/jeevikakiran/Documents/USC/Multimodal/Project/FakeAVCeleb_v1.2/FakeAVCeleb_v1.2/RealVideo-RealAudio/Caucasian (European)/women/id03371/00430.mp4,1,0,0,0,REAL,train
id00049__00118__7c7493ddda,id00049,-,-,real,A,RealVideo-RealAudio,Caucasian (American),men,00118.mp4,RealVideo-RealAudio/Caucasian (American)/men/id00049,RealVideo-RealAudio/Caucasian (American)/men/id00049/00118.mp4,/Users/jeevikakiran/Documents/USC/Multimodal/Project/FakeAVCeleb_v1.2/FakeAVCeleb_v1.2/RealVideo-RealAudio/Caucasian (American)/men/id00049/00118.mp4,1,0,0,0,REAL,train
id00264__00257__033f729b8d,id00264,-,-,real,A,RealVideo-RealAudio,Caucasian (American),men,00257.mp4,RealVideo-RealAudio/Caucasian (American)/men/id00264,RealVideo-RealAudio/Caucasian (American)/men/id00264/00257.mp4,/Users/jeevikakiran/Documents/USC/Multimodal/Project/FakeAVCeleb_v1.2/FakeAVCeleb_v1.2/RealVideo-RealAudio/Caucasian (American)/men/id00264/00257.mp4,1,0,0,0,REAL,train
id03344__00114__6ee8cf8157,id03344,-,-,real,A,RealVideo-RealAudio,Asian (South),men,00114.mp4,RealVideo-RealAudio/Asian (South)/men/id03344,RealVideo-RealAudio/Asian (South)/men/id03344/00114.mp4,/Users/jeevikakiran/Documents/USC/Multimodal/Project/FakeAVCeleb_v1.2/FakeAVCeleb_v1.2/RealVideo-RealAudio/Asian (South)/men/id03344/00114.mp4,1,0,0,0,REAL,val
id06354__00021_id00033_wavtolip__112fb85619,id06354,id00033,-,wav2lip,D,FakeVideo-FakeAudio,Asian (South),men,00021_id00033_wavtolip.mp4,FakeVideo-FakeAudio/Asian (South)/men/id06354,FakeVideo-FakeAudio/Asian (South)/men/id06354/00021_id00033_wavtolip.mp4,/Users/jeevikakiran/Documents/USC/Multimodal/Project/FakeAVCeleb_v1.2/FakeAVCeleb_v1.2/FakeVideo-FakeAudio/Asian (South)/men/id06354/00021_id00033_wavtolip.mp4,1,1,1,1,FAKE,train
id00739__00005__b6b3fdb49e,id00739,-,-,real,A,RealVideo-RealAudio,Asian (South),women,00005.mp4,RealVideo-RealAudio/Asian (South)/women/id00739,RealVideo-RealAudio/Asian (South)/women/id00739/00005.mp4,/Users/jeevikakiran/Documents/USC/Multimodal/Project/FakeAVCeleb_v1.2/FakeAVCeleb_v1.2/RealVideo-RealAudio/Asian (South)/women/id00739/00005.mp4,1,0,0,0,REAL,train
id00732__00118__40678bc839,id00732,-,-,real,A,RealVideo-RealAudio,Asian (South),men,00118.mp4,RealVideo-RealAudio/Asian (South)/men/id00732,RealVideo-RealAudio/Asian (South)/men/id00732/00118.mp4,/Users/jeevikakiran/Documents/USC/Multimodal/Project/FakeAVCeleb_v1.2/FakeAVCeleb_v1.2/RealVideo-RealAudio/Asian (South)/men/id00732/00118.mp4,1,0,0,0,REAL,train
id04820__00015__8eb1f5fbb4,id04820,-,-,real,A,RealVideo-RealAudio,African,women,00015.mp4,RealVideo-RealAudio/African/women/id04820,RealVideo-RealAudio/African/women/id04820/00015.mp4,/Users/jeevikakiran/Documents/USC/Multimodal/Project/FakeAVCeleb_v1.2/FakeAVCeleb_v1.2/RealVideo-RealAudio/African/women/id04820/00015.mp4,1,0,0,0,REAL,train
id04540__00078_fake__6205816c38,id04540,fake.mp4,-,rtvc,B,RealVideo-FakeAudio,African,women,00078_fake.mp4,RealVideo-FakeAudio/African/women/id04540,RealVideo-FakeAudio/African/women/id04540/00078_fake.mp4,/Users/jeevikakiran/Documents/USC/Multimodal/Project/FakeAVCeleb_v1.2/FakeAVCeleb_v1.2/RealVideo-FakeAudio/African/women/id04540/00078_fake.mp4,1,0,1,1,FAKE,train
id04689__00005__047be4e7f6,id04689,-,-,real,A,RealVideo-RealAudio,African,women,00005.mp4,RealVideo-RealAudio/African/women/id04689,RealVideo-RealAudio/African/women/id04689/00005.mp4,/Users/jeevikakiran/Documents/USC/Multimodal/Project/FakeAVCeleb_v1.2/FakeAVCeleb_v1.2/RealVideo-RealAudio/African/women/id04689/00005.mp4,1,0,0,0,REAL,train
id00999__00028__b542ea0e6d,id00999,-,-,real,A,RealVideo-RealAudio,Caucasian (European),men,00028.mp4,RealVideo-RealAudio/Caucasian (European)/men/id00999,RealVideo-RealAudio/Caucasian (European)/men/id00999/00028.mp4,/Users/jeevikakiran/Documents/USC/Multimodal/Project/FakeAVCeleb_v1.2/FakeAVCeleb_v1.2/RealVideo-RealAudio/Caucasian (European)/men/id00999/00028.mp4,1,0,0,0,REAL,train
id01172__00015_fake__17a087a974,id01172,fake.mp4,-,rtvc,B,RealVideo-FakeAudio,Caucasian (American),men,00015_fake.mp4,RealVideo-FakeAudio/Caucasian (American)/men/id01172,RealVideo-FakeAudio/Caucasian (American)/men/id01172/00015_fake.mp4,/Users/jeevikakiran/Documents/USC/Multimodal/Project/FakeAVCeleb_v1.2/FakeAVCeleb_v1.2/RealVideo-FakeAudio/Caucasian (American)/men/id01172/00015_fake.mp4,1,0,1,1,FAKE,train
id01182__00167_fake__097d62501f,id01182,fake.mp4,-,rtvc,B,RealVideo-FakeAudio,Caucasian (American),men,00167_fake.mp4,RealVideo-FakeAudio/Caucasian (American)/men/id01182,RealVideo-FakeAudio/Caucasian (American)/men/id01182/00167_fake.mp4,/Users/jeevikakiran/Documents/USC/Multimodal/Project/FakeAVCeleb_v1.2/FakeAVCeleb_v1.2/RealVideo-FakeAudio/Caucasian (American)/men/id01182/00167_fake.mp4,1,0,1,1,FAKE,train
id04537__00083_fake__5c24832823,id04537,fake.mp4,-,rtvc,B,RealVideo-FakeAudio,Asian (South),men,00083_fake.mp4,RealVideo-FakeAudio/Asian (South)/men/id04537,RealVideo-FakeAudio/Asian (South)/men/id04537/00083_fake.mp4,/Users/jeevikakiran/Documents/USC/Multimodal/Project/FakeAVCeleb_v1.2/FakeAVCeleb_v1.2/RealVideo-FakeAudio/Asian (South)/men/id04537/00083_fake.mp4,1,0,1,1,FAKE,train
id06428__00043_id00747_wavtolip__eaf62fd8a7,id06428,id00747,-,wav2lip,D,FakeVideo-FakeAudio,Asian (South),women,00043_id00747_wavtolip.mp4,FakeVideo-FakeAudio/Asian (South)/women/id06428,FakeVideo-FakeAudio/Asian (South)/women/id06428/00043_id00747_wavtolip.mp4,/Users/jeevikakiran/Documents/USC/Multimodal/Project/FakeAVCeleb_v1.2/FakeAVCeleb_v1.2/FakeVideo-FakeAudio/Asian (South)/women/id06428/00043_id00747_wavtolip.mp4,1,1,1,1,FAKE,val
id01210__00283_id00696_7pruracjhqu_id00184_wavtolip__b325418d82,id01210,id00696,id00184,fsgan-wav2lip,D,FakeVideo-FakeAudio,Caucasian (American),men,00283_id00696_7PrURACjhqU_id00184_wavtolip.mp4,FakeVideo-FakeAudio/Caucasian (American)/men/id01210,FakeVideo-FakeAudio/Caucasian (American)/men/id01210/00283_id00696_7PrURACjhqU_id00184_wavtolip.mp4,/Users/jeevikakiran/Documents/USC/Multimodal/Project/FakeAVCeleb_v1.2/FakeAVCeleb_v1.2/FakeVideo-FakeAudio/Caucasian (American)/men/id01210/00283_id00696_7PrURACjhqU_id00184_wavtolip.mp4,1,1,1,1,FAKE,val
id00909__00037_id00368_kohcgdsg29u_faceswap_id01156_wavtolip__2e86125ad8,id00909,id00368,faceswap,faceswap-wav2lip,D,FakeVideo-FakeAudio,Caucasian (European),men,00037_id00368_KohcGDsg29U_faceswap_id01156_wavtolip.mp4,FakeVideo-FakeAudio/Caucasian (European)/men/id00909,FakeVideo-FakeAudio/Caucasian (European)/men/id00909/00037_id00368_KohcGDsg29U_faceswap_id01156_wavtolip.mp4,/Users/jeevikakiran/Documents/USC/Multimodal/Project/FakeAVCeleb_v1.2/FakeAVCeleb_v1.2/FakeVideo-FakeAudio/Caucasian (European)/men/id00909/00037_id00368_KohcGDsg29U_faceswap_id01156_wavtolip.mp4,1,1,1,1,FAKE,train
id05106__00078__3ec47ddeac,id05106,-,-,real,A,RealVideo-RealAudio,African,women,00078.mp4,RealVideo-RealAudio/African/women/id05106,RealVideo-RealAudio/African/women/id05106/00078.mp4,/Users/jeevikakiran/Documents/USC/Multimodal/Project/FakeAVCeleb_v1.2/FakeAVCeleb_v1.2/RealVideo-RealAudio/African/women/id05106/00078.mp4,1,0,0,0,REAL,train
id00781__00092__baeac0ea86,id00781,-,-,real,A,RealVideo-RealAudio,African,men,00092.mp4,RealVideo-RealAudio/African/men/id00781,RealVideo-RealAudio/African/men/id00781/00092.mp4,/Users/jeevikakiran/Documents/USC/Multimodal/Project/FakeAVCeleb_v1.2/FakeAVCeleb_v1.2/RealVideo-RealAudio/African/men/id00781/00092.mp4,1,0,0,0,REAL,val
id03816__00093__8b7f2100ca,id03816,-,-,real,A,RealVideo-RealAudio,Caucasian (European),women,00093.mp4,RealVideo-RealAudio/Caucasian (European)/women/id03816,RealVideo-RealAudio/Caucasian (European)/women/id03816/00093.mp4,/Users/jeevikakiran/Documents/USC/Multimodal/Project/FakeAVCeleb_v1.2/FakeAVCeleb_v1.2/RealVideo-RealAudio/Caucasian (European)/women/id03816/00093.mp4,1,0,0,0,REAL,train
id01091__00236_id00025_pjsevtbvsja_id00428_wavtolip__c8c6d064c2,id01091,id00025,id00428,fsgan-wav2lip,D,FakeVideo-FakeAudio,Caucasian (American),women,00236_id00025_PjSeVtbvSjA_id00428_wavtolip.mp4,FakeVideo-FakeAudio/Caucasian (American)/women/id01091,FakeVideo-FakeAudio/Caucasian (American)/women/id01091/00236_id00025_PjSeVtbvSjA_id00428_wavtolip.mp4,/Users/jeevikakiran/Documents/USC/Multimodal/Project/FakeAVCeleb_v1.2/FakeAVCeleb_v1.2/FakeVideo-FakeAudio/Caucasian (American)/women/id01091/00236_id00025_PjSeVtbvSjA_id00428_wavtolip.mp4,1,1,1,1,FAKE,train
id02051__00015__d2c58b60f5,id02051,-,-,real,A,RealVideo-RealAudio,African,men,00015.mp4,RealVideo-RealAudio/African/men/id02051,RealVideo-RealAudio/African/men/id02051/00015.mp4,/Users/jeevikakiran/Documents/USC/Multimodal/Project/FakeAVCeleb_v1.2/FakeAVCeleb_v1.2/RealVideo-RealAudio/African/men/id02051/00015.mp4,1,0,0,0,REAL,train
id02040__00476__5d3fd77818,id02040,-,-,real,A,RealVideo-RealAudio,African,men,00476.mp4,RealVideo-RealAudio/African/men/id02040,RealVideo-RealAudio/African/men/id02040/00476.mp4,/Users/jeevikakiran/Documents/USC/Multimodal/Project/FakeAVCeleb_v1.2/FakeAVCeleb_v1.2/RealVideo-RealAudio/African/men/id02040/00476.mp4,1,0,0,0,REAL,train
id00709__00206__0830bab4f7,id00709,-,-,real,A,RealVideo-RealAudio,Caucasian (European),men,00206.mp4,RealVideo-RealAudio/Caucasian (European)/men/id00709,RealVideo-RealAudio/Caucasian (European)/men/id00709/00206.mp4,/Users/jeevikakiran/Documents/USC/Multimodal/Project/FakeAVCeleb_v1.2/FakeAVCeleb_v1.2/RealVideo-RealAudio/Caucasian (European)/men/id00709/00206.mp4,1,0,0,0,REAL,val
id00431__00039__a0222d7592,id00431,-,-,real,A,RealVideo-RealAudio,Caucasian (American),women,00039.mp4,RealVideo-RealAudio/Caucasian (American)/women/id00431,RealVideo-RealAudio/Caucasian (American)/women/id00431/00039.mp4,/Users/jeevikakiran/Documents/USC/Multimodal/Project/FakeAVCeleb_v1.2/FakeAVCeleb_v1.2/RealVideo-RealAudio/Caucasian (American)/women/id00431/00039.mp4,1,0,0,0,REAL,train
id07377__00025__79682c9d7d,id07377,-,-,real,A,RealVideo-RealAudio,Asian (South),women,00025.mp4,RealVideo-RealAudio/Asian (South)/women/id07377,RealVideo-RealAudio/Asian (South)/women/id07377/00025.mp4,/Users/jeevikakiran/Documents/USC/Multimodal/Project/FakeAVCeleb_v1.2/FakeAVCeleb_v1.2/RealVideo-RealAudio/Asian (South)/women/id07377/00025.mp4,1,0,0,0,REAL,train
id07182__00040_fake__6719cc01bc,id07182,fake.mp4,-,rtvc,B,RealVideo-FakeAudio,Asian (South),men,00040_fake.mp4,RealVideo-FakeAudio/Asian (South)/men/id07182,RealVideo-FakeAudio/Asian (South)/men/id07182/00040_fake.mp4,/Users/jeevikakiran/Documents/USC/Multimodal/Project/FakeAVCeleb_v1.2/FakeAVCeleb_v1.2/RealVideo-FakeAudio/Asian (South)/men/id07182/00040_fake.mp4,1,0,1,1,FAKE,train
id04727__00007_id00987_wavtolip__421e49b95e,id04727,id00987,-,wav2lip,D,FakeVideo-FakeAudio,African,men,00007_id00987_wavtolip.mp4,FakeVideo-FakeAudio/African/men/id04727,FakeVideo-FakeAudio/African/men/id04727/00007_id00987_wavtolip.mp4,/Users/jeevikakiran/Documents/USC/Multimodal/Project/FakeAVCeleb_v1.2/FakeAVCeleb_v1.2/FakeVideo-FakeAudio/African/men/id04727/00007_id00987_wavtolip.mp4,1,1,1,1,FAKE,train
id05980__00143_id02838_wavtolip__0593f911d7,id05980,id02838,-,wav2lip,C,FakeVideo-RealAudio,African,women,00143_id02838_wavtolip.mp4,FakeVideo-RealAudio/African/women/id05980,FakeVideo-RealAudio/African/women/id05980/00143_id02838_wavtolip.mp4,/Users/jeevikakiran/Documents/USC/Multimodal/Project/FakeAVCeleb_v1.2/FakeAVCeleb_v1.2/FakeVideo-RealAudio/African/women/id05980/00143_id02838_wavtolip.mp4,1,1,0,1,FAKE,train
id00018__00181__f536f28287,id00018,-,-,real,A,RealVideo-RealAudio,Caucasian (American),men,00181.mp4,RealVideo-RealAudio/Caucasian (American)/men/id00018,RealVideo-RealAudio/Caucasian (American)/men/id00018/00181.mp4,/Users/jeevikakiran/Documents/USC/Multimodal/Project/FakeAVCeleb_v1.2/FakeAVCeleb_v1.2/RealVideo-RealAudio/Caucasian (American)/men/id00018/00181.mp4,1,0,0,0,REAL,train
id04599__00111__2335e856e1,id04599,-,-,real,A,RealVideo-RealAudio,Asian (South),men,00111.mp4,RealVideo-RealAudio/Asian (South)/men/id04599,RealVideo-RealAudio/Asian (South)/men/id04599/00111.mp4,/Users/jeevikakiran/Documents/USC/Multimodal/Project/FakeAVCeleb_v1.2/FakeAVCeleb_v1.2/RealVideo-RealAudio/Asian (South)/men/id04599/00111.mp4,1,0,0,0,REAL,train
id00842__00043__9daaf3f12c,id00842,-,-,real,A,RealVideo-RealAudio,Caucasian (American),women,00043.mp4,RealVideo-RealAudio/Caucasian (American)/women/id00842,RealVideo-RealAudio/Caucasian (American)/women/id00842/00043.mp4,/Users/jeevikakiran/Documents/USC/Multimodal/Project/FakeAVCeleb_v1.2/FakeAVCeleb_v1.2/RealVideo-RealAudio/Caucasian (American)/women/id00842/00043.mp4,1,0,0,0,REAL,train
id07233__00010__bbdf8f8009,id07233,-,-,real,A,RealVideo-RealAudio,Asian (South),men,00010.mp4,RealVideo-RealAudio/Asian (South)/men/id07233,RealVideo-RealAudio/Asian (South)/men/id07233/00010.mp4,/Users/jeevikakiran/Documents/USC/Multimodal/Project/FakeAVCeleb_v1.2/FakeAVCeleb_v1.2/RealVideo-RealAudio/Asian (South)/men/id07233/00010.mp4,1,0,0,0,REAL,train
id03180__00039__dcca31c6dc,id03180,-,-,real,A,RealVideo-RealAudio,Asian (South),men,00039.mp4,RealVideo-RealAudio/Asian (South)/men/id03180,RealVideo-RealAudio/Asian (South)/men/id03180/00039.mp4,/Users/jeevikakiran/Documents/USC/Multimodal/Project/FakeAVCeleb_v1.2/FakeAVCeleb_v1.2/RealVideo-RealAudio/Asian (South)/men/id03180/00039.mp4,1,0,0,0,REAL,train
id00032__00028_fake__0a415b33e7,id00032,fake.mp4,-,rtvc,B,RealVideo-FakeAudio,Asian (South),men,00028_fake.mp4,RealVideo-FakeAudio/Asian (South)/men/id00032,RealVideo-FakeAudio/Asian (South)/men/id00032/00028_fake.mp4,/Users/jeevikakiran/Documents/USC/Multimodal/Project/FakeAVCeleb_v1.2/FakeAVCeleb_v1.2/RealVideo-FakeAudio/Asian (South)/men/id00032/00028_fake.mp4,1,0,1,1,FAKE,train
id00080__00281_fake__120a76224b,id00080,fake.mp4,-,rtvc,B,RealVideo-FakeAudio,Asian (South),women,00281_fake.mp4,RealVideo-FakeAudio/Asian (South)/women/id00080,RealVideo-FakeAudio/Asian (South)/women/id00080/00281_fake.mp4,/Users/jeevikakiran/Documents/USC/Multimodal/Project/FakeAVCeleb_v1.2/FakeAVCeleb_v1.2/RealVideo-FakeAudio/Asian (South)/women/id00080/00281_fake.mp4,1,0,1,1,FAKE,train
id01099__00206_id01157_ydgqfowvkko__cf7ea77bfd,id01099,id01157,-,fsgan,C,FakeVideo-RealAudio,Caucasian (European),men,00206_id01157_yDgqfOWVKko.mp4,FakeVideo-RealAudio/Caucasian (European)/men/id01099,FakeVideo-RealAudio/Caucasian (European)/men/id01099/00206_id01157_yDgqfOWVKko.mp4,/Users/jeevikakiran/Documents/USC/Multimodal/Project/FakeAVCeleb_v1.2/FakeAVCeleb_v1.2/FakeVideo-RealAudio/Caucasian (European)/men/id01099/00206_id01157_yDgqfOWVKko.mp4,1,1,0,1,FAKE,train
id00841__00078__5b4597b971,id00841,-,-,real,A,RealVideo-RealAudio,Caucasian (American),women,00078.mp4,RealVideo-RealAudio/Caucasian (American)/women/id00841,RealVideo-RealAudio/Caucasian (American)/women/id00841/00078.mp4,/Users/jeevikakiran/Documents/USC/Multimodal/Project/FakeAVCeleb_v1.2/FakeAVCeleb_v1.2/RealVideo-RealAudio/Caucasian (American)/women/id00841/00078.mp4,1,0,0,0,REAL,train
id03716__00040__c4dadad6f6,id03716,-,-,real,A,RealVideo-RealAudio,Caucasian (European),women,00040.mp4,RealVideo-RealAudio/Caucasian (European)/women/id03716,RealVideo-RealAudio/Caucasian (European)/women/id03716/00040.mp4,/Users/jeevikakiran/Documents/USC/Multimodal/Project/FakeAVCeleb_v1.2/FakeAVCeleb_v1.2/RealVideo-RealAudio/Caucasian (European)/women/id03716/00040.mp4,1,0,0,0,REAL,train
id02051__00015_fake__759e725f9a,id02051,fake.mp4,-,rtvc,B,RealVideo-FakeAudio,African,men,00015_fake.mp4,RealVideo-FakeAudio/African/men/id02051,RealVideo-FakeAudio/African/men/id02051/00015_fake.mp4,/Users/jeevikakiran/Documents/USC/Multimodal/Project/FakeAVCeleb_v1.2/FakeAVCeleb_v1.2/RealVideo-FakeAudio/African/men/id02051/00015_fake.mp4,1,0,1,1,FAKE,train
id00287__00005_id00379_fgkgyhcuk4g__06134cb2f3,id00287,id00379,-,fsgan,C,FakeVideo-RealAudio,Caucasian (European),women,00005_id00379_fgkgYHCuk4g.mp4,FakeVideo-RealAudio/Caucasian (European)/women/id00287,FakeVideo-RealAudio/Caucasian (European)/women/id00287/00005_id00379_fgkgYHCuk4g.mp4,/Users/jeevikakiran/Documents/USC/Multimodal/Project/FakeAVCeleb_v1.2/FakeAVCeleb_v1.2/FakeVideo-RealAudio/Caucasian (European)/women/id00287/00005_id00379_fgkgYHCuk4g.mp4,1,1,0,1,FAKE,train
id07377__00025_fake__de9daaf4d3,id07377,fake.mp4,-,rtvc,B,RealVideo-FakeAudio,Asian (South),women,00025_fake.mp4,RealVideo-FakeAudio/Asian (South)/women/id07377,RealVideo-FakeAudio/Asian (South)/women/id07377/00025_fake.mp4,/Users/jeevikakiran/Documents/USC/Multimodal/Project/FakeAVCeleb_v1.2/FakeAVCeleb_v1.2/RealVideo-FakeAudio/Asian (South)/women/id07377/00025_fake.mp4,1,0,1,1,FAKE,train
id00169__00021_id01175_wavtolip__2c0fec4b74,id00169,id01175,-,wav2lip,C,FakeVideo-RealAudio,Caucasian (American),men,00021_id01175_wavtolip.mp4,FakeVideo-RealAudio/Caucasian (American)/men/id00169,FakeVideo-RealAudio/Caucasian (American)/men/id00169/00021_id01175_wavtolip.mp4,/Users/jeevikakiran/Documents/USC/Multimodal/Project/FakeAVCeleb_v1.2/FakeAVCeleb_v1.2/FakeVideo-RealAudio/Caucasian (American)/men/id00169/00021_id01175_wavtolip.mp4,1,1,0,1,FAKE,train
id00813__00169__4588062a32,id00813,-,-,real,A,RealVideo-RealAudio,Caucasian (European),women,00169.mp4,RealVideo-RealAudio/Caucasian (European)/women/id00813,RealVideo-RealAudio/Caucasian (European)/women/id00813/00169.mp4,/Users/jeevikakiran/Documents/USC/Multimodal/Project/FakeAVCeleb_v1.2/FakeAVCeleb_v1.2/RealVideo-RealAudio/Caucasian (European)/women/id00813/00169.mp4,1,0,0,0,REAL,train
id03620__00081_fake__86076c469a,id03620,fake.mp4,-,rtvc,B,RealVideo-FakeAudio,Caucasian (European),women,00081_fake.mp4,RealVideo-FakeAudio/Caucasian (European)/women/id03620,RealVideo-FakeAudio/Caucasian (European)/women/id03620/00081_fake.mp4,/Users/jeevikakiran/Documents/USC/Multimodal/Project/FakeAVCeleb_v1.2/FakeAVCeleb_v1.2/RealVideo-FakeAudio/Caucasian (European)/women/id03620/00081_fake.mp4,1,0,1,1,FAKE,train
id02494__00050_id01036_wavtolip__7144c19091,id02494,id01036,-,wav2lip,C,FakeVideo-RealAudio,African,men,00050_id01036_wavtolip.mp4,FakeVideo-RealAudio/African/men/id02494,FakeVideo-RealAudio/African/men/id02494/00050_id01036_wavtolip.mp4,/Users/jeevikakiran/Documents/USC/Multimodal/Project/FakeAVCeleb_v1.2/FakeAVCeleb_v1.2/FakeVideo-RealAudio/African/men/id02494/00050_id01036_wavtolip.mp4,1,1,0,1,FAKE,val
id00935__00005__a80fd583d0,id00935,-,-,real,A,RealVideo-RealAudio,Asian (East),women,00005.mp4,RealVideo-RealAudio/Asian (East)/women/id00935,RealVideo-RealAudio/Asian (East)/women/id00935/00005.mp4,/Users/jeevikakiran/Documents/USC/Multimodal/Project/FakeAVCeleb_v1.2/FakeAVCeleb_v1.2/RealVideo-RealAudio/Asian (East)/women/id00935/00005.mp4,1,0,0,0,REAL,val
id07182__00040_id00103_qptvap4y5dq_id00773_wavtolip__b14ec87cac,id07182,id00103,id00773,fsgan-wav2lip,D,FakeVideo-FakeAudio,Asian (South),men,00040_id00103_qpTVaP4y5DQ_id00773_wavtolip.mp4,FakeVideo-FakeAudio/Asian (South)/men/id07182,FakeVideo-FakeAudio/Asian (South)/men/id07182/00040_id00103_qpTVaP4y5DQ_id00773_wavtolip.mp4,/Users/jeevikakiran/Documents/USC/Multimodal/Project/FakeAVCeleb_v1.2/FakeAVCeleb_v1.2/FakeVideo-FakeAudio/Asian (South)/men/id07182/00040_id00103_qpTVaP4y5DQ_id00773_wavtolip.mp4,1,1,1,1,FAKE,val
id00990__00160__f321f5226f,id00990,-,-,real,A,RealVideo-RealAudio,Caucasian (European),men,00160.mp4,RealVideo-RealAudio/Caucasian (European)/men/id00990,RealVideo-RealAudio/Caucasian (European)/men/id00990/00160.mp4,/Users/jeevikakiran/Documents/USC/Multimodal/Project/FakeAVCeleb_v1.2/FakeAVCeleb_v1.2/RealVideo-RealAudio/Caucasian (European)/men/id00990/00160.mp4,1,0,0,0,REAL,train
id01036__00010__81674299af,id01036,-,-,real,A,RealVideo-RealAudio,African,men,00010.mp4,RealVideo-RealAudio/African/men/id01036,RealVideo-RealAudio/African/men/id01036/00010.mp4,/Users/jeevikakiran/Documents/USC/Multimodal/Project/FakeAVCeleb_v1.2/FakeAVCeleb_v1.2/RealVideo-RealAudio/African/men/id01036/00010.mp4,1,0,0,0,REAL,train
id00548__00015__55e09b84f5,id00548,-,-,real,A,RealVideo-RealAudio,Caucasian (European),men,00015.mp4,RealVideo-RealAudio/Caucasian (European)/men/id00548,RealVideo-RealAudio/Caucasian (European)/men/id00548/00015.mp4,/Users/jeevikakiran/Documents/USC/Multimodal/Project/FakeAVCeleb_v1.2/FakeAVCeleb_v1.2/RealVideo-RealAudio/Caucasian (European)/men/id00548/00015.mp4,1,0,0,0,REAL,train
id00052__00015_id00018_sap_fjurhlc__637a5c6bff,id00052,id00018,-,fsgan,C,FakeVideo-RealAudio,Caucasian (American),men,00015_id00018_sap-FjURHlc.mp4,FakeVideo-RealAudio/Caucasian (American)/men/id00052,FakeVideo-RealAudio/Caucasian (American)/men/id00052/00015_id00018_sap-FjURHlc.mp4,/Users/jeevikakiran/Documents/USC/Multimodal/Project/FakeAVCeleb_v1.2/FakeAVCeleb_v1.2/FakeVideo-RealAudio/Caucasian (American)/men/id00052/00015_id00018_sap-FjURHlc.mp4,1,1,0,1,FAKE,train
id04687__00066__7c40b64710,id04687,-,-,real,A,RealVideo-RealAudio,Asian (East),men,00066.mp4,RealVideo-RealAudio/Asian (East)/men/id04687,RealVideo-RealAudio/Asian (East)/men/id04687/00066.mp4,/Users/jeevikakiran/Documents/USC/Multimodal/Project/FakeAVCeleb_v1.2/FakeAVCeleb_v1.2/RealVideo-RealAudio/Asian (East)/men/id04687/00066.mp4,1,0,0,0,REAL,val
id00848__00028__d1e70bbae7,id00848,-,-,real,A,RealVideo-RealAudio,Caucasian (American),women,00028.mp4,RealVideo-RealAudio/Caucasian (American)/women/id00848,RealVideo-RealAudio/Caucasian (American)/women/id00848/00028.mp4,/Users/jeevikakiran/Documents/USC/Multimodal/Project/FakeAVCeleb_v1.2/FakeAVCeleb_v1.2/RealVideo-RealAudio/Caucasian (American)/women/id00848/00028.mp4,1,0,0,0,REAL,train
id02089__00092_fake__d6af6a4cb5,id02089,fake.mp4,-,rtvc,B,RealVideo-FakeAudio,Asian (South),women,00092_fake.mp4,RealVideo-FakeAudio/Asian (South)/women/id02089,RealVideo-FakeAudio/Asian (South)/women/id02089/00092_fake.mp4,/Users/jeevikakiran/Documents/USC/Multimodal/Project/FakeAVCeleb_v1.2/FakeAVCeleb_v1.2/RealVideo-FakeAudio/Asian (South)/women/id02089/00092_fake.mp4,1,0,1,1,FAKE,train
id01392__00167__aac1e555ad,id01392,-,-,real,A,RealVideo-RealAudio,African,men,00167.mp4,RealVideo-RealAudio/African/men/id01392,RealVideo-RealAudio/African/men/id01392/00167.mp4,/Users/jeevikakiran/Documents/USC/Multimodal/Project/FakeAVCeleb_v1.2/FakeAVCeleb_v1.2/RealVideo-RealAudio/African/men/id01392/00167.mp4,1,0,0,0,REAL,train
id00262__00028__975d1df524,id00262,-,-,real,A,RealVideo-RealAudio,Caucasian (European),women,00028.mp4,RealVideo-RealAudio/Caucasian (European)/women/id00262,RealVideo-RealAudio/Caucasian (European)/women/id00262/00028.mp4,/Users/jeevikakiran/Documents/USC/Multimodal/Project/FakeAVCeleb_v1.2/FakeAVCeleb_v1.2/RealVideo-RealAudio/Caucasian (European)/women/id00262/00028.mp4,1,0,0,0,REAL,train
id05631__00073_id06065_rni34ovupta__c417037ecc,id05631,id06065,-,fsgan,C,FakeVideo-RealAudio,Asian (East),women,00073_id06065_Rni34oVUpTA.mp4,FakeVideo-RealAudio/Asian (East)/women/id05631,FakeVideo-RealAudio/Asian (East)/women/id05631/00073_id06065_Rni34oVUpTA.mp4,/Users/jeevikakiran/Documents/USC/Multimodal/Project/FakeAVCeleb_v1.2/FakeAVCeleb_v1.2/FakeVideo-RealAudio/Asian (East)/women/id05631/00073_id06065_Rni34oVUpTA.mp4,1,1,0,1,FAKE,train
id04222__00078_fake__6aa1f1e4eb,id04222,fake.mp4,-,rtvc,B,RealVideo-FakeAudio,Asian (East),men,00078_fake.mp4,RealVideo-FakeAudio/Asian (East)/men/id04222,RealVideo-FakeAudio/Asian (East)/men/id04222/00078_fake.mp4,/Users/jeevikakiran/Documents/USC/Multimodal/Project/FakeAVCeleb_v1.2/FakeAVCeleb_v1.2/RealVideo-FakeAudio/Asian (East)/men/id04222/00078_fake.mp4,1,0,1,1,FAKE,train
id01098__00044__9050f53cbf,id01098,-,-,real,A,RealVideo-RealAudio,Caucasian (European),men,00044.mp4,RealVideo-RealAudio/Caucasian (European)/men/id01098,RealVideo-RealAudio/Caucasian (European)/men/id01098/00044.mp4,/Users/jeevikakiran/Documents/USC/Multimodal/Project/FakeAVCeleb_v1.2/FakeAVCeleb_v1.2/RealVideo-RealAudio/Caucasian (European)/men/id01098/00044.mp4,1,0,0,0,REAL,train
id06355__00347__26d98edc9a,id06355,-,-,real,A,RealVideo-RealAudio,Asian (South),men,00347.mp4,RealVideo-RealAudio/Asian (South)/men/id06355,RealVideo-RealAudio/Asian (South)/men/id06355/00347.mp4,/Users/jeevikakiran/Documents/USC/Multimodal/Project/FakeAVCeleb_v1.2/FakeAVCeleb_v1.2/RealVideo-RealAudio/Asian (South)/men/id06355/00347.mp4,1,0,0,0,REAL,val
id03716__00040_id03651_ejcorkl6loi_faceswap_id00234_wavtolip__6d883f7c91,id03716,id03651,faceswap,faceswap-wav2lip,D,FakeVideo-FakeAudio,Caucasian (European),women,00040_id03651_EjcoRkL6loI_faceswap_id00234_wavtolip.mp4,FakeVideo-FakeAudio/Caucasian (European)/women/id03716,FakeVideo-FakeAudio/Caucasian (European)/women/id03716/00040_id03651_EjcoRkL6loI_faceswap_id00234_wavtolip.mp4,/Users/jeevikakiran/Documents/USC/Multimodal/Project/FakeAVCeleb_v1.2/FakeAVCeleb_v1.2/FakeVideo-FakeAudio/Caucasian (European)/women/id03716/00040_id03651_EjcoRkL6loI_faceswap_id00234_wavtolip.mp4,1,1,1,1,FAKE,train
id04736__00083_fake__d9eba6c2f6,id04736,fake.mp4,-,rtvc,B,RealVideo-FakeAudio,African,women,00083_fake.mp4,RealVideo-FakeAudio/African/women/id04736,RealVideo-FakeAudio/African/women/id04736/00083_fake.mp4,/Users/jeevikakiran/Documents/USC/Multimodal/Project/FakeAVCeleb_v1.2/FakeAVCeleb_v1.2/RealVideo-FakeAudio/African/women/id04736/00083_fake.mp4,1,0,1,1,FAKE,train
id00597__00019__6a5db1b0a7,id00597,-,-,real,A,RealVideo-RealAudio,Asian (East),men,00019.mp4,RealVideo-RealAudio/Asian (East)/men/id00597,RealVideo-RealAudio/Asian (East)/men/id00597/00019.mp4,/Users/jeevikakiran/Documents/USC/Multimodal/Project/FakeAVCeleb_v1.2/FakeAVCeleb_v1.2/RealVideo-RealAudio/Asian (East)/men/id00597/00019.mp4,1,0,0,0,REAL,train
id01170__00021_id01597_52wezxe4_ge_id01076_wavtolip__8b28efdac7,id01170,id01597,id01076,fsgan-wav2lip,D,FakeVideo-FakeAudio,African,men,00021_id01597_52WEZxe4_GE_id01076_wavtolip.mp4,FakeVideo-FakeAudio/African/men/id01170,FakeVideo-FakeAudio/African/men/id01170/00021_id01597_52WEZxe4_GE_id01076_wavtolip.mp4,/Users/jeevikakiran/Documents/USC/Multimodal/Project/FakeAVCeleb_v1.2/FakeAVCeleb_v1.2/FakeVideo-FakeAudio/African/men/id01170/00021_id01597_52WEZxe4_GE_id01076_wavtolip.mp4,1,1,1,1,FAKE,train
id04939__00174__3bf800fda8,id04939,-,-,real,A,RealVideo-RealAudio,African,women,00174.mp4,RealVideo-RealAudio/African/women/id04939,RealVideo-RealAudio/African/women/id04939/00174.mp4,/Users/jeevikakiran/Documents/USC/Multimodal/Project/FakeAVCeleb_v1.2/FakeAVCeleb_v1.2/RealVideo-RealAudio/African/women/id04939/00174.mp4,1,0,0,0,REAL,train
id00529__00409_id03678_dsfcxodi9i8_faceswap_id01042_wavtolip__82a97b3bf1,id00529,id03678,faceswap,faceswap-wav2lip,D,FakeVideo-FakeAudio,Caucasian (American),men,00409_id03678_dsfCxodI9i8_faceswap_id01042_wavtolip.mp4,FakeVideo-FakeAudio/Caucasian (American)/men/id00529,FakeVideo-FakeAudio/Caucasian (American)/men/id00529/00409_id03678_dsfCxodI9i8_faceswap_id01042_wavtolip.mp4,/Users/jeevikakiran/Documents/USC/Multimodal/Project/FakeAVCeleb_v1.2/FakeAVCeleb_v1.2/FakeVideo-FakeAudio/Caucasian (American)/men/id00529/00409_id03678_dsfCxodI9i8_faceswap_id01042_wavtolip.mp4,1,1,1,1,FAKE,train
id02508__00083__f580da19fa,id02508,-,-,real,A,RealVideo-RealAudio,African,women,00083.mp4,RealVideo-RealAudio/African/women/id02508,RealVideo-RealAudio/African/women/id02508/00083.mp4,/Users/jeevikakiran/Documents/USC/Multimodal/Project/FakeAVCeleb_v1.2/FakeAVCeleb_v1.2/RealVideo-RealAudio/African/women/id02508/00083.mp4,1,0,0,0,REAL,train
id00266__00470_id00594_2whhoksbevw_faceswap_id01102_wavtolip__fbc35133e1,id00266,id00594,faceswap,faceswap-wav2lip,D,FakeVideo-FakeAudio,Caucasian (European),men,00470_id00594_2WHHoksbeVw_faceswap_id01102_wavtolip.mp4,FakeVideo-FakeAudio/Caucasian (European)/men/id00266,FakeVideo-FakeAudio/Caucasian (European)/men/id00266/00470_id00594_2WHHoksbeVw_faceswap_id01102_wavtolip.mp4,/Users/jeevikakiran/Documents/USC/Multimodal/Project/FakeAVCeleb_v1.2/FakeAVCeleb_v1.2/FakeVideo-FakeAudio/Caucasian (European)/men/id00266/00470_id00594_2WHHoksbeVw_faceswap_id01102_wavtolip.mp4,1,1,1,1,FAKE,train
id06462__00014__dbefa65a49,id06462,-,-,real,A,RealVideo-RealAudio,Asian (East),women,00014.mp4,RealVideo-RealAudio/Asian (East)/women/id06462,RealVideo-RealAudio/Asian (East)/women/id06462/00014.mp4,/Users/jeevikakiran/Documents/USC/Multimodal/Project/FakeAVCeleb_v1.2/FakeAVCeleb_v1.2/RealVideo-RealAudio/Asian (East)/women/id06462/00014.mp4,1,0,0,0,REAL,val
id00848__00028_fake__f62155e87f,id00848,fake.mp4,-,rtvc,B,RealVideo-FakeAudio,Caucasian (American),women,00028_fake.mp4,RealVideo-FakeAudio/Caucasian (American)/women/id00848,RealVideo-FakeAudio/Caucasian (American)/women/id00848/00028_fake.mp4,/Users/jeevikakiran/Documents/USC/Multimodal/Project/FakeAVCeleb_v1.2/FakeAVCeleb_v1.2/RealVideo-FakeAudio/Caucasian (American)/women/id00848/00028_fake.mp4,1,0,1,1,FAKE,train
id07108__00412__20effc4a0d,id07108,-,-,real,A,RealVideo-RealAudio,Asian (South),men,00412.mp4,RealVideo-RealAudio/Asian (South)/men/id07108,RealVideo-RealAudio/Asian (South)/men/id07108/00412.mp4,/Users/jeevikakiran/Documents/USC/Multimodal/Project/FakeAVCeleb_v1.2/FakeAVCeleb_v1.2/RealVideo-RealAudio/Asian (South)/men/id07108/00412.mp4,1,0,0,0,REAL,train
id00100__00028__40870332ef,id00100,-,-,real,A,RealVideo-RealAudio,Caucasian (American),women,00028.mp4,RealVideo-RealAudio/Caucasian (American)/women/id00100,RealVideo-RealAudio/Caucasian (American)/women/id00100/00028.mp4,/Users/jeevikakiran/Documents/USC/Multimodal/Project/FakeAVCeleb_v1.2/FakeAVCeleb_v1.2/RealVideo-RealAudio/Caucasian (American)/women/id00100/00028.mp4,1,0,0,0,REAL,val
id02948__00298__8137e19190,id02948,-,-,real,A,RealVideo-RealAudio,African,women,00298.mp4,RealVideo-RealAudio/African/women/id02948,RealVideo-RealAudio/African/women/id02948/00298.mp4,/Users/jeevikakiran/Documents/USC/Multimodal/Project/FakeAVCeleb_v1.2/FakeAVCeleb_v1.2/RealVideo-RealAudio/African/women/id02948/00298.mp4,1,0,0,0,REAL,train
id08313__00202_id04562_wavtolip__28222fc1f2,id08313,id04562,-,wav2lip,C,FakeVideo-RealAudio,Asian (South),men,00202_id04562_wavtolip.mp4,FakeVideo-RealAudio/Asian (South)/men/id08313,FakeVideo-RealAudio/Asian (South)/men/id08313/00202_id04562_wavtolip.mp4,/Users/jeevikakiran/Documents/USC/Multimodal/Project/FakeAVCeleb_v1.2/FakeAVCeleb_v1.2/FakeVideo-RealAudio/Asian (South)/men/id08313/00202_id04562_wavtolip.mp4,1,1,0,1,FAKE,train
id07768__00143__f81873b53d,id07768,-,-,real,A,RealVideo-RealAudio,Asian (South),men,00143.mp4,RealVideo-RealAudio/Asian (South)/men/id07768,RealVideo-RealAudio/Asian (South)/men/id07768/00143.mp4,/Users/jeevikakiran/Documents/USC/Multimodal/Project/FakeAVCeleb_v1.2/FakeAVCeleb_v1.2/RealVideo-RealAudio/Asian (South)/men/id07768/00143.mp4,1,0,0,0,REAL,train
id01227__00052__112ee11319,id01227,-,-,real,A,RealVideo-RealAudio,Caucasian (American),women,00052.mp4,RealVideo-RealAudio/Caucasian (American)/women/id01227,RealVideo-RealAudio/Caucasian (American)/women/id01227/00052.mp4,/Users/jeevikakiran/Documents/USC/Multimodal/Project/FakeAVCeleb_v1.2/FakeAVCeleb_v1.2/RealVideo-RealAudio/Caucasian (American)/women/id01227/00052.mp4,1,0,0,0,REAL,train
id05620__00005__282a4add77,id05620,-,-,real,A,RealVideo-RealAudio,Asian (East),women,00005.mp4,RealVideo-RealAudio/Asian (East)/women/id05620,RealVideo-RealAudio/Asian (East)/women/id05620/00005.mp4,/Users/jeevikakiran/Documents/USC/Multimodal/Project/FakeAVCeleb_v1.2/FakeAVCeleb_v1.2/RealVideo-RealAudio/Asian (East)/women/id05620/00005.mp4,1,0,0,0,REAL,train
id06470__00052__175274abe7,id06470,-,-,real,A,RealVideo-RealAudio,Asian (East),men,00052.mp4,RealVideo-RealAudio/Asian (East)/men/id06470,RealVideo-RealAudio/Asian (East)/men/id06470/00052.mp4,/Users/jeevikakiran/Documents/USC/Multimodal/Project/FakeAVCeleb_v1.2/FakeAVCeleb_v1.2/RealVideo-RealAudio/Asian (East)/men/id06470/00052.mp4,1,0,0,0,REAL,train
id06438__00110__86f7264f92,id06438,-,-,real,A,RealVideo-RealAudio,Asian (South),women,00110.mp4,RealVideo-RealAudio/Asian (South)/women/id06438,RealVideo-RealAudio/Asian (South)/women/id06438/00110.mp4,/Users/jeevikakiran/Documents/USC/Multimodal/Project/FakeAVCeleb_v1.2/FakeAVCeleb_v1.2/RealVideo-RealAudio/Asian (South)/women/id06438/00110.mp4,1,0,0,0,REAL,val
id00696__00005__a8fb13b8d3,id00696,-,-,real,A,RealVideo-RealAudio,Caucasian (American),men,00005.mp4,RealVideo-RealAudio/Caucasian (American)/men/id00696,RealVideo-RealAudio/Caucasian (American)/men/id00696/00005.mp4,/Users/jeevikakiran/Documents/USC/Multimodal/Project/FakeAVCeleb_v1.2/FakeAVCeleb_v1.2/RealVideo-RealAudio/Caucasian (American)/men/id00696/00005.mp4,1,0,0,0,REAL,val
id07108__00412_fake__75158c7729,id07108,fake.mp4,-,rtvc,B,RealVideo-FakeAudio,Asian (South),men,00412_fake.mp4,RealVideo-FakeAudio/Asian (South)/men/id07108,RealVideo-FakeAudio/Asian (South)/men/id07108/00412_fake.mp4,/Users/jeevikakiran/Documents/USC/Multimodal/Project/FakeAVCeleb_v1.2/FakeAVCeleb_v1.2/RealVideo-FakeAudio/Asian (South)/men/id07108/00412_fake.mp4,1,0,1,1,FAKE,train
id00234__00063_id00234_wavtolip__2cf6e470db,id00234,id00234,-,wav2lip,D,FakeVideo-FakeAudio,Caucasian (European),women,00063_id00234_wavtolip.mp4,FakeVideo-FakeAudio/Caucasian (European)/women/id00234,FakeVideo-FakeAudio/Caucasian (European)/women/id00234/00063_id00234_wavtolip.mp4,/Users/jeevikakiran/Documents/USC/Multimodal/Project/FakeAVCeleb_v1.2/FakeAVCeleb_v1.2/FakeVideo-FakeAudio/Caucasian (European)/women/id00234/00063_id00234_wavtolip.mp4,1,1,1,1,FAKE,train
id00848__00028_id00458_wavtolip__821664efac,id00848,id00458,-,wav2lip,C,FakeVideo-RealAudio,Caucasian (American),women,00028_id00458_wavtolip.mp4,FakeVideo-RealAudio/Caucasian (American)/women/id00848,FakeVideo-RealAudio/Caucasian (American)/women/id00848/00028_id00458_wavtolip.mp4,/Users/jeevikakiran/Documents/USC/Multimodal/Project/FakeAVCeleb_v1.2/FakeAVCeleb_v1.2/FakeVideo-RealAudio/Caucasian (American)/women/id00848/00028_id00458_wavtolip.mp4,1,1,0,1,FAKE,train
id06462__00014_id08819_wavtolip__5a195c746f,id06462,id08819,-,wav2lip,D,FakeVideo-FakeAudio,Asian (East),women,00014_id08819_wavtolip.mp4,FakeVideo-FakeAudio/Asian (East)/women/id06462,FakeVideo-FakeAudio/Asian (East)/women/id06462/00014_id08819_wavtolip.mp4,/Users/jeevikakiran/Documents/USC/Multimodal/Project/FakeAVCeleb_v1.2/FakeAVCeleb_v1.2/FakeVideo-FakeAudio/Asian (East)/women/id06462/00014_id08819_wavtolip.mp4,1,1,1,1,FAKE,train
id01044__00336__5cc172877a,id01044,-,-,real,A,RealVideo-RealAudio,Caucasian (American),men,00336.mp4,RealVideo-RealAudio/Caucasian (American)/men/id01044,RealVideo-RealAudio/Caucasian (American)/men/id01044/00336.mp4,/Users/jeevikakiran/Documents/USC/Multimodal/Project/FakeAVCeleb_v1.2/FakeAVCeleb_v1.2/RealVideo-RealAudio/Caucasian (American)/men/id01044/00336.mp4,1,0,0,0,REAL,train
id00529__00409__7c4dd8a5fc,id00529,-,-,real,A,RealVideo-RealAudio,Caucasian (American),men,00409.mp4,RealVideo-RealAudio/Caucasian (American)/men/id00529,RealVideo-RealAudio/Caucasian (American)/men/id00529/00409.mp4,/Users/jeevikakiran/Documents/USC/Multimodal/Project/FakeAVCeleb_v1.2/FakeAVCeleb_v1.2/RealVideo-RealAudio/Caucasian (American)/men/id00529/00409.mp4,1,0,0,0,REAL,train
id04583__00077__f2c90841de,id04583,-,-,real,A,RealVideo-RealAudio,Asian (South),women,00077.mp4,RealVideo-RealAudio/Asian (South)/women/id04583,RealVideo-RealAudio/Asian (South)/women/id04583/00077.mp4,/Users/jeevikakiran/Documents/USC/Multimodal/Project/FakeAVCeleb_v1.2/FakeAVCeleb_v1.2/RealVideo-RealAudio/Asian (South)/women/id04583/00077.mp4,1,0,0,0,REAL,train
id01637__00002_id02316_wavtolip__203ac2cec5,id01637,id02316,-,wav2lip,C,FakeVideo-RealAudio,African,men,00002_id02316_wavtolip.mp4,FakeVideo-RealAudio/African/men/id01637,FakeVideo-RealAudio/African/men/id01637/00002_id02316_wavtolip.mp4,/Users/jeevikakiran/Documents/USC/Multimodal/Project/FakeAVCeleb_v1.2/FakeAVCeleb_v1.2/FakeVideo-RealAudio/African/men/id01637/00002_id02316_wavtolip.mp4,1,1,0,1,FAKE,train
id00707__00052__09f3a466c2,id00707,-,-,real,A,RealVideo-RealAudio,African,women,00052.mp4,RealVideo-RealAudio/African/women/id00707,RealVideo-RealAudio/African/women/id00707/00052.mp4,/Users/jeevikakiran/Documents/USC/Multimodal/Project/FakeAVCeleb_v1.2/FakeAVCeleb_v1.2/RealVideo-RealAudio/African/women/id00707/00052.mp4,1,0,0,0,REAL,train
id01075__00160_fake__80457d5917,id01075,fake.mp4,-,rtvc,B,RealVideo-FakeAudio,Caucasian (American),women,00160_fake.mp4,RealVideo-FakeAudio/Caucasian (American)/women/id01075,RealVideo-FakeAudio/Caucasian (American)/women/id01075/00160_fake.mp4,/Users/jeevikakiran/Documents/USC/Multimodal/Project/FakeAVCeleb_v1.2/FakeAVCeleb_v1.2/RealVideo-FakeAudio/Caucasian (American)/women/id01075/00160_fake.mp4,1,0,1,1,FAKE,train
id04055__00001_fake__eed214599e,id04055,fake.mp4,-,rtvc,B,RealVideo-FakeAudio,African,women,00001_fake.mp4,RealVideo-FakeAudio/African/women/id04055,RealVideo-FakeAudio/African/women/id04055/00001_fake.mp4,/Users/jeevikakiran/Documents/USC/Multimodal/Project/FakeAVCeleb_v1.2/FakeAVCeleb_v1.2/RealVideo-FakeAudio/African/women/id04055/00001_fake.mp4,1,0,1,1,FAKE,train
id00403__00052__886c3adf24,id00403,-,-,real,A,RealVideo-RealAudio,Caucasian (European),women,00052.mp4,RealVideo-RealAudio/Caucasian (European)/women/id00403,RealVideo-RealAudio/Caucasian (European)/women/id00403/00052.mp4,/Users/jeevikakiran/Documents/USC/Multimodal/Project/FakeAVCeleb_v1.2/FakeAVCeleb_v1.2/RealVideo-RealAudio/Caucasian (European)/women/id00403/00052.mp4,1,0,0,0,REAL,train
id04414__00001__d126842ec4,id04414,-,-,real,A,RealVideo-RealAudio,Asian (East),women,00001.mp4,RealVideo-RealAudio/Asian (East)/women/id04414,RealVideo-RealAudio/Asian (East)/women/id04414/00001.mp4,/Users/jeevikakiran/Documents/USC/Multimodal/Project/FakeAVCeleb_v1.2/FakeAVCeleb_v1.2/RealVideo-RealAudio/Asian (East)/women/id04414/00001.mp4,1,0,0,0,REAL,train
id02316__00094__844a37ef8f,id02316,-,-,real,A,RealVideo-RealAudio,African,men,00094.mp4,RealVideo-RealAudio/African/men/id02316,RealVideo-RealAudio/African/men/id02316/00094.mp4,/Users/jeevikakiran/Documents/USC/Multimodal/Project/FakeAVCeleb_v1.2/FakeAVCeleb_v1.2/RealVideo-RealAudio/African/men/id02316/00094.mp4,1,0,0,0,REAL,train
id03205__00150__eadd695a3f,id03205,-,-,real,A,RealVideo-RealAudio,Caucasian (European),men,00150.mp4,RealVideo-RealAudio/Caucasian (European)/men/id03205,RealVideo-RealAudio/Caucasian (European)/men/id03205/00150.mp4,/Users/jeevikakiran/Documents/USC/Multimodal/Project/FakeAVCeleb_v1.2/FakeAVCeleb_v1.2/RealVideo-RealAudio/Caucasian (European)/men/id03205/00150.mp4,1,0,0,0,REAL,train
id03556__00043__c9ea1b62c8,id03556,-,-,real,A,RealVideo-RealAudio,Caucasian (American),women,00043.mp4,RealVideo-RealAudio/Caucasian (American)/women/id03556,RealVideo-RealAudio/Caucasian (American)/women/id03556/00043.mp4,/Users/jeevikakiran/Documents/USC/Multimodal/Project/FakeAVCeleb_v1.2/FakeAVCeleb_v1.2/RealVideo-RealAudio/Caucasian (American)/women/id03556/00043.mp4,1,0,0,0,REAL,train
id00616__00305_fake__2be6fd78d2,id00616,fake.mp4,-,rtvc,B,RealVideo-FakeAudio,Caucasian (American),women,00305_fake.mp4,RealVideo-FakeAudio/Caucasian (American)/women/id00616,RealVideo-FakeAudio/Caucasian (American)/women/id00616/00305_fake.mp4,/Users/jeevikakiran/Documents/USC/Multimodal/Project/FakeAVCeleb_v1.2/FakeAVCeleb_v1.2/RealVideo-FakeAudio/Caucasian (American)/women/id00616/00305_fake.mp4,1,0,1,1,FAKE,train
id03656__00052_fake__e5bd64f193,id03656,fake.mp4,-,rtvc,B,RealVideo-FakeAudio,African,women,00052_fake.mp4,RealVideo-FakeAudio/African/women/id03656,RealVideo-FakeAudio/African/women/id03656/00052_fake.mp4,/Users/jeevikakiran/Documents/USC/Multimodal/Project/FakeAVCeleb_v1.2/FakeAVCeleb_v1.2/RealVideo-FakeAudio/African/women/id03656/00052_fake.mp4,1,0,1,1,FAKE,train
id00529__00409_id01042_wavtolip__8a61c2371c,id00529,id01042,-,wav2lip,C,FakeVideo-RealAudio,Caucasian (American),men,00409_id01042_wavtolip.mp4,FakeVideo-RealAudio/Caucasian (American)/men/id00529,FakeVideo-RealAudio/Caucasian (American)/men/id00529/00409_id01042_wavtolip.mp4,/Users/jeevikakiran/Documents/USC/Multimodal/Project/FakeAVCeleb_v1.2/FakeAVCeleb_v1.2/FakeVideo-RealAudio/Caucasian (American)/men/id00529/00409_id01042_wavtolip.mp4,1,1,0,1,FAKE,train
id03379__00032__5aa93c43ab,id03379,-,-,real,A,RealVideo-RealAudio,Asian (East),women,00032.mp4,RealVideo-RealAudio/Asian (East)/women/id03379,RealVideo-RealAudio/Asian (East)/women/id03379/00032.mp4,/Users/jeevikakiran/Documents/USC/Multimodal/Project/FakeAVCeleb_v1.2/FakeAVCeleb_v1.2/RealVideo-RealAudio/Asian (East)/women/id03379/00032.mp4,1,0,0,0,REAL,train
id07210__00005__273c2ad8a3,id07210,-,-,real,A,RealVideo-RealAudio,Asian (South),men,00005.mp4,RealVideo-RealAudio/Asian (South)/men/id07210,RealVideo-RealAudio/Asian (South)/men/id07210/00005.mp4,/Users/jeevikakiran/Documents/USC/Multimodal/Project/FakeAVCeleb_v1.2/FakeAVCeleb_v1.2/RealVideo-RealAudio/Asian (South)/men/id07210/00005.mp4,1,0,0,0,REAL,train
id00149__00284_id04530_w5_pttl9hzu__ab0d5acb78,id00149,id04530,-,fsgan,C,FakeVideo-RealAudio,Asian (South),women,00284_id04530_W5-PTTL9HzU.mp4,FakeVideo-RealAudio/Asian (South)/women/id00149,FakeVideo-RealAudio/Asian (South)/women/id00149/00284_id04530_W5-PTTL9HzU.mp4,/Users/jeevikakiran/Documents/USC/Multimodal/Project/FakeAVCeleb_v1.2/FakeAVCeleb_v1.2/FakeVideo-RealAudio/Asian (South)/women/id00149/00284_id04530_W5-PTTL9HzU.mp4,1,1,0,1,FAKE,train
id00185__00015__fcf0acfe38,id00185,-,-,real,A,RealVideo-RealAudio,Caucasian (European),men,00015.mp4,RealVideo-RealAudio/Caucasian (European)/men/id00185,RealVideo-RealAudio/Caucasian (European)/men/id00185/00015.mp4,/Users/jeevikakiran/Documents/USC/Multimodal/Project/FakeAVCeleb_v1.2/FakeAVCeleb_v1.2/RealVideo-RealAudio/Caucasian (European)/men/id00185/00015.mp4,1,0,0,0,REAL,train
id01099__00206__d847011753,id01099,-,-,real,A,RealVideo-RealAudio,Caucasian (European),men,00206.mp4,RealVideo-RealAudio/Caucasian (European)/men/id01099,RealVideo-RealAudio/Caucasian (European)/men/id01099/00206.mp4,/Users/jeevikakiran/Documents/USC/Multimodal/Project/FakeAVCeleb_v1.2/FakeAVCeleb_v1.2/RealVideo-RealAudio/Caucasian (European)/men/id01099/00206.mp4,1,0,0,0,REAL,train
id00701__00092_fake__4ff115abf6,id00701,fake.mp4,-,rtvc,B,RealVideo-FakeAudio,African,men,00092_fake.mp4,RealVideo-FakeAudio/African/men/id00701,RealVideo-FakeAudio/African/men/id00701/00092_fake.mp4,/Users/jeevikakiran/Documents/USC/Multimodal/Project/FakeAVCeleb_v1.2/FakeAVCeleb_v1.2/RealVideo-FakeAudio/African/men/id00701/00092_fake.mp4,1,0,1,1,FAKE,train
id04221__00053__af590f5524,id04221,-,-,real,A,RealVideo-RealAudio,Caucasian (American),men,00053.mp4,RealVideo-RealAudio/Caucasian (American)/men/id04221,RealVideo-RealAudio/Caucasian (American)/men/id04221/00053.mp4,/Users/jeevikakiran/Documents/USC/Multimodal/Project/FakeAVCeleb_v1.2/FakeAVCeleb_v1.2/RealVideo-RealAudio/Caucasian (American)/men/id04221/00053.mp4,1,0,0,0,REAL,train
id01035__00012__36c9444d40,id01035,-,-,real,A,RealVideo-RealAudio,Caucasian (American),men,00012.mp4,RealVideo-RealAudio/Caucasian (American)/men/id01035,RealVideo-RealAudio/Caucasian (American)/men/id01035/00012.mp4,/Users/jeevikakiran/Documents/USC/Multimodal/Project/FakeAVCeleb_v1.2/FakeAVCeleb_v1.2/RealVideo-RealAudio/Caucasian (American)/men/id01035/00012.mp4,1,0,0,0,REAL,train
id04219__00130_id03678_wavtolip__072acbc90e,id04219,id03678,-,wav2lip,C,FakeVideo-RealAudio,Caucasian (American),men,00130_id03678_wavtolip.mp4,FakeVideo-RealAudio/Caucasian (American)/men/id04219,FakeVideo-RealAudio/Caucasian (American)/men/id04219/00130_id03678_wavtolip.mp4,/Users/jeevikakiran/Documents/USC/Multimodal/Project/FakeAVCeleb_v1.2/FakeAVCeleb_v1.2/FakeVideo-RealAudio/Caucasian (American)/men/id04219/00130_id03678_wavtolip.mp4,1,1,0,1,FAKE,train
id00220__00027__1694157be1,id00220,-,-,real,A,RealVideo-RealAudio,African,women,00027.mp4,RealVideo-RealAudio/African/women/id00220,RealVideo-RealAudio/African/women/id00220/00027.mp4,/Users/jeevikakiran/Documents/USC/Multimodal/Project/FakeAVCeleb_v1.2/FakeAVCeleb_v1.2/RealVideo-RealAudio/African/women/id00220/00027.mp4,1,0,0,0,REAL,val
id00188__00020__3f6fd00a67,id00188,-,-,real,A,RealVideo-RealAudio,Caucasian (European),women,00020.mp4,RealVideo-RealAudio/Caucasian (European)/women/id00188,RealVideo-RealAudio/Caucasian (European)/women/id00188/00020.mp4,/Users/jeevikakiran/Documents/USC/Multimodal/Project/FakeAVCeleb_v1.2/FakeAVCeleb_v1.2/RealVideo-RealAudio/Caucasian (European)/women/id00188/00020.mp4,1,0,0,0,REAL,train
id00597__00019_fake__3fe1b8c564,id00597,fake.mp4,-,rtvc,B,RealVideo-FakeAudio,Asian (East),men,00019_fake.mp4,RealVideo-FakeAudio/Asian (East)/men/id00597,RealVideo-FakeAudio/Asian (East)/men/id00597/00019_fake.mp4,/Users/jeevikakiran/Documents/USC/Multimodal/Project/FakeAVCeleb_v1.2/FakeAVCeleb_v1.2/RealVideo-FakeAudio/Asian (East)/men/id00597/00019_fake.mp4,1,0,1,1,FAKE,train
id03668__00143__64e476325f,id03668,-,-,real,A,RealVideo-RealAudio,Caucasian (American),men,00143.mp4,RealVideo-RealAudio/Caucasian (American)/men/id03668,RealVideo-RealAudio/Caucasian (American)/men/id03668/00143.mp4,/Users/jeevikakiran/Documents/USC/Multimodal/Project/FakeAVCeleb_v1.2/FakeAVCeleb_v1.2/RealVideo-RealAudio/Caucasian (American)/men/id03668/00143.mp4,1,0,0,0,REAL,train
id04530__00231__0a20aba6c4,id04530,-,-,real,A,RealVideo-RealAudio,Asian (South),women,00231.mp4,RealVideo-RealAudio/Asian (South)/women/id04530,RealVideo-RealAudio/Asian (South)/women/id04530/00231.mp4,/Users/jeevikakiran/Documents/USC/Multimodal/Project/FakeAVCeleb_v1.2/FakeAVCeleb_v1.2/RealVideo-RealAudio/Asian (South)/women/id04530/00231.mp4,1,0,0,0,REAL,train
id03941__00021__2de5f38176,id03941,-,-,real,A,RealVideo-RealAudio,Caucasian (European),women,00021.mp4,RealVideo-RealAudio/Caucasian (European)/women/id03941,RealVideo-RealAudio/Caucasian (European)/women/id03941/00021.mp4,/Users/jeevikakiran/Documents/USC/Multimodal/Project/FakeAVCeleb_v1.2/FakeAVCeleb_v1.2/RealVideo-RealAudio/Caucasian (European)/women/id03941/00021.mp4,1,0,0,0,REAL,train
id09143__00056_id07102_4gkplwvjpsi_id04691_wavtolip__dd3caed7f4,id09143,id07102,id04691,fsgan-wav2lip,D,FakeVideo-FakeAudio,Asian (East),men,00056_id07102_4gKPlwvjpsI_id04691_wavtolip.mp4,FakeVideo-FakeAudio/Asian (East)/men/id09143,FakeVideo-FakeAudio/Asian (East)/men/id09143/00056_id07102_4gKPlwvjpsI_id04691_wavtolip.mp4,/Users/jeevikakiran/Documents/USC/Multimodal/Project/FakeAVCeleb_v1.2/FakeAVCeleb_v1.2/FakeVideo-FakeAudio/Asian (East)/men/id09143/00056_id07102_4gKPlwvjpsI_id04691_wavtolip.mp4,1,1,1,1,FAKE,val
id00498__00014__f035c27b4c,id00498,-,-,real,A,RealVideo-RealAudio,Caucasian (European),men,00014.mp4,RealVideo-RealAudio/Caucasian (European)/men/id00498,RealVideo-RealAudio/Caucasian (European)/men/id00498/00014.mp4,/Users/jeevikakiran/Documents/USC/Multimodal/Project/FakeAVCeleb_v1.2/FakeAVCeleb_v1.2/RealVideo-RealAudio/Caucasian (European)/men/id00498/00014.mp4,1,0,0,0,REAL,train
id01179__00160__697f65a5b3,id01179,-,-,real,A,RealVideo-RealAudio,African,men,00160.mp4,RealVideo-RealAudio/African/men/id01179,RealVideo-RealAudio/African/men/id01179/00160.mp4,/Users/jeevikakiran/Documents/USC/Multimodal/Project/FakeAVCeleb_v1.2/FakeAVCeleb_v1.2/RealVideo-RealAudio/African/men/id01179/00160.mp4,1,0,0,0,REAL,train
id04884__00028_id06878_wavtolip__d0b8d98c18,id04884,id06878,-,wav2lip,C,FakeVideo-RealAudio,Asian (East),men,00028_id06878_wavtolip.mp4,FakeVideo-RealAudio/Asian (East)/men/id04884,FakeVideo-RealAudio/Asian (East)/men/id04884/00028_id06878_wavtolip.mp4,/Users/jeevikakiran/Documents/USC/Multimodal/Project/FakeAVCeleb_v1.2/FakeAVCeleb_v1.2/FakeVideo-RealAudio/Asian (East)/men/id04884/00028_id06878_wavtolip.mp4,1,1,0,1,FAKE,val
id01933__00028_id04727_aanyugiaxao__bdb520d6e2,id01933,id04727,-,fsgan,C,FakeVideo-RealAudio,African,men,00028_id04727_AAnyugIAXao.mp4,FakeVideo-RealAudio/African/men/id01933,FakeVideo-RealAudio/African/men/id01933/00028_id04727_AAnyugIAXao.mp4,/Users/jeevikakiran/Documents/USC/Multimodal/Project/FakeAVCeleb_v1.2/FakeAVCeleb_v1.2/FakeVideo-RealAudio/African/men/id01933/00028_id04727_AAnyugIAXao.mp4,1,1,0,1,FAKE,train
id01532__00065_id04736_d2k4fmhefq__974f50958c,id01532,id04736,-,fsgan,C,FakeVideo-RealAudio,African,women,00065_id04736__D2k4fMhEfQ.mp4,FakeVideo-RealAudio/African/women/id01532,FakeVideo-RealAudio/African/women/id01532/00065_id04736__D2k4fMhEfQ.mp4,/Users/jeevikakiran/Documents/USC/Multimodal/Project/FakeAVCeleb_v1.2/FakeAVCeleb_v1.2/FakeVideo-RealAudio/African/women/id01532/00065_id04736__D2k4fMhEfQ.mp4,1,1,0,1,FAKE,train
id00459__00382__9f56cebe83,id00459,-,-,real,A,RealVideo-RealAudio,Asian (South),men,00382.mp4,RealVideo-RealAudio/Asian (South)/men/id00459,RealVideo-RealAudio/Asian (South)/men/id00459/00382.mp4,/Users/jeevikakiran/Documents/USC/Multimodal/Project/FakeAVCeleb_v1.2/FakeAVCeleb_v1.2/RealVideo-RealAudio/Asian (South)/men/id00459/00382.mp4,1,0,0,0,REAL,train
id00264__00257_id00243_wavtolip__f1823e19dd,id00264,id00243,-,wav2lip,D,FakeVideo-FakeAudio,Caucasian (American),men,00257_id00243_wavtolip.mp4,FakeVideo-FakeAudio/Caucasian (American)/men/id00264,FakeVideo-FakeAudio/Caucasian (American)/men/id00264/00257_id00243_wavtolip.mp4,/Users/jeevikakiran/Documents/USC/Multimodal/Project/FakeAVCeleb_v1.2/FakeAVCeleb_v1.2/FakeVideo-FakeAudio/Caucasian (American)/men/id00264/00257_id00243_wavtolip.mp4,1,1,1,1,FAKE,train
id01192__00217_id00088_wavtolip__570121ac77,id01192,id00088,-,wav2lip,D,FakeVideo-FakeAudio,Caucasian (American),men,00217_id00088_wavtolip.mp4,FakeVideo-FakeAudio/Caucasian (American)/men/id01192,FakeVideo-FakeAudio/Caucasian (American)/men/id01192/00217_id00088_wavtolip.mp4,/Users/jeevikakiran/Documents/USC/Multimodal/Project/FakeAVCeleb_v1.2/FakeAVCeleb_v1.2/FakeVideo-FakeAudio/Caucasian (American)/men/id01192/00217_id00088_wavtolip.mp4,1,1,1,1,FAKE,train
id01933__00028__3e10a0a57b,id01933,-,-,real,A,RealVideo-RealAudio,African,men,00028.mp4,RealVideo-RealAudio/African/men/id01933,RealVideo-RealAudio/African/men/id01933/00028.mp4,/Users/jeevikakiran/Documents/USC/Multimodal/Project/FakeAVCeleb_v1.2/FakeAVCeleb_v1.2/RealVideo-RealAudio/African/men/id01933/00028.mp4,1,0,0,0,REAL,train
id00752__00340__44a25b2ede,id00752,-,-,real,A,RealVideo-RealAudio,Caucasian (American),women,00340.mp4,RealVideo-RealAudio/Caucasian (American)/women/id00752,RealVideo-RealAudio/Caucasian (American)/women/id00752/00340.mp4,/Users/jeevikakiran/Documents/USC/Multimodal/Project/FakeAVCeleb_v1.2/FakeAVCeleb_v1.2/RealVideo-RealAudio/Caucasian (American)/women/id00752/00340.mp4,1,0,0,0,REAL,train
id08299__00110__7ada6275e1,id08299,-,-,real,A,RealVideo-RealAudio,Asian (East),men,00110.mp4,RealVideo-RealAudio/Asian (East)/men/id08299,RealVideo-RealAudio/Asian (East)/men/id08299/00110.mp4,/Users/jeevikakiran/Documents/USC/Multimodal/Project/FakeAVCeleb_v1.2/FakeAVCeleb_v1.2/RealVideo-RealAudio/Asian (East)/men/id08299/00110.mp4,1,0,0,0,REAL,train
id02561__02561_id09053_wavtolip__7326fb47ee,id02561,id09053,-,wav2lip,C,FakeVideo-RealAudio,Asian (East),men,02561_id09053_wavtolip.mp4,FakeVideo-RealAudio/Asian (East)/men/id02561,FakeVideo-RealAudio/Asian (East)/men/id02561/02561_id09053_wavtolip.mp4,/Users/jeevikakiran/Documents/USC/Multimodal/Project/FakeAVCeleb_v1.2/FakeAVCeleb_v1.2/FakeVideo-RealAudio/Asian (East)/men/id02561/02561_id09053_wavtolip.mp4,1,1,0,1,FAKE,train
id01179__00160_id02005_7_egh9mw5y4__9b6bc9dc7d,id01179,id02005,-,fsgan,C,FakeVideo-RealAudio,African,men,00160_id02005_7_Egh9mW5y4.mp4,FakeVideo-RealAudio/African/men/id01179,FakeVideo-RealAudio/African/men/id01179/00160_id02005_7_Egh9mW5y4.mp4,/Users/jeevikakiran/Documents/USC/Multimodal/Project/FakeAVCeleb_v1.2/FakeAVCeleb_v1.2/FakeVideo-RealAudio/African/men/id01179/00160_id02005_7_Egh9mW5y4.mp4,1,1,0,1,FAKE,train
id01052__00076_id00709_rh23elmgsiq_faceswap__58f4695987,id01052,id00709,-,faceswap,C,FakeVideo-RealAudio,Caucasian (European),men,00076_id00709_Rh23ELMGsIQ_faceswap.mp4,FakeVideo-RealAudio/Caucasian (European)/men/id01052,FakeVideo-RealAudio/Caucasian (European)/men/id01052/00076_id00709_Rh23ELMGsIQ_faceswap.mp4,/Users/jeevikakiran/Documents/USC/Multimodal/Project/FakeAVCeleb_v1.2/FakeAVCeleb_v1.2/FakeVideo-RealAudio/Caucasian (European)/men/id01052/00076_id00709_Rh23ELMGsIQ_faceswap.mp4,1,1,0,1,FAKE,train
id06470__00052_fake__6ddd36b646,id06470,fake.mp4,-,rtvc,B,RealVideo-FakeAudio,Asian (East),men,00052_fake.mp4,RealVideo-FakeAudio/Asian (East)/men/id06470,RealVideo-FakeAudio/Asian (East)/men/id06470/00052_fake.mp4,/Users/jeevikakiran/Documents/USC/Multimodal/Project/FakeAVCeleb_v1.2/FakeAVCeleb_v1.2/RealVideo-FakeAudio/Asian (East)/men/id06470/00052_fake.mp4,1,0,1,1,FAKE,train
id00145__00043__40c42852d5,id00145,-,-,real,A,RealVideo-RealAudio,Caucasian (American),women,00043.mp4,RealVideo-RealAudio/Caucasian (American)/women/id00145,RealVideo-RealAudio/Caucasian (American)/women/id00145/00043.mp4,/Users/jeevikakiran/Documents/USC/Multimodal/Project/FakeAVCeleb_v1.2/FakeAVCeleb_v1.2/RealVideo-RealAudio/Caucasian (American)/women/id00145/00043.mp4,1,0,0,0,REAL,train
id07739__00019__e62d0ae83b,id07739,-,-,real,A,RealVideo-RealAudio,Asian (East),women,00019.mp4,RealVideo-RealAudio/Asian (East)/women/id07739,RealVideo-RealAudio/Asian (East)/women/id07739/00019.mp4,/Users/jeevikakiran/Documents/USC/Multimodal/Project/FakeAVCeleb_v1.2/FakeAVCeleb_v1.2/RealVideo-RealAudio/Asian (East)/women/id07739/00019.mp4,1,0,0,0,REAL,val
id00243__00037_id03668_mjurt3_7dpe_faceswap_id00696_wavtolip__0c32eee6b6,id00243,id03668,7DpE,faceswap-wav2lip,D,FakeVideo-FakeAudio,Caucasian (American),men,00037_id03668_mjurT3_7DpE_faceswap_id00696_wavtolip.mp4,FakeVideo-FakeAudio/Caucasian (American)/men/id00243,FakeVideo-FakeAudio/Caucasian (American)/men/id00243/00037_id03668_mjurT3_7DpE_faceswap_id00696_wavtolip.mp4,/Users/jeevikakiran/Documents/USC/Multimodal/Project/FakeAVCeleb_v1.2/FakeAVCeleb_v1.2/FakeVideo-FakeAudio/Caucasian (American)/men/id00243/00037_id03668_mjurT3_7DpE_faceswap_id00696_wavtolip.mp4,1,1,1,1,FAKE,val
id00264__00257_3_id00062_wavtolip__c17ce1bfac,id00264,3,-,faceswap-wav2lip,D,FakeVideo-FakeAudio,Caucasian (American),men,00257_3_id00062_wavtolip.mp4,FakeVideo-FakeAudio/Caucasian (American)/men/id00264,FakeVideo-FakeAudio/Caucasian (American)/men/id00264/00257_3_id00062_wavtolip.mp4,/Users/jeevikakiran/Documents/USC/Multimodal/Project/FakeAVCeleb_v1.2/FakeAVCeleb_v1.2/FakeVideo-FakeAudio/Caucasian (American)/men/id00264/00257_3_id00062_wavtolip.mp4,1,1,1,1,FAKE,val
id04414__00001_id05844_wavtolip__6cf9704159,id04414,id05844,-,wav2lip,C,FakeVideo-RealAudio,Asian (East),women,00001_id05844_wavtolip.mp4,FakeVideo-RealAudio/Asian (East)/women/id04414,FakeVideo-RealAudio/Asian (East)/women/id04414/00001_id05844_wavtolip.mp4,/Users/jeevikakiran/Documents/USC/Multimodal/Project/FakeAVCeleb_v1.2/FakeAVCeleb_v1.2/FakeVideo-RealAudio/Asian (East)/women/id04414/00001_id05844_wavtolip.mp4,1,1,0,1,FAKE,train
id01170__00021__e1510ae04e,id01170,-,-,real,A,RealVideo-RealAudio,African,men,00021.mp4,RealVideo-RealAudio/African/men/id01170,RealVideo-RealAudio/African/men/id01170/00021.mp4,/Users/jeevikakiran/Documents/USC/Multimodal/Project/FakeAVCeleb_v1.2/FakeAVCeleb_v1.2/RealVideo-RealAudio/African/men/id01170/00021.mp4,1,0,0,0,REAL,train
id01048__00160__2dc697f002,id01048,-,-,real,A,RealVideo-RealAudio,Caucasian (American),men,00160.mp4,RealVideo-RealAudio/Caucasian (American)/men/id01048,RealVideo-RealAudio/Caucasian (American)/men/id01048/00160.mp4,/Users/jeevikakiran/Documents/USC/Multimodal/Project/FakeAVCeleb_v1.2/FakeAVCeleb_v1.2/RealVideo-RealAudio/Caucasian (American)/men/id01048/00160.mp4,1,0,0,0,REAL,train
id00520__00187__10373745b3,id00520,-,-,real,A,RealVideo-RealAudio,Caucasian (European),men,00187.mp4,RealVideo-RealAudio/Caucasian (European)/men/id00520,RealVideo-RealAudio/Caucasian (European)/men/id00520/00187.mp4,/Users/jeevikakiran/Documents/USC/Multimodal/Project/FakeAVCeleb_v1.2/FakeAVCeleb_v1.2/RealVideo-RealAudio/Caucasian (European)/men/id00520/00187.mp4,1,0,0,0,REAL,train
id00582__00006__0b1994a80f,id00582,-,-,real,A,RealVideo-RealAudio,Asian (East),women,00006.mp4,RealVideo-RealAudio/Asian (East)/women/id00582,RealVideo-RealAudio/Asian (East)/women/id00582/00006.mp4,/Users/jeevikakiran/Documents/USC/Multimodal/Project/FakeAVCeleb_v1.2/FakeAVCeleb_v1.2/RealVideo-RealAudio/Asian (East)/women/id00582/00006.mp4,1,0,0,0,REAL,train
id00971__00253_id01124_lnf2ogsm00s_id03525_wavtolip__5b97ead57c,id00971,id01124,id03525,fsgan-wav2lip,D,FakeVideo-FakeAudio,Caucasian (American),men,00253_id01124_Lnf2oGSM00s_id03525_wavtolip.mp4,FakeVideo-FakeAudio/Caucasian (American)/men/id00971,FakeVideo-FakeAudio/Caucasian (American)/men/id00971/00253_id01124_Lnf2oGSM00s_id03525_wavtolip.mp4,/Users/jeevikakiran/Documents/USC/Multimodal/Project/FakeAVCeleb_v1.2/FakeAVCeleb_v1.2/FakeVideo-FakeAudio/Caucasian (American)/men/id00971/00253_id01124_Lnf2oGSM00s_id03525_wavtolip.mp4,1,1,1,1,FAKE,train
id00149__00284_fake__91e0519466,id00149,fake.mp4,-,rtvc,B,RealVideo-FakeAudio,Asian (South),women,00284_fake.mp4,RealVideo-FakeAudio/Asian (South)/women/id00149,RealVideo-FakeAudio/Asian (South)/women/id00149/00284_fake.mp4,/Users/jeevikakiran/Documents/USC/Multimodal/Project/FakeAVCeleb_v1.2/FakeAVCeleb_v1.2/RealVideo-FakeAudio/Asian (South)/women/id00149/00284_fake.mp4,1,0,1,1,FAKE,val
id01238__00037__b69a10c813,id01238,-,-,real,A,RealVideo-RealAudio,Caucasian (American),women,00037.mp4,RealVideo-RealAudio/Caucasian (American)/women/id01238,RealVideo-RealAudio/Caucasian (American)/women/id01238/00037.mp4,/Users/jeevikakiran/Documents/USC/Multimodal/Project/FakeAVCeleb_v1.2/FakeAVCeleb_v1.2/RealVideo-RealAudio/Caucasian (American)/women/id01238/00037.mp4,1,0,0,0,REAL,train
id00345__00243__fa2832cca3,id00345,-,-,real,A,RealVideo-RealAudio,Caucasian (American),men,00243.mp4,RealVideo-RealAudio/Caucasian (American)/men/id00345,RealVideo-RealAudio/Caucasian (American)/men/id00345/00243.mp4,/Users/jeevikakiran/Documents/USC/Multimodal/Project/FakeAVCeleb_v1.2/FakeAVCeleb_v1.2/RealVideo-RealAudio/Caucasian (American)/men/id00345/00243.mp4,1,0,0,0,REAL,train
id00945__00107_id00060_gz4rkcq0sxe_id04216_wavtolip__2b06b2ca57,id00945,id00060,id04216,fsgan-wav2lip,D,FakeVideo-FakeAudio,Caucasian (American),men,00107_id00060_gZ4RkcQ0SXE_id04216_wavtolip.mp4,FakeVideo-FakeAudio/Caucasian (American)/men/id00945,FakeVideo-FakeAudio/Caucasian (American)/men/id00945/00107_id00060_gZ4RkcQ0SXE_id04216_wavtolip.mp4,/Users/jeevikakiran/Documents/USC/Multimodal/Project/FakeAVCeleb_v1.2/FakeAVCeleb_v1.2/FakeVideo-FakeAudio/Caucasian (American)/men/id00945/00107_id00060_gZ4RkcQ0SXE_id04216_wavtolip.mp4,1,1,1,1,FAKE,train
id00701__00092_id04727_aanyugiaxao_id02342_wavtolip__444529364e,id00701,id04727,id02342,fsgan-wav2lip,D,FakeVideo-FakeAudio,African,men,00092_id04727_AAnyugIAXao_id02342_wavtolip.mp4,FakeVideo-FakeAudio/African/men/id00701,FakeVideo-FakeAudio/African/men/id00701/00092_id04727_AAnyugIAXao_id02342_wavtolip.mp4,/Users/jeevikakiran/Documents/USC/Multimodal/Project/FakeAVCeleb_v1.2/FakeAVCeleb_v1.2/FakeVideo-FakeAudio/African/men/id00701/00092_id04727_AAnyugIAXao_id02342_wavtolip.mp4,1,1,1,1,FAKE,val
id01004__00028__608c07e1a3,id01004,-,-,real,A,RealVideo-RealAudio,Caucasian (American),women,00028.mp4,RealVideo-RealAudio/Caucasian (American)/women/id01004,RealVideo-RealAudio/Caucasian (American)/women/id01004/00028.mp4,/Users/jeevikakiran/Documents/USC/Multimodal/Project/FakeAVCeleb_v1.2/FakeAVCeleb_v1.2/RealVideo-RealAudio/Caucasian (American)/women/id01004/00028.mp4,1,0,0,0,REAL,train
id00063__00021__64e1303df3,id00063,-,-,real,A,RealVideo-RealAudio,Caucasian (European),men,00021.mp4,RealVideo-RealAudio/Caucasian (European)/men/id00063,RealVideo-RealAudio/Caucasian (European)/men/id00063/00021.mp4,/Users/jeevikakiran/Documents/USC/Multimodal/Project/FakeAVCeleb_v1.2/FakeAVCeleb_v1.2/RealVideo-RealAudio/Caucasian (European)/men/id00063/00021.mp4,1,0,0,0,REAL,train
id01170__00021_id02296_wavtolip__381a81a62b,id01170,id02296,-,wav2lip,C,FakeVideo-RealAudio,African,men,00021_id02296_wavtolip.mp4,FakeVideo-RealAudio/African/men/id01170,FakeVideo-RealAudio/African/men/id01170/00021_id02296_wavtolip.mp4,/Users/jeevikakiran/Documents/USC/Multimodal/Project/FakeAVCeleb_v1.2/FakeAVCeleb_v1.2/FakeVideo-RealAudio/African/men/id01170/00021_id02296_wavtolip.mp4,1,1,0,1,FAKE,train
id00909__00037_id01154_tvmocag4a4w__5b0ed6956d,id00909,id01154,-,fsgan,C,FakeVideo-RealAudio,Caucasian (European),men,00037_id01154_tvmOcaG4A4w.mp4,FakeVideo-RealAudio/Caucasian (European)/men/id00909,FakeVideo-RealAudio/Caucasian (European)/men/id00909/00037_id01154_tvmOcaG4A4w.mp4,/Users/jeevikakiran/Documents/USC/Multimodal/Project/FakeAVCeleb_v1.2/FakeAVCeleb_v1.2/FakeVideo-RealAudio/Caucasian (European)/men/id00909/00037_id01154_tvmOcaG4A4w.mp4,1,1,0,1,FAKE,val
id09116__00026_id01281_wavtolip__c47fec067e,id09116,id01281,-,wav2lip,C,FakeVideo-RealAudio,Asian (East),women,00026_id01281_wavtolip.mp4,FakeVideo-RealAudio/Asian (East)/women/id09116,FakeVideo-RealAudio/Asian (East)/women/id09116/00026_id01281_wavtolip.mp4,/Users/jeevikakiran/Documents/USC/Multimodal/Project/FakeAVCeleb_v1.2/FakeAVCeleb_v1.2/FakeVideo-RealAudio/Asian (East)/women/id09116/00026_id01281_wavtolip.mp4,1,1,0,1,FAKE,train
id00359__00053_id02586_deyzydsbaeo__b246d82a08,id00359,id02586,-,fsgan,C,FakeVideo-RealAudio,African,women,00053_id02586_dEYzYDsbAeo.mp4,FakeVideo-RealAudio/African/women/id00359,FakeVideo-RealAudio/African/women/id00359/00053_id02586_dEYzYDsbAeo.mp4,/Users/jeevikakiran/Documents/USC/Multimodal/Project/FakeAVCeleb_v1.2/FakeAVCeleb_v1.2/FakeVideo-RealAudio/African/women/id00359/00053_id02586_dEYzYDsbAeo.mp4,1,1,0,1,FAKE,train
id04221__00053_fake__9e52cc4999,id04221,fake.mp4,-,rtvc,B,RealVideo-FakeAudio,Caucasian (American),men,00053_fake.mp4,RealVideo-FakeAudio/Caucasian (American)/men/id04221,RealVideo-FakeAudio/Caucasian (American)/men/id04221/00053_fake.mp4,/Users/jeevikakiran/Documents/USC/Multimodal/Project/FakeAVCeleb_v1.2/FakeAVCeleb_v1.2/RealVideo-FakeAudio/Caucasian (American)/men/id04221/00053_fake.mp4,1,0,1,1,FAKE,train
id07102__00052_id00126_wavtolip__af8b916b64,id07102,id00126,-,wav2lip,D,FakeVideo-FakeAudio,Asian (East),men,00052_id00126_wavtolip.mp4,FakeVideo-FakeAudio/Asian (East)/men/id07102,FakeVideo-FakeAudio/Asian (East)/men/id07102/00052_id00126_wavtolip.mp4,/Users/jeevikakiran/Documents/USC/Multimodal/Project/FakeAVCeleb_v1.2/FakeAVCeleb_v1.2/FakeVideo-FakeAudio/Asian (East)/men/id07102/00052_id00126_wavtolip.mp4,1,1,1,1,FAKE,train
id09181__00048_fake__f978ffe629,id09181,fake.mp4,-,rtvc,B,RealVideo-FakeAudio,Asian (East),women,00048_fake.mp4,RealVideo-FakeAudio/Asian (East)/women/id09181,RealVideo-FakeAudio/Asian (East)/women/id09181/00048_fake.mp4,/Users/jeevikakiran/Documents/USC/Multimodal/Project/FakeAVCeleb_v1.2/FakeAVCeleb_v1.2/RealVideo-FakeAudio/Asian (East)/women/id09181/00048_fake.mp4,1,0,1,1,FAKE,val
id02296__00019__df2f06754b,id02296,-,-,real,A,RealVideo-RealAudio,African,men,00019.mp4,RealVideo-RealAudio/African/men/id02296,RealVideo-RealAudio/African/men/id02296/00019.mp4,/Users/jeevikakiran/Documents/USC/Multimodal/Project/FakeAVCeleb_v1.2/FakeAVCeleb_v1.2/RealVideo-RealAudio/African/men/id02296/00019.mp4,1,0,0,0,REAL,val
id01238__00037_fake__fc24271b92,id01238,fake.mp4,-,rtvc,B,RealVideo-FakeAudio,Caucasian (American),women,00037_fake.mp4,RealVideo-FakeAudio/Caucasian (American)/women/id01238,RealVideo-FakeAudio/Caucasian (American)/women/id01238/00037_fake.mp4,/Users/jeevikakiran/Documents/USC/Multimodal/Project/FakeAVCeleb_v1.2/FakeAVCeleb_v1.2/RealVideo-FakeAudio/Caucasian (American)/women/id01238/00037_fake.mp4,1,0,1,1,FAKE,train
id00231__00037__41b05d16f0,id00231,-,-,real,A,RealVideo-RealAudio,Caucasian (American),women,00037.mp4,RealVideo-RealAudio/Caucasian (American)/women/id00231,RealVideo-RealAudio/Caucasian (American)/women/id00231/00037.mp4,/Users/jeevikakiran/Documents/USC/Multimodal/Project/FakeAVCeleb_v1.2/FakeAVCeleb_v1.2/RealVideo-RealAudio/Caucasian (American)/women/id00231/00037.mp4,1,0,0,0,REAL,train
id04726__00245_fake__2c5296c285,id04726,fake.mp4,-,rtvc,B,RealVideo-FakeAudio,Asian (East),men,00245_fake.mp4,RealVideo-FakeAudio/Asian (East)/men/id04726,RealVideo-FakeAudio/Asian (East)/men/id04726/00245_fake.mp4,/Users/jeevikakiran/Documents/USC/Multimodal/Project/FakeAVCeleb_v1.2/FakeAVCeleb_v1.2/RealVideo-FakeAudio/Asian (East)/men/id04726/00245_fake.mp4,1,0,1,1,FAKE,train
id00575__00092__0d33b583af,id00575,-,-,real,A,RealVideo-RealAudio,Caucasian (American),women,00092.mp4,RealVideo-RealAudio/Caucasian (American)/women/id00575,RealVideo-RealAudio/Caucasian (American)/women/id00575/00092.mp4,/Users/jeevikakiran/Documents/USC/Multimodal/Project/FakeAVCeleb_v1.2/FakeAVCeleb_v1.2/RealVideo-RealAudio/Caucasian (American)/women/id00575/00092.mp4,1,0,0,0,REAL,train
id01076__00005__9a1488e190,id01076,-,-,real,A,RealVideo-RealAudio,African,men,00005.mp4,RealVideo-RealAudio/African/men/id01076,RealVideo-RealAudio/African/men/id01076/00005.mp4,/Users/jeevikakiran/Documents/USC/Multimodal/Project/FakeAVCeleb_v1.2/FakeAVCeleb_v1.2/RealVideo-RealAudio/African/men/id01076/00005.mp4,1,0,0,0,REAL,train
id01005__00028_id00835_wavtolip__fd76d25ad4,id01005,id00835,-,wav2lip,D,FakeVideo-FakeAudio,Caucasian (American),women,00028_id00835_wavtolip.mp4,FakeVideo-FakeAudio/Caucasian (American)/women/id01005,FakeVideo-FakeAudio/Caucasian (American)/women/id01005/00028_id00835_wavtolip.mp4,/Users/jeevikakiran/Documents/USC/Multimodal/Project/FakeAVCeleb_v1.2/FakeAVCeleb_v1.2/FakeVideo-FakeAudio/Caucasian (American)/women/id01005/00028_id00835_wavtolip.mp4,1,1,1,1,FAKE,train
id02494__00050__6faa06badf,id02494,-,-,real,A,RealVideo-RealAudio,African,men,00050.mp4,RealVideo-RealAudio/African/men/id02494,RealVideo-RealAudio/African/men/id02494/00050.mp4,/Users/jeevikakiran/Documents/USC/Multimodal/Project/FakeAVCeleb_v1.2/FakeAVCeleb_v1.2/RealVideo-RealAudio/African/men/id02494/00050.mp4,1,0,0,0,REAL,train
id05478__00135_fake__f9dfec28f5,id05478,fake.mp4,-,rtvc,B,RealVideo-FakeAudio,Asian (South),women,00135_fake.mp4,RealVideo-FakeAudio/Asian (South)/women/id05478,RealVideo-FakeAudio/Asian (South)/women/id05478/00135_fake.mp4,/Users/jeevikakiran/Documents/USC/Multimodal/Project/FakeAVCeleb_v1.2/FakeAVCeleb_v1.2/RealVideo-FakeAudio/Asian (South)/women/id05478/00135_fake.mp4,1,0,1,1,FAKE,train
id00415__00017_fake__35f8b78d74,id00415,fake.mp4,-,rtvc,B,RealVideo-FakeAudio,Caucasian (European),men,00017_fake.mp4,RealVideo-FakeAudio/Caucasian (European)/men/id00415,RealVideo-FakeAudio/Caucasian (European)/men/id00415/00017_fake.mp4,/Users/jeevikakiran/Documents/USC/Multimodal/Project/FakeAVCeleb_v1.2/FakeAVCeleb_v1.2/RealVideo-FakeAudio/Caucasian (European)/men/id00415/00017_fake.mp4,1,0,1,1,FAKE,val
id00088__00005_id00243_owweixm3ozq_id00049_wavtolip__478674ec9c,id00088,id00243,id00049,fsgan-wav2lip,D,FakeVideo-FakeAudio,Caucasian (American),men,00005_id00243_oWwEIXM3oZQ_id00049_wavtolip.mp4,FakeVideo-FakeAudio/Caucasian (American)/men/id00088,FakeVideo-FakeAudio/Caucasian (American)/men/id00088/00005_id00243_oWwEIXM3oZQ_id00049_wavtolip.mp4,/Users/jeevikakiran/Documents/USC/Multimodal/Project/FakeAVCeleb_v1.2/FakeAVCeleb_v1.2/FakeVideo-FakeAudio/Caucasian (American)/men/id00088/00005_id00243_oWwEIXM3oZQ_id00049_wavtolip.mp4,1,1,1,1,FAKE,train
id03658__00077_fake__63d7ace545,id03658,fake.mp4,-,rtvc,B,RealVideo-FakeAudio,African,women,00077_fake.mp4,RealVideo-FakeAudio/African/women/id03658,RealVideo-FakeAudio/African/women/id03658/00077_fake.mp4,/Users/jeevikakiran/Documents/USC/Multimodal/Project/FakeAVCeleb_v1.2/FakeAVCeleb_v1.2/RealVideo-FakeAudio/African/women/id03658/00077_fake.mp4,1,0,1,1,FAKE,train
id05931__00013__59aaa49d49,id05931,-,-,real,A,RealVideo-RealAudio,Asian (South),women,00013.mp4,RealVideo-RealAudio/Asian (South)/women/id05931,RealVideo-RealAudio/Asian (South)/women/id05931/00013.mp4,/Users/jeevikakiran/Documents/USC/Multimodal/Project/FakeAVCeleb_v1.2/FakeAVCeleb_v1.2/RealVideo-RealAudio/Asian (South)/women/id05931/00013.mp4,1,0,0,0,REAL,train
id06443__00232__7b3cb69fa4,id06443,-,-,real,A,RealVideo-RealAudio,Asian (East),women,00232.mp4,RealVideo-RealAudio/Asian (East)/women/id06443,RealVideo-RealAudio/Asian (East)/women/id06443/00232.mp4,/Users/jeevikakiran/Documents/USC/Multimodal/Project/FakeAVCeleb_v1.2/FakeAVCeleb_v1.2/RealVideo-RealAudio/Asian (East)/women/id06443/00232.mp4,1,0,0,0,REAL,train
id03599__00072_id07233_wavtolip__2e4de5872d,id03599,id07233,-,wav2lip,C,FakeVideo-RealAudio,Asian (South),men,00072_id07233_wavtolip.mp4,FakeVideo-RealAudio/Asian (South)/men/id03599,FakeVideo-RealAudio/Asian (South)/men/id03599/00072_id07233_wavtolip.mp4,/Users/jeevikakiran/Documents/USC/Multimodal/Project/FakeAVCeleb_v1.2/FakeAVCeleb_v1.2/FakeVideo-RealAudio/Asian (South)/men/id03599/00072_id07233_wavtolip.mp4,1,1,0,1,FAKE,train
id00042__00028_fake__9909981cc6,id00042,fake.mp4,-,rtvc,B,RealVideo-FakeAudio,Caucasian (European),women,00028_fake.mp4,RealVideo-FakeAudio/Caucasian (European)/women/id00042,RealVideo-FakeAudio/Caucasian (European)/women/id00042/00028_fake.mp4,/Users/jeevikakiran/Documents/USC/Multimodal/Project/FakeAVCeleb_v1.2/FakeAVCeleb_v1.2/RealVideo-FakeAudio/Caucasian (European)/women/id00042/00028_fake.mp4,1,0,1,1,FAKE,train
id04774__00032__a5ed8ba0c6,id04774,-,-,real,A,RealVideo-RealAudio,Asian (East),men,00032.mp4,RealVideo-RealAudio/Asian (East)/men/id04774,RealVideo-RealAudio/Asian (East)/men/id04774/00032.mp4,/Users/jeevikakiran/Documents/USC/Multimodal/Project/FakeAVCeleb_v1.2/FakeAVCeleb_v1.2/RealVideo-RealAudio/Asian (East)/men/id04774/00032.mp4,1,0,0,0,REAL,val
id01530__00002__f0b9cc7ec4,id01530,-,-,real,A,RealVideo-RealAudio,African,men,00002.mp4,RealVideo-RealAudio/African/men/id01530,RealVideo-RealAudio/African/men/id01530/00002.mp4,/Users/jeevikakiran/Documents/USC/Multimodal/Project/FakeAVCeleb_v1.2/FakeAVCeleb_v1.2/RealVideo-RealAudio/African/men/id01530/00002.mp4,1,0,0,0,REAL,train
id07236__00143_fake__046b1ed29d,id07236,fake.mp4,-,rtvc,B,RealVideo-FakeAudio,Asian (South),women,00143_fake.mp4,RealVideo-FakeAudio/Asian (South)/women/id07236,RealVideo-FakeAudio/Asian (South)/women/id07236/00143_fake.mp4,/Users/jeevikakiran/Documents/USC/Multimodal/Project/FakeAVCeleb_v1.2/FakeAVCeleb_v1.2/RealVideo-FakeAudio/Asian (South)/women/id07236/00143_fake.mp4,1,0,1,1,FAKE,train
id07165__00368__53628f52a3,id07165,-,-,real,A,RealVideo-RealAudio,Asian (South),men,00368.mp4,RealVideo-RealAudio/Asian (South)/men/id07165,RealVideo-RealAudio/Asian (South)/men/id07165/00368.mp4,/Users/jeevikakiran/Documents/USC/Multimodal/Project/FakeAVCeleb_v1.2/FakeAVCeleb_v1.2/RealVideo-RealAudio/Asian (South)/men/id07165/00368.mp4,1,0,0,0,REAL,train
id00488__00028_fake__2970efe046,id00488,fake.mp4,-,rtvc,B,RealVideo-FakeAudio,Asian (South),women,00028_fake.mp4,RealVideo-FakeAudio/Asian (South)/women/id00488,RealVideo-FakeAudio/Asian (South)/women/id00488/00028_fake.mp4,/Users/jeevikakiran/Documents/USC/Multimodal/Project/FakeAVCeleb_v1.2/FakeAVCeleb_v1.2/RealVideo-FakeAudio/Asian (South)/women/id00488/00028_fake.mp4,1,0,1,1,FAKE,train
id00365__00078__9b13df2f8a,id00365,-,-,real,A,RealVideo-RealAudio,Caucasian (European),women,00078.mp4,RealVideo-RealAudio/Caucasian (European)/women/id00365,RealVideo-RealAudio/Caucasian (European)/women/id00365/00078.mp4,/Users/jeevikakiran/Documents/USC/Multimodal/Project/FakeAVCeleb_v1.2/FakeAVCeleb_v1.2/RealVideo-RealAudio/Caucasian (European)/women/id00365/00078.mp4,1,0,0,0,REAL,train
id05332__00065__c632d9bcc0,id05332,-,-,real,A,RealVideo-RealAudio,Asian (East),men,00065.mp4,RealVideo-RealAudio/Asian (East)/men/id05332,RealVideo-RealAudio/Asian (East)/men/id05332/00065.mp4,/Users/jeevikakiran/Documents/USC/Multimodal/Project/FakeAVCeleb_v1.2/FakeAVCeleb_v1.2/RealVideo-RealAudio/Asian (East)/men/id05332/00065.mp4,1,0,0,0,REAL,train
id01920__00099__b269337455,id01920,-,-,real,A,RealVideo-RealAudio,African,men,00099.mp4,RealVideo-RealAudio/African/men/id01920,RealVideo-RealAudio/African/men/id01920/00099.mp4,/Users/jeevikakiran/Documents/USC/Multimodal/Project/FakeAVCeleb_v1.2/FakeAVCeleb_v1.2/RealVideo-RealAudio/African/men/id01920/00099.mp4,1,0,0,0,REAL,train
id00374__00311_fake__c655061567,id00374,fake.mp4,-,rtvc,B,RealVideo-FakeAudio,Caucasian (European),women,00311_fake.mp4,RealVideo-FakeAudio/Caucasian (European)/women/id00374,RealVideo-FakeAudio/Caucasian (European)/women/id00374/00311_fake.mp4,/Users/jeevikakiran/Documents/USC/Multimodal/Project/FakeAVCeleb_v1.2/FakeAVCeleb_v1.2/RealVideo-FakeAudio/Caucasian (European)/women/id00374/00311_fake.mp4,1,0,1,1,FAKE,train
id00496__00015__9b421b1df9,id00496,-,-,real,A,RealVideo-RealAudio,Caucasian (European),women,00015.mp4,RealVideo-RealAudio/Caucasian (European)/women/id00496,RealVideo-RealAudio/Caucasian (European)/women/id00496/00015.mp4,/Users/jeevikakiran/Documents/USC/Multimodal/Project/FakeAVCeleb_v1.2/FakeAVCeleb_v1.2/RealVideo-RealAudio/Caucasian (European)/women/id00496/00015.mp4,1,0,0,0,REAL,train
id04529__00186__7135836e5a,id04529,-,-,real,A,RealVideo-RealAudio,Asian (South),women,00186.mp4,RealVideo-RealAudio/Asian (South)/women/id04529,RealVideo-RealAudio/Asian (South)/women/id04529/00186.mp4,/Users/jeevikakiran/Documents/USC/Multimodal/Project/FakeAVCeleb_v1.2/FakeAVCeleb_v1.2/RealVideo-RealAudio/Asian (South)/women/id04529/00186.mp4,1,0,0,0,REAL,val
id00272__00195_fake__890f3d407c,id00272,fake.mp4,-,rtvc,B,RealVideo-FakeAudio,Caucasian (American),women,00195_fake.mp4,RealVideo-FakeAudio/Caucasian (American)/women/id00272,RealVideo-FakeAudio/Caucasian (American)/women/id00272/00195_fake.mp4,/Users/jeevikakiran/Documents/USC/Multimodal/Project/FakeAVCeleb_v1.2/FakeAVCeleb_v1.2/RealVideo-FakeAudio/Caucasian (American)/women/id00272/00195_fake.mp4,1,0,1,1,FAKE,train
id08397__00167_fake__542ce65653,id08397,fake.mp4,-,rtvc,B,RealVideo-FakeAudio,Asian (East),women,00167_fake.mp4,RealVideo-FakeAudio/Asian (East)/women/id08397,RealVideo-FakeAudio/Asian (East)/women/id08397/00167_fake.mp4,/Users/jeevikakiran/Documents/USC/Multimodal/Project/FakeAVCeleb_v1.2/FakeAVCeleb_v1.2/RealVideo-FakeAudio/Asian (East)/women/id08397/00167_fake.mp4,1,0,1,1,FAKE,train
id06054__00010_id07901_wavtolip__657a1f08c1,id06054,id07901,-,wav2lip,C,FakeVideo-RealAudio,Asian (East),women,00010_id07901_wavtolip.mp4,FakeVideo-RealAudio/Asian (East)/women/id06054,FakeVideo-RealAudio/Asian (East)/women/id06054/00010_id07901_wavtolip.mp4,/Users/jeevikakiran/Documents/USC/Multimodal/Project/FakeAVCeleb_v1.2/FakeAVCeleb_v1.2/FakeVideo-RealAudio/Asian (East)/women/id06054/00010_id07901_wavtolip.mp4,1,1,0,1,FAKE,val
id00498__00014_fake__2bb71fea85,id00498,fake.mp4,-,rtvc,B,RealVideo-FakeAudio,Caucasian (European),men,00014_fake.mp4,RealVideo-FakeAudio/Caucasian (European)/men/id00498,RealVideo-FakeAudio/Caucasian (European)/men/id00498/00014_fake.mp4,/Users/jeevikakiran/Documents/USC/Multimodal/Project/FakeAVCeleb_v1.2/FakeAVCeleb_v1.2/RealVideo-FakeAudio/Caucasian (European)/men/id00498/00014_fake.mp4,1,0,1,1,FAKE,train
id02466__00136__f009bf4e76,id02466,-,-,real,A,RealVideo-RealAudio,Caucasian (American),women,00136.mp4,RealVideo-RealAudio/Caucasian (American)/women/id02466,RealVideo-RealAudio/Caucasian (American)/women/id02466/00136.mp4,/Users/jeevikakiran/Documents/USC/Multimodal/Project/FakeAVCeleb_v1.2/FakeAVCeleb_v1.2/RealVideo-RealAudio/Caucasian (American)/women/id02466/00136.mp4,1,0,0,0,REAL,train
id00169__00021_fake__6feef318c8,id00169,fake.mp4,-,rtvc,B,RealVideo-FakeAudio,Caucasian (American),men,00021_fake.mp4,RealVideo-FakeAudio/Caucasian (American)/men/id00169,RealVideo-FakeAudio/Caucasian (American)/men/id00169/00021_fake.mp4,/Users/jeevikakiran/Documents/USC/Multimodal/Project/FakeAVCeleb_v1.2/FakeAVCeleb_v1.2/RealVideo-FakeAudio/Caucasian (American)/men/id00169/00021_fake.mp4,1,0,1,1,FAKE,train
id04939__00174_fake__ee1c2807b5,id04939,fake.mp4,-,rtvc,B,RealVideo-FakeAudio,African,women,00174_fake.mp4,RealVideo-FakeAudio/African/women/id04939,RealVideo-FakeAudio/African/women/id04939/00174_fake.mp4,/Users/jeevikakiran/Documents/USC/Multimodal/Project/FakeAVCeleb_v1.2/FakeAVCeleb_v1.2/RealVideo-FakeAudio/African/women/id04939/00174_fake.mp4,1,0,1,1,FAKE,train
id03716__00040_id03651_ejcorkl6loi_faceswap_id00735_wavtolip__9087f5734a,id03716,id03651,faceswap,faceswap-wav2lip,D,FakeVideo-FakeAudio,Caucasian (European),women,00040_id03651_EjcoRkL6loI_faceswap_id00735_wavtolip.mp4,FakeVideo-FakeAudio/Caucasian (European)/women/id03716,FakeVideo-FakeAudio/Caucasian (European)/women/id03716/00040_id03651_EjcoRkL6loI_faceswap_id00735_wavtolip.mp4,/Users/jeevikakiran/Documents/USC/Multimodal/Project/FakeAVCeleb_v1.2/FakeAVCeleb_v1.2/FakeVideo-FakeAudio/Caucasian (European)/women/id03716/00040_id03651_EjcoRkL6loI_faceswap_id00735_wavtolip.mp4,1,1,1,1,FAKE,train
id02824__00130_fake__25b671c55d,id02824,fake.mp4,-,rtvc,B,RealVideo-FakeAudio,African,women,00130_fake.mp4,RealVideo-FakeAudio/African/women/id02824,RealVideo-FakeAudio/African/women/id02824/00130_fake.mp4,/Users/jeevikakiran/Documents/USC/Multimodal/Project/FakeAVCeleb_v1.2/FakeAVCeleb_v1.2/RealVideo-FakeAudio/African/women/id02824/00130_fake.mp4,1,0,1,1,FAKE,train
id00078__00114_id00103_qptvap4y5dq_faceswap__3d9e5b3ff4,id00078,id00103,-,faceswap,C,FakeVideo-RealAudio,Asian (South),men,00114_id00103_qpTVaP4y5DQ_faceswap.mp4,FakeVideo-RealAudio/Asian (South)/men/id00078,FakeVideo-RealAudio/Asian (South)/men/id00078/00114_id00103_qpTVaP4y5DQ_faceswap.mp4,/Users/jeevikakiran/Documents/USC/Multimodal/Project/FakeAVCeleb_v1.2/FakeAVCeleb_v1.2/FakeVideo-RealAudio/Asian (South)/men/id00078/00114_id00103_qpTVaP4y5DQ_faceswap.mp4,1,1,0,1,FAKE,train
id02040__00476_id00391_tjjguzaenwi_id00944_wavtolip__09606d4c78,id02040,id00391,id00944,fsgan-wav2lip,D,FakeVideo-FakeAudio,African,men,00476_id00391_TjJgUZaenWI_id00944_wavtolip.mp4,FakeVideo-FakeAudio/African/men/id02040,FakeVideo-FakeAudio/African/men/id02040/00476_id00391_TjJgUZaenWI_id00944_wavtolip.mp4,/Users/jeevikakiran/Documents/USC/Multimodal/Project/FakeAVCeleb_v1.2/FakeAVCeleb_v1.2/FakeVideo-FakeAudio/African/men/id02040/00476_id00391_TjJgUZaenWI_id00944_wavtolip.mp4,1,1,1,1,FAKE,train
id03379__00032_fake__a4141ba96d,id03379,fake.mp4,-,rtvc,B,RealVideo-FakeAudio,Asian (East),women,00032_fake.mp4,RealVideo-FakeAudio/Asian (East)/women/id03379,RealVideo-FakeAudio/Asian (East)/women/id03379/00032_fake.mp4,/Users/jeevikakiran/Documents/USC/Multimodal/Project/FakeAVCeleb_v1.2/FakeAVCeleb_v1.2/RealVideo-FakeAudio/Asian (East)/women/id03379/00032_fake.mp4,1,0,1,1,FAKE,train
id00383__00171__2d1aa43ab5,id00383,-,-,real,A,RealVideo-RealAudio,Caucasian (American),women,00171.mp4,RealVideo-RealAudio/Caucasian (American)/women/id00383,RealVideo-RealAudio/Caucasian (American)/women/id00383/00171.mp4,/Users/jeevikakiran/Documents/USC/Multimodal/Project/FakeAVCeleb_v1.2/FakeAVCeleb_v1.2/RealVideo-RealAudio/Caucasian (American)/women/id00383/00171.mp4,1,0,0,0,REAL,train
id00634__00078_fake__415cb2fe5e,id00634,fake.mp4,-,rtvc,B,RealVideo-FakeAudio,Caucasian (European),women,00078_fake.mp4,RealVideo-FakeAudio/Caucasian (European)/women/id00634,RealVideo-FakeAudio/Caucasian (European)/women/id00634/00078_fake.mp4,/Users/jeevikakiran/Documents/USC/Multimodal/Project/FakeAVCeleb_v1.2/FakeAVCeleb_v1.2/RealVideo-FakeAudio/Caucasian (European)/women/id00634/00078_fake.mp4,1,0,1,1,FAKE,train
id00098__00004__16f19e66a2,id00098,-,-,real,A,RealVideo-RealAudio,Caucasian (American),women,00004.mp4,RealVideo-RealAudio/Caucasian (American)/women/id00098,RealVideo-RealAudio/Caucasian (American)/women/id00098/00004.mp4,/Users/jeevikakiran/Documents/USC/Multimodal/Project/FakeAVCeleb_v1.2/FakeAVCeleb_v1.2/RealVideo-RealAudio/Caucasian (American)/women/id00098/00004.mp4,1,0,0,0,REAL,train
id00391__00052_id01717_wavtolip__39067eef9c,id00391,id01717,-,wav2lip,C,FakeVideo-RealAudio,African,men,00052_id01717_wavtolip.mp4,FakeVideo-RealAudio/African/men/id00391,FakeVideo-RealAudio/African/men/id00391/00052_id01717_wavtolip.mp4,/Users/jeevikakiran/Documents/USC/Multimodal/Project/FakeAVCeleb_v1.2/FakeAVCeleb_v1.2/FakeVideo-RealAudio/African/men/id00391/00052_id01717_wavtolip.mp4,1,1,0,1,FAKE,train
id02586__00042_fake__9fbff8e972,id02586,fake.mp4,-,rtvc,B,RealVideo-FakeAudio,African,women,00042_fake.mp4,RealVideo-FakeAudio/African/women/id02586,RealVideo-FakeAudio/African/women/id02586/00042_fake.mp4,/Users/jeevikakiran/Documents/USC/Multimodal/Project/FakeAVCeleb_v1.2/FakeAVCeleb_v1.2/RealVideo-FakeAudio/African/women/id02586/00042_fake.mp4,1,0,1,1,FAKE,train
id00696__00005_id01182_wavtolip__5512bf69bd,id00696,id01182,-,wav2lip,C,FakeVideo-RealAudio,Caucasian (American),men,00005_id01182_wavtolip.mp4,FakeVideo-RealAudio/Caucasian (American)/men/id00696,FakeVideo-RealAudio/Caucasian (American)/men/id00696/00005_id01182_wavtolip.mp4,/Users/jeevikakiran/Documents/USC/Multimodal/Project/FakeAVCeleb_v1.2/FakeAVCeleb_v1.2/FakeVideo-RealAudio/Caucasian (American)/men/id00696/00005_id01182_wavtolip.mp4,1,1,0,1,FAKE,train
id00179__00143__bd80c20082,id00179,-,-,real,A,RealVideo-RealAudio,Caucasian (American),men,00143.mp4,RealVideo-RealAudio/Caucasian (American)/men/id00179,RealVideo-RealAudio/Caucasian (American)/men/id00179/00143.mp4,/Users/jeevikakiran/Documents/USC/Multimodal/Project/FakeAVCeleb_v1.2/FakeAVCeleb_v1.2/RealVideo-RealAudio/Caucasian (American)/men/id00179/00143.mp4,1,0,0,0,REAL,train
id04789__002121__894bb14257,id04789,-,-,real,A,RealVideo-RealAudio,Asian (East),men,002121.mp4,RealVideo-RealAudio/Asian (East)/men/id04789,RealVideo-RealAudio/Asian (East)/men/id04789/002121.mp4,/Users/jeevikakiran/Documents/USC/Multimodal/Project/FakeAVCeleb_v1.2/FakeAVCeleb_v1.2/RealVideo-RealAudio/Asian (East)/men/id04789/002121.mp4,1,0,0,0,REAL,train
id04216__00470_id00971_wavtolip__28425281e5,id04216,id00971,-,wav2lip,C,FakeVideo-RealAudio,Caucasian (American),men,00470_id00971_wavtolip.mp4,FakeVideo-RealAudio/Caucasian (American)/men/id04216,FakeVideo-RealAudio/Caucasian (American)/men/id04216/00470_id00971_wavtolip.mp4,/Users/jeevikakiran/Documents/USC/Multimodal/Project/FakeAVCeleb_v1.2/FakeAVCeleb_v1.2/FakeVideo-RealAudio/Caucasian (American)/men/id04216/00470_id00971_wavtolip.mp4,1,1,0,1,FAKE,train
id00029__00288__93925f787c,id00029,-,-,real,A,RealVideo-RealAudio,Caucasian (American),men,00288.mp4,RealVideo-RealAudio/Caucasian (American)/men/id00029,RealVideo-RealAudio/Caucasian (American)/men/id00029/00288.mp4,/Users/jeevikakiran/Documents/USC/Multimodal/Project/FakeAVCeleb_v1.2/FakeAVCeleb_v1.2/RealVideo-RealAudio/Caucasian (American)/men/id00029/00288.mp4,1,0,0,0,REAL,train
id04537__00083__2c4c96d226,id04537,-,-,real,A,RealVideo-RealAudio,Asian (South),men,00083.mp4,RealVideo-RealAudio/Asian (South)/men/id04537,RealVideo-RealAudio/Asian (South)/men/id04537/00083.mp4,/Users/jeevikakiran/Documents/USC/Multimodal/Project/FakeAVCeleb_v1.2/FakeAVCeleb_v1.2/RealVideo-RealAudio/Asian (South)/men/id04537/00083.mp4,1,0,0,0,REAL,train
id03945__00063__b5ac131e2b,id03945,-,-,real,A,RealVideo-RealAudio,Asian (South),men,00063.mp4,RealVideo-RealAudio/Asian (South)/men/id03945,RealVideo-RealAudio/Asian (South)/men/id03945/00063.mp4,/Users/jeevikakiran/Documents/USC/Multimodal/Project/FakeAVCeleb_v1.2/FakeAVCeleb_v1.2/RealVideo-RealAudio/Asian (South)/men/id03945/00063.mp4,1,0,0,0,REAL,train
id07233__00180_0__1f1e6a5d18,id07233,0.mp4,-,faceswap,C,FakeVideo-RealAudio,Asian (South),men,00180_0.mp4,FakeVideo-RealAudio/Asian (South)/men/id07233,FakeVideo-RealAudio/Asian (South)/men/id07233/00180_0.mp4,/Users/jeevikakiran/Documents/USC/Multimodal/Project/FakeAVCeleb_v1.2/FakeAVCeleb_v1.2/FakeVideo-RealAudio/Asian (South)/men/id07233/00180_0.mp4,1,1,0,1,FAKE,train
id00415__00017_id00594_wavtolip__a320d6e92a,id00415,id00594,-,wav2lip,D,FakeVideo-FakeAudio,Caucasian (European),men,00017_id00594_wavtolip.mp4,FakeVideo-FakeAudio/Caucasian (European)/men/id00415,FakeVideo-FakeAudio/Caucasian (European)/men/id00415/00017_id00594_wavtolip.mp4,/Users/jeevikakiran/Documents/USC/Multimodal/Project/FakeAVCeleb_v1.2/FakeAVCeleb_v1.2/FakeVideo-FakeAudio/Caucasian (European)/men/id00415/00017_id00594_wavtolip.mp4,1,1,1,1,FAKE,train
id00049__00118_id04216_wavtolip__203c2deb16,id00049,id04216,-,wav2lip,C,FakeVideo-RealAudio,Caucasian (American),men,00118_id04216_wavtolip.mp4,FakeVideo-RealAudio/Caucasian (American)/men/id00049,FakeVideo-RealAudio/Caucasian (American)/men/id00049/00118_id04216_wavtolip.mp4,/Users/jeevikakiran/Documents/USC/Multimodal/Project/FakeAVCeleb_v1.2/FakeAVCeleb_v1.2/FakeVideo-RealAudio/Caucasian (American)/men/id00049/00118_id04216_wavtolip.mp4,1,1,0,1,FAKE,train
id00366__00118_id01933_wavtolip__a4846edb4c,id00366,id01933,-,wav2lip,C,FakeVideo-RealAudio,African,men,00118_id01933_wavtolip.mp4,FakeVideo-RealAudio/African/men/id00366,FakeVideo-RealAudio/African/men/id00366/00118_id01933_wavtolip.mp4,/Users/jeevikakiran/Documents/USC/Multimodal/Project/FakeAVCeleb_v1.2/FakeAVCeleb_v1.2/FakeVideo-RealAudio/African/men/id00366/00118_id01933_wavtolip.mp4,1,1,0,1,FAKE,val
id00775__00092__5560920764,id00775,-,-,real,A,RealVideo-RealAudio,Caucasian (American),men,00092.mp4,RealVideo-RealAudio/Caucasian (American)/men/id00775,RealVideo-RealAudio/Caucasian (American)/men/id00775/00092.mp4,/Users/jeevikakiran/Documents/USC/Multimodal/Project/FakeAVCeleb_v1.2/FakeAVCeleb_v1.2/RealVideo-RealAudio/Caucasian (American)/men/id00775/00092.mp4,1,0,0,0,REAL,train
id00460__00005__5ff8e661ab,id00460,-,-,real,A,RealVideo-RealAudio,African,women,00005.mp4,RealVideo-RealAudio/African/women/id00460,RealVideo-RealAudio/African/women/id00460/00005.mp4,/Users/jeevikakiran/Documents/USC/Multimodal/Project/FakeAVCeleb_v1.2/FakeAVCeleb_v1.2/RealVideo-RealAudio/African/women/id00460/00005.mp4,1,0,0,0,REAL,train
id00097__00162__968527f637,id00097,-,-,real,A,RealVideo-RealAudio,Caucasian (American),women,00162.mp4,RealVideo-RealAudio/Caucasian (American)/women/id00097,RealVideo-RealAudio/Caucasian (American)/women/id00097/00162.mp4,/Users/jeevikakiran/Documents/USC/Multimodal/Project/FakeAVCeleb_v1.2/FakeAVCeleb_v1.2/RealVideo-RealAudio/Caucasian (American)/women/id00097/00162.mp4,1,0,0,0,REAL,train
id00082__00052__5421461f34,id00082,-,-,real,A,RealVideo-RealAudio,Asian (South),men,00052.mp4,RealVideo-RealAudio/Asian (South)/men/id00082,RealVideo-RealAudio/Asian (South)/men/id00082/00052.mp4,/Users/jeevikakiran/Documents/USC/Multimodal/Project/FakeAVCeleb_v1.2/FakeAVCeleb_v1.2/RealVideo-RealAudio/Asian (South)/men/id00082/00052.mp4,1,0,0,0,REAL,train
id00579__00030_fake__771844e955,id00579,fake.mp4,-,rtvc,B,RealVideo-FakeAudio,Asian (East),women,00030_fake.mp4,RealVideo-FakeAudio/Asian (East)/women/id00579,RealVideo-FakeAudio/Asian (East)/women/id00579/00030_fake.mp4,/Users/jeevikakiran/Documents/USC/Multimodal/Project/FakeAVCeleb_v1.2/FakeAVCeleb_v1.2/RealVideo-FakeAudio/Asian (East)/women/id00579/00030_fake.mp4,1,0,1,1,FAKE,train
id01212__00183__58c4d620a2,id01212,-,-,real,A,RealVideo-RealAudio,Asian (East),men,00183.mp4,RealVideo-RealAudio/Asian (East)/men/id01212,RealVideo-RealAudio/Asian (East)/men/id01212/00183.mp4,/Users/jeevikakiran/Documents/USC/Multimodal/Project/FakeAVCeleb_v1.2/FakeAVCeleb_v1.2/RealVideo-RealAudio/Asian (East)/men/id01212/00183.mp4,1,0,0,0,REAL,train
id01972__00078_id01392_wavtolip__2824de1f4a,id01972,id01392,-,wav2lip,D,FakeVideo-FakeAudio,African,men,00078_id01392_wavtolip.mp4,FakeVideo-FakeAudio/African/men/id01972,FakeVideo-FakeAudio/African/men/id01972/00078_id01392_wavtolip.mp4,/Users/jeevikakiran/Documents/USC/Multimodal/Project/FakeAVCeleb_v1.2/FakeAVCeleb_v1.2/FakeVideo-FakeAudio/African/men/id01972/00078_id01392_wavtolip.mp4,1,1,1,1,FAKE,train
id00418__00052_fake__5a3a8f421a,id00418,fake.mp4,-,rtvc,B,RealVideo-FakeAudio,Caucasian (American),women,00052_fake.mp4,RealVideo-FakeAudio/Caucasian (American)/women/id00418,RealVideo-FakeAudio/Caucasian (American)/women/id00418/00052_fake.mp4,/Users/jeevikakiran/Documents/USC/Multimodal/Project/FakeAVCeleb_v1.2/FakeAVCeleb_v1.2/RealVideo-FakeAudio/Caucasian (American)/women/id00418/00052_fake.mp4,1,0,1,1,FAKE,train
id05106__00078_id04820_64ybra1atlm_faceswap__4da904aefe,id05106,id04820,-,faceswap,C,FakeVideo-RealAudio,African,women,00078_id04820_64ybrA1atlM_faceswap.mp4,FakeVideo-RealAudio/African/women/id05106,FakeVideo-RealAudio/African/women/id05106/00078_id04820_64ybrA1atlM_faceswap.mp4,/Users/jeevikakiran/Documents/USC/Multimodal/Project/FakeAVCeleb_v1.2/FakeAVCeleb_v1.2/FakeVideo-RealAudio/African/women/id05106/00078_id04820_64ybrA1atlM_faceswap.mp4,1,1,0,1,FAKE,train
id00518__00031__a63f7fba2c,id00518,-,-,real,A,RealVideo-RealAudio,African,men,00031.mp4,RealVideo-RealAudio/African/men/id00518,RealVideo-RealAudio/African/men/id00518/00031.mp4,/Users/jeevikakiran/Documents/USC/Multimodal/Project/FakeAVCeleb_v1.2/FakeAVCeleb_v1.2/RealVideo-RealAudio/African/men/id00518/00031.mp4,1,0,0,0,REAL,train
id02807__00032_id00763_wavtolip__b3e2810742,id02807,id00763,-,wav2lip,C,FakeVideo-RealAudio,Asian (East),women,00032_id00763_wavtolip.mp4,FakeVideo-RealAudio/Asian (East)/women/id02807,FakeVideo-RealAudio/Asian (East)/women/id02807/00032_id00763_wavtolip.mp4,/Users/jeevikakiran/Documents/USC/Multimodal/Project/FakeAVCeleb_v1.2/FakeAVCeleb_v1.2/FakeVideo-RealAudio/Asian (East)/women/id02807/00032_id00763_wavtolip.mp4,1,1,0,1,FAKE,train
id01856__00006__37a6b7ae7c,id01856,-,-,real,A,RealVideo-RealAudio,African,men,00006.mp4,RealVideo-RealAudio/African/men/id01856,RealVideo-RealAudio/African/men/id01856/00006.mp4,/Users/jeevikakiran/Documents/USC/Multimodal/Project/FakeAVCeleb_v1.2/FakeAVCeleb_v1.2/RealVideo-RealAudio/African/men/id01856/00006.mp4,1,0,0,0,REAL,train
id00149__00284__af173a5016,id00149,-,-,real,A,RealVideo-RealAudio,Asian (South),women,00284.mp4,RealVideo-RealAudio/Asian (South)/women/id00149,RealVideo-RealAudio/Asian (South)/women/id00149/00284.mp4,/Users/jeevikakiran/Documents/USC/Multimodal/Project/FakeAVCeleb_v1.2/FakeAVCeleb_v1.2/RealVideo-RealAudio/Asian (South)/women/id00149/00284.mp4,1,0,0,0,REAL,train
id04583__00077_id07051_d1c0pl2ap_4_id04564_wavtolip__287fa68de9,id04583,id07051,id04564,fsgan-wav2lip,D,FakeVideo-FakeAudio,Asian (South),women,00077_id07051_d1c0Pl2aP_4_id04564_wavtolip.mp4,FakeVideo-FakeAudio/Asian (South)/women/id04583,FakeVideo-FakeAudio/Asian (South)/women/id04583/00077_id07051_d1c0Pl2aP_4_id04564_wavtolip.mp4,/Users/jeevikakiran/Documents/USC/Multimodal/Project/FakeAVCeleb_v1.2/FakeAVCeleb_v1.2/FakeVideo-FakeAudio/Asian (South)/women/id04583/00077_id07051_d1c0Pl2aP_4_id04564_wavtolip.mp4,1,1,1,1,FAKE,train
id00566__00032__8f2fb0e862,id00566,-,-,real,A,RealVideo-RealAudio,Asian (East),women,00032.mp4,RealVideo-RealAudio/Asian (East)/women/id00566,RealVideo-RealAudio/Asian (East)/women/id00566/00032.mp4,/Users/jeevikakiran/Documents/USC/Multimodal/Project/FakeAVCeleb_v1.2/FakeAVCeleb_v1.2/RealVideo-RealAudio/Asian (East)/women/id00566/00032.mp4,1,0,0,0,REAL,train
id00183__00015__e260a061e2,id00183,-,-,real,A,RealVideo-RealAudio,Caucasian (European),men,00015.mp4,RealVideo-RealAudio/Caucasian (European)/men/id00183,RealVideo-RealAudio/Caucasian (European)/men/id00183/00015.mp4,/Users/jeevikakiran/Documents/USC/Multimodal/Project/FakeAVCeleb_v1.2/FakeAVCeleb_v1.2/RealVideo-RealAudio/Caucasian (European)/men/id00183/00015.mp4,1,0,0,0,REAL,val
id04414__00001_id06065_rni34ovupta__169b127ca4,id04414,id06065,-,fsgan,C,FakeVideo-RealAudio,Asian (East),women,00001_id06065_Rni34oVUpTA.mp4,FakeVideo-RealAudio/Asian (East)/women/id04414,FakeVideo-RealAudio/Asian (East)/women/id04414/00001_id06065_Rni34oVUpTA.mp4,/Users/jeevikakiran/Documents/USC/Multimodal/Project/FakeAVCeleb_v1.2/FakeAVCeleb_v1.2/FakeVideo-RealAudio/Asian (East)/women/id04414/00001_id06065_Rni34oVUpTA.mp4,1,1,0,1,FAKE,train
id00145__00043_id00180_lkeaa8od_tg_id00458_wavtolip__0f31c5d5da,id00145,id00180,id00458,fsgan-wav2lip,D,FakeVideo-FakeAudio,Caucasian (American),women,00043_id00180_lkeAa8Od_tg_id00458_wavtolip.mp4,FakeVideo-FakeAudio/Caucasian (American)/women/id00145,FakeVideo-FakeAudio/Caucasian (American)/women/id00145/00043_id00180_lkeAa8Od_tg_id00458_wavtolip.mp4,/Users/jeevikakiran/Documents/USC/Multimodal/Project/FakeAVCeleb_v1.2/FakeAVCeleb_v1.2/FakeVideo-FakeAudio/Caucasian (American)/women/id00145/00043_id00180_lkeAa8Od_tg_id00458_wavtolip.mp4,1,1,1,1,FAKE,train
id00282__00268_id01051_wavtolip__24481b7387,id00282,id01051,-,wav2lip,D,FakeVideo-FakeAudio,Caucasian (European),men,00268_id01051_wavtolip.mp4,FakeVideo-FakeAudio/Caucasian (European)/men/id00282,FakeVideo-FakeAudio/Caucasian (European)/men/id00282/00268_id01051_wavtolip.mp4,/Users/jeevikakiran/Documents/USC/Multimodal/Project/FakeAVCeleb_v1.2/FakeAVCeleb_v1.2/FakeVideo-FakeAudio/Caucasian (European)/men/id00282/00268_id01051_wavtolip.mp4,1,1,1,1,FAKE,val
id01211__00023_id01168_wavtolip__b8b600431f,id01211,id01168,-,wav2lip,C,FakeVideo-RealAudio,Caucasian (American),men,00023_id01168_wavtolip.mp4,FakeVideo-RealAudio/Caucasian (American)/men/id01211,FakeVideo-RealAudio/Caucasian (American)/men/id01211/00023_id01168_wavtolip.mp4,/Users/jeevikakiran/Documents/USC/Multimodal/Project/FakeAVCeleb_v1.2/FakeAVCeleb_v1.2/FakeVideo-RealAudio/Caucasian (American)/men/id01211/00023_id01168_wavtolip.mp4,1,1,0,1,FAKE,train
id01215__00001_fake__fbaf5ba868,id01215,fake.mp4,-,rtvc,B,RealVideo-FakeAudio,Asian (East),men,00001_fake.mp4,RealVideo-FakeAudio/Asian (East)/men/id01215,RealVideo-FakeAudio/Asian (East)/men/id01215/00001_fake.mp4,/Users/jeevikakiran/Documents/USC/Multimodal/Project/FakeAVCeleb_v1.2/FakeAVCeleb_v1.2/RealVideo-FakeAudio/Asian (East)/men/id01215/00001_fake.mp4,1,0,1,1,FAKE,val
id03211__00032__3f23b08655,id03211,-,-,real,A,RealVideo-RealAudio,Asian (East),women,00032.mp4,RealVideo-RealAudio/Asian (East)/women/id03211,RealVideo-RealAudio/Asian (East)/women/id03211/00032.mp4,/Users/jeevikakiran/Documents/USC/Multimodal/Project/FakeAVCeleb_v1.2/FakeAVCeleb_v1.2/RealVideo-RealAudio/Asian (East)/women/id03211/00032.mp4,1,0,0,0,REAL,train
id06591__00021_id08299_wavtolip__1eba5ce1e9,id06591,id08299,-,wav2lip,D,FakeVideo-FakeAudio,Asian (East),men,00021_id08299_wavtolip.mp4,FakeVideo-FakeAudio/Asian (East)/men/id06591,FakeVideo-FakeAudio/Asian (East)/men/id06591/00021_id08299_wavtolip.mp4,/Users/jeevikakiran/Documents/USC/Multimodal/Project/FakeAVCeleb_v1.2/FakeAVCeleb_v1.2/FakeVideo-FakeAudio/Asian (East)/men/id06591/00021_id08299_wavtolip.mp4,1,1,1,1,FAKE,train
id09174__00015__ae1d7802b4,id09174,-,-,real,A,RealVideo-RealAudio,Asian (East),women,00015.mp4,RealVideo-RealAudio/Asian (East)/women/id09174,RealVideo-RealAudio/Asian (East)/women/id09174/00015.mp4,/Users/jeevikakiran/Documents/USC/Multimodal/Project/FakeAVCeleb_v1.2/FakeAVCeleb_v1.2/RealVideo-RealAudio/Asian (East)/women/id09174/00015.mp4,1,0,0,0,REAL,val
id00857__00347__b7baada3f0,id00857,-,-,real,A,RealVideo-RealAudio,Asian (South),men,00347.mp4,RealVideo-RealAudio/Asian (South)/men/id00857,RealVideo-RealAudio/Asian (South)/men/id00857/00347.mp4,/Users/jeevikakiran/Documents/USC/Multimodal/Project/FakeAVCeleb_v1.2/FakeAVCeleb_v1.2/RealVideo-RealAudio/Asian (South)/men/id00857/00347.mp4,1,0,0,0,REAL,train
id00025__00025__f208d6434a,id00025,-,-,real,A,RealVideo-RealAudio,Caucasian (American),women,00025.mp4,RealVideo-RealAudio/Caucasian (American)/women/id00025,RealVideo-RealAudio/Caucasian (American)/women/id00025/00025.mp4,/Users/jeevikakiran/Documents/USC/Multimodal/Project/FakeAVCeleb_v1.2/FakeAVCeleb_v1.2/RealVideo-RealAudio/Caucasian (American)/women/id00025/00025.mp4,1,0,0,0,REAL,train
id02567__00040_id00292_wavtolip__3afb9f3191,id02567,id00292,-,wav2lip,C,FakeVideo-RealAudio,Caucasian (European),men,00040_id00292_wavtolip.mp4,FakeVideo-RealAudio/Caucasian (European)/men/id02567,FakeVideo-RealAudio/Caucasian (European)/men/id02567/00040_id00292_wavtolip.mp4,/Users/jeevikakiran/Documents/USC/Multimodal/Project/FakeAVCeleb_v1.2/FakeAVCeleb_v1.2/FakeVideo-RealAudio/Caucasian (European)/men/id02567/00040_id00292_wavtolip.mp4,1,1,0,1,FAKE,val
id00459__00382_id07195_wavtolip__bdc6675d65,id00459,id07195,-,wav2lip,D,FakeVideo-FakeAudio,Asian (South),men,00382_id07195_wavtolip.mp4,FakeVideo-FakeAudio/Asian (South)/men/id00459,FakeVideo-FakeAudio/Asian (South)/men/id00459/00382_id07195_wavtolip.mp4,/Users/jeevikakiran/Documents/USC/Multimodal/Project/FakeAVCeleb_v1.2/FakeAVCeleb_v1.2/FakeVideo-FakeAudio/Asian (South)/men/id00459/00382_id07195_wavtolip.mp4,1,1,1,1,FAKE,train
id00243__00037_fake__8a969289ea,id00243,fake.mp4,-,rtvc,B,RealVideo-FakeAudio,Caucasian (American),men,00037_fake.mp4,RealVideo-FakeAudio/Caucasian (American)/men/id00243,RealVideo-FakeAudio/Caucasian (American)/men/id00243/00037_fake.mp4,/Users/jeevikakiran/Documents/USC/Multimodal/Project/FakeAVCeleb_v1.2/FakeAVCeleb_v1.2/RealVideo-FakeAudio/Caucasian (American)/men/id00243/00037_fake.mp4,1,0,1,1,FAKE,val
id00025__00025_id01005_wavtolip__0da65339e5,id00025,id01005,-,wav2lip,D,FakeVideo-FakeAudio,Caucasian (American),women,00025_id01005_wavtolip.mp4,FakeVideo-FakeAudio/Caucasian (American)/women/id00025,FakeVideo-FakeAudio/Caucasian (American)/women/id00025/00025_id01005_wavtolip.mp4,/Users/jeevikakiran/Documents/USC/Multimodal/Project/FakeAVCeleb_v1.2/FakeAVCeleb_v1.2/FakeVideo-FakeAudio/Caucasian (American)/women/id00025/00025_id01005_wavtolip.mp4,1,1,1,1,FAKE,train
id03103__00130_fake__c71507affa,id03103,fake.mp4,-,rtvc,B,RealVideo-FakeAudio,African,women,00130_fake.mp4,RealVideo-FakeAudio/African/women/id03103,RealVideo-FakeAudio/African/women/id03103/00130_fake.mp4,/Users/jeevikakiran/Documents/USC/Multimodal/Project/FakeAVCeleb_v1.2/FakeAVCeleb_v1.2/RealVideo-FakeAudio/African/women/id03103/00130_fake.mp4,1,0,1,1,FAKE,train
id06439__00118__6821ee783e,id06439,-,-,real,A,RealVideo-RealAudio,Asian (South),women,00118.mp4,RealVideo-RealAudio/Asian (South)/women/id06439,RealVideo-RealAudio/Asian (South)/women/id06439/00118.mp4,/Users/jeevikakiran/Documents/USC/Multimodal/Project/FakeAVCeleb_v1.2/FakeAVCeleb_v1.2/RealVideo-RealAudio/Asian (South)/women/id06439/00118.mp4,1,0,0,0,REAL,train
id04216__00470__12d064e2c6,id04216,-,-,real,A,RealVideo-RealAudio,Caucasian (American),men,00470.mp4,RealVideo-RealAudio/Caucasian (American)/men/id04216,RealVideo-RealAudio/Caucasian (American)/men/id04216/00470.mp4,/Users/jeevikakiran/Documents/USC/Multimodal/Project/FakeAVCeleb_v1.2/FakeAVCeleb_v1.2/RealVideo-RealAudio/Caucasian (American)/men/id04216/00470.mp4,1,0,0,0,REAL,val
id04073__00021__b985e8d50c,id04073,-,-,real,A,RealVideo-RealAudio,Caucasian (American),men,00021.mp4,RealVideo-RealAudio/Caucasian (American)/men/id04073,RealVideo-RealAudio/Caucasian (American)/men/id04073/00021.mp4,/Users/jeevikakiran/Documents/USC/Multimodal/Project/FakeAVCeleb_v1.2/FakeAVCeleb_v1.2/RealVideo-RealAudio/Caucasian (American)/men/id04073/00021.mp4,1,0,0,0,REAL,train
id06427__00138_id06060_wavtolip__a18fd9a040,id06427,id06060,-,wav2lip,C,FakeVideo-RealAudio,Asian (East),women,00138_id06060_wavtolip.mp4,FakeVideo-RealAudio/Asian (East)/women/id06427,FakeVideo-RealAudio/Asian (East)/women/id06427/00138_id06060_wavtolip.mp4,/Users/jeevikakiran/Documents/USC/Multimodal/Project/FakeAVCeleb_v1.2/FakeAVCeleb_v1.2/FakeVideo-RealAudio/Asian (East)/women/id06427/00138_id06060_wavtolip.mp4,1,1,0,1,FAKE,train
id00835__00195_fake__909ff43e17,id00835,fake.mp4,-,rtvc,B,RealVideo-FakeAudio,Caucasian (American),women,00195_fake.mp4,RealVideo-FakeAudio/Caucasian (American)/women/id00835,RealVideo-FakeAudio/Caucasian (American)/women/id00835/00195_fake.mp4,/Users/jeevikakiran/Documents/USC/Multimodal/Project/FakeAVCeleb_v1.2/FakeAVCeleb_v1.2/RealVideo-FakeAudio/Caucasian (American)/women/id00835/00195_fake.mp4,1,0,1,1,FAKE,train
id00253__00021_id00183_z2dhzllpwuq_faceswap__f28ef67d0e,id00253,id00183,-,faceswap,C,FakeVideo-RealAudio,Caucasian (European),men,00021_id00183_z2DhZllPWUQ_faceswap.mp4,FakeVideo-RealAudio/Caucasian (European)/men/id00253,FakeVideo-RealAudio/Caucasian (European)/men/id00253/00021_id00183_z2DhZllPWUQ_faceswap.mp4,/Users/jeevikakiran/Documents/USC/Multimodal/Project/FakeAVCeleb_v1.2/FakeAVCeleb_v1.2/FakeVideo-RealAudio/Caucasian (European)/men/id00253/00021_id00183_z2DhZllPWUQ_faceswap.mp4,1,1,0,1,FAKE,train
id00225__00078_id00415_wavtolip__21fd9b5080,id00225,id00415,-,wav2lip,D,FakeVideo-FakeAudio,Caucasian (European),men,00078_id00415_wavtolip.mp4,FakeVideo-FakeAudio/Caucasian (European)/men/id00225,FakeVideo-FakeAudio/Caucasian (European)/men/id00225/00078_id00415_wavtolip.mp4,/Users/jeevikakiran/Documents/USC/Multimodal/Project/FakeAVCeleb_v1.2/FakeAVCeleb_v1.2/FakeVideo-FakeAudio/Caucasian (European)/men/id00225/00078_id00415_wavtolip.mp4,1,1,1,1,FAKE,train
id02567__00040__0ed3bb7ffa,id02567,-,-,real,A,RealVideo-RealAudio,Caucasian (European),men,00040.mp4,RealVideo-RealAudio/Caucasian (European)/men/id02567,RealVideo-RealAudio/Caucasian (European)/men/id02567/00040.mp4,/Users/jeevikakiran/Documents/USC/Multimodal/Project/FakeAVCeleb_v1.2/FakeAVCeleb_v1.2/RealVideo-RealAudio/Caucasian (European)/men/id02567/00040.mp4,1,0,0,0,REAL,train
id03559__00023__48c2d98425,id03559,-,-,real,A,RealVideo-RealAudio,Asian (South),women,00023.mp4,RealVideo-RealAudio/Asian (South)/women/id03559,RealVideo-RealAudio/Asian (South)/women/id03559/00023.mp4,/Users/jeevikakiran/Documents/USC/Multimodal/Project/FakeAVCeleb_v1.2/FakeAVCeleb_v1.2/RealVideo-RealAudio/Asian (South)/women/id03559/00023.mp4,1,0,0,0,REAL,train
id00554__00028__c66aa39b4d,id00554,-,-,real,A,RealVideo-RealAudio,Caucasian (European),men,00028.mp4,RealVideo-RealAudio/Caucasian (European)/men/id00554,RealVideo-RealAudio/Caucasian (European)/men/id00554/00028.mp4,/Users/jeevikakiran/Documents/USC/Multimodal/Project/FakeAVCeleb_v1.2/FakeAVCeleb_v1.2/RealVideo-RealAudio/Caucasian (European)/men/id00554/00028.mp4,1,0,0,0,REAL,train
id01223__00255__faeece1792,id01223,-,-,real,A,RealVideo-RealAudio,Caucasian (American),women,00255.mp4,RealVideo-RealAudio/Caucasian (American)/women/id01223,RealVideo-RealAudio/Caucasian (American)/women/id01223/00255.mp4,/Users/jeevikakiran/Documents/USC/Multimodal/Project/FakeAVCeleb_v1.2/FakeAVCeleb_v1.2/RealVideo-RealAudio/Caucasian (American)/women/id01223/00255.mp4,1,0,0,0,REAL,train
id00971__00253__dbc2fe6d4b,id00971,-,-,real,A,RealVideo-RealAudio,Caucasian (American),men,00253.mp4,RealVideo-RealAudio/Caucasian (American)/men/id00971,RealVideo-RealAudio/Caucasian (American)/men/id00971/00253.mp4,/Users/jeevikakiran/Documents/USC/Multimodal/Project/FakeAVCeleb_v1.2/FakeAVCeleb_v1.2/RealVideo-RealAudio/Caucasian (American)/men/id00971/00253.mp4,1,0,0,0,REAL,train
id00171__00092_fake__2232d5be83,id00171,fake.mp4,-,rtvc,B,RealVideo-FakeAudio,Caucasian (European),men,00092_fake.mp4,RealVideo-FakeAudio/Caucasian (European)/men/id00171,RealVideo-FakeAudio/Caucasian (European)/men/id00171/00092_fake.mp4,/Users/jeevikakiran/Documents/USC/Multimodal/Project/FakeAVCeleb_v1.2/FakeAVCeleb_v1.2/RealVideo-FakeAudio/Caucasian (European)/men/id00171/00092_fake.mp4,1,0,1,1,FAKE,train
id00398__00016_id00835_zwtp4szbb5k_id00231_wavtolip__3483500981,id00398,id00835,id00231,fsgan-wav2lip,D,FakeVideo-FakeAudio,Caucasian (American),women,00016_id00835_zWTp4szbb5k_id00231_wavtolip.mp4,FakeVideo-FakeAudio/Caucasian (American)/women/id00398,FakeVideo-FakeAudio/Caucasian (American)/women/id00398/00016_id00835_zWTp4szbb5k_id00231_wavtolip.mp4,/Users/jeevikakiran/Documents/USC/Multimodal/Project/FakeAVCeleb_v1.2/FakeAVCeleb_v1.2/FakeVideo-FakeAudio/Caucasian (American)/women/id00398/00016_id00835_zWTp4szbb5k_id00231_wavtolip.mp4,1,1,1,1,FAKE,val
id03678__00078__68af9c7f40,id03678,-,-,real,A,RealVideo-RealAudio,Caucasian (American),men,00078.mp4,RealVideo-RealAudio/Caucasian (American)/men/id03678,RealVideo-RealAudio/Caucasian (American)/men/id03678/00078.mp4,/Users/jeevikakiran/Documents/USC/Multimodal/Project/FakeAVCeleb_v1.2/FakeAVCeleb_v1.2/RealVideo-RealAudio/Caucasian (American)/men/id03678/00078.mp4,1,0,0,0,REAL,val
id00062__00278_fake__86bbdd6489,id00062,fake.mp4,-,rtvc,B,RealVideo-FakeAudio,Caucasian (American),men,00278_fake.mp4,RealVideo-FakeAudio/Caucasian (American)/men/id00062,RealVideo-FakeAudio/Caucasian (American)/men/id00062/00278_fake.mp4,/Users/jeevikakiran/Documents/USC/Multimodal/Project/FakeAVCeleb_v1.2/FakeAVCeleb_v1.2/RealVideo-FakeAudio/Caucasian (American)/men/id00062/00278_fake.mp4,1,0,1,1,FAKE,train
id03696__00160__abdeb14b19,id03696,-,-,real,A,RealVideo-RealAudio,Caucasian (American),women,00160.mp4,RealVideo-RealAudio/Caucasian (American)/women/id03696,RealVideo-RealAudio/Caucasian (American)/women/id03696/00160.mp4,/Users/jeevikakiran/Documents/USC/Multimodal/Project/FakeAVCeleb_v1.2/FakeAVCeleb_v1.2/RealVideo-RealAudio/Caucasian (American)/women/id03696/00160.mp4,1,0,0,0,REAL,val
id00592__00017_id01907_lbcrkurq0uy_id04689_wavtolip__5a854e7725,id00592,id01907,id04689,fsgan-wav2lip,D,FakeVideo-FakeAudio,African,women,00017_id01907_LBcRkuRq0uY_id04689_wavtolip.mp4,FakeVideo-FakeAudio/African/women/id00592,FakeVideo-FakeAudio/African/women/id00592/00017_id01907_LBcRkuRq0uY_id04689_wavtolip.mp4,/Users/jeevikakiran/Documents/USC/Multimodal/Project/FakeAVCeleb_v1.2/FakeAVCeleb_v1.2/FakeVideo-FakeAudio/African/women/id00592/00017_id01907_LBcRkuRq0uY_id04689_wavtolip.mp4,1,1,1,1,FAKE,train
id06158__00015__2dd216a992,id06158,-,-,real,A,RealVideo-RealAudio,Asian (East),women,00015.mp4,RealVideo-RealAudio/Asian (East)/women/id06158,RealVideo-RealAudio/Asian (East)/women/id06158/00015.mp4,/Users/jeevikakiran/Documents/USC/Multimodal/Project/FakeAVCeleb_v1.2/FakeAVCeleb_v1.2/RealVideo-RealAudio/Asian (East)/women/id06158/00015.mp4,1,0,0,0,REAL,train
id08819__00052__2afdec7406,id08819,-,-,real,A,RealVideo-RealAudio,Asian (East),women,00052.mp4,RealVideo-RealAudio/Asian (East)/women/id08819,RealVideo-RealAudio/Asian (East)/women/id08819/00052.mp4,/Users/jeevikakiran/Documents/USC/Multimodal/Project/FakeAVCeleb_v1.2/FakeAVCeleb_v1.2/RealVideo-RealAudio/Asian (East)/women/id08819/00052.mp4,1,0,0,0,REAL,train
id00032__00028__3b562e25ac,id00032,-,-,real,A,RealVideo-RealAudio,Asian (South),men,00028.mp4,RealVideo-RealAudio/Asian (South)/men/id00032,RealVideo-RealAudio/Asian (South)/men/id00032/00028.mp4,/Users/jeevikakiran/Documents/USC/Multimodal/Project/FakeAVCeleb_v1.2/FakeAVCeleb_v1.2/RealVideo-RealAudio/Asian (South)/men/id00032/00028.mp4,1,0,0,0,REAL,train
id00945__00107__e86588300d,id00945,-,-,real,A,RealVideo-RealAudio,Caucasian (American),men,00107.mp4,RealVideo-RealAudio/Caucasian (American)/men/id00945,RealVideo-RealAudio/Caucasian (American)/men/id00945/00107.mp4,/Users/jeevikakiran/Documents/USC/Multimodal/Project/FakeAVCeleb_v1.2/FakeAVCeleb_v1.2/RealVideo-RealAudio/Caucasian (American)/men/id00945/00107.mp4,1,0,0,0,REAL,train
id01091__00236__bc80d32d02,id01091,-,-,real,A,RealVideo-RealAudio,Caucasian (American),women,00236.mp4,RealVideo-RealAudio/Caucasian (American)/women/id01091,RealVideo-RealAudio/Caucasian (American)/women/id01091/00236.mp4,/Users/jeevikakiran/Documents/USC/Multimodal/Project/FakeAVCeleb_v1.2/FakeAVCeleb_v1.2/RealVideo-RealAudio/Caucasian (American)/women/id01091/00236.mp4,1,0,0,0,REAL,train
id00560__00041__d76c92fd2c,id00560,-,-,real,A,RealVideo-RealAudio,Asian (East),men,00041.mp4,RealVideo-RealAudio/Asian (East)/men/id00560,RealVideo-RealAudio/Asian (East)/men/id00560/00041.mp4,/Users/jeevikakiran/Documents/USC/Multimodal/Project/FakeAVCeleb_v1.2/FakeAVCeleb_v1.2/RealVideo-RealAudio/Asian (East)/men/id00560/00041.mp4,1,0,0,0,REAL,train
id07179__00206__7c2377db8f,id07179,-,-,real,A,RealVideo-RealAudio,Asian (South),men,00206.mp4,RealVideo-RealAudio/Asian (South)/men/id07179,RealVideo-RealAudio/Asian (South)/men/id07179/00206.mp4,/Users/jeevikakiran/Documents/USC/Multimodal/Project/FakeAVCeleb_v1.2/FakeAVCeleb_v1.2/RealVideo-RealAudio/Asian (South)/men/id07179/00206.mp4,1,0,0,0,REAL,val
id08613__00074__d10f815882,id08613,-,-,real,A,RealVideo-RealAudio,Asian (East),men,00074.mp4,RealVideo-RealAudio/Asian (East)/men/id08613,RealVideo-RealAudio/Asian (East)/men/id08613/00074.mp4,/Users/jeevikakiran/Documents/USC/Multimodal/Project/FakeAVCeleb_v1.2/FakeAVCeleb_v1.2/RealVideo-RealAudio/Asian (East)/men/id08613/00074.mp4,1,0,0,0,REAL,train
id00860__00154__f201c5cf24,id00860,-,-,real,A,RealVideo-RealAudio,Asian (South),men,00154.mp4,RealVideo-RealAudio/Asian (South)/men/id00860,RealVideo-RealAudio/Asian (South)/men/id00860/00154.mp4,/Users/jeevikakiran/Documents/USC/Multimodal/Project/FakeAVCeleb_v1.2/FakeAVCeleb_v1.2/RealVideo-RealAudio/Asian (South)/men/id00860/00154.mp4,1,0,0,0,REAL,train
id04490__00054_fake__18b6e3690e,id04490,fake.mp4,-,rtvc,B,RealVideo-FakeAudio,Asian (South),women,00054_fake.mp4,RealVideo-FakeAudio/Asian (South)/women/id04490,RealVideo-FakeAudio/Asian (South)/women/id04490/00054_fake.mp4,/Users/jeevikakiran/Documents/USC/Multimodal/Project/FakeAVCeleb_v1.2/FakeAVCeleb_v1.2/RealVideo-FakeAudio/Asian (South)/women/id04490/00054_fake.mp4,1,0,1,1,FAKE,train
id05931__00013_id07049_biljgzcywi4__54213af138,id05931,id07049,-,fsgan,C,FakeVideo-RealAudio,Asian (South),women,00013_id07049_BiljgZcyWI4.mp4,FakeVideo-RealAudio/Asian (South)/women/id05931,FakeVideo-RealAudio/Asian (South)/women/id05931/00013_id07049_BiljgZcyWI4.mp4,/Users/jeevikakiran/Documents/USC/Multimodal/Project/FakeAVCeleb_v1.2/FakeAVCeleb_v1.2/FakeVideo-RealAudio/Asian (South)/women/id05931/00013_id07049_BiljgZcyWI4.mp4,1,1,0,1,FAKE,train
id06535__00183_fake__22aee04a13,id06535,fake.mp4,-,rtvc,B,RealVideo-FakeAudio,Asian (East),men,00183_fake.mp4,RealVideo-FakeAudio/Asian (East)/men/id06535,RealVideo-FakeAudio/Asian (East)/men/id06535/00183_fake.mp4,/Users/jeevikakiran/Documents/USC/Multimodal/Project/FakeAVCeleb_v1.2/FakeAVCeleb_v1.2/RealVideo-FakeAudio/Asian (East)/men/id06535/00183_fake.mp4,1,0,1,1,FAKE,train
id04564__00417_fake__48d144e0fc,id04564,fake.mp4,-,rtvc,B,RealVideo-FakeAudio,Asian (South),women,00417_fake.mp4,RealVideo-FakeAudio/Asian (South)/women/id04564,RealVideo-FakeAudio/Asian (South)/women/id04564/00417_fake.mp4,/Users/jeevikakiran/Documents/USC/Multimodal/Project/FakeAVCeleb_v1.2/FakeAVCeleb_v1.2/RealVideo-FakeAudio/Asian (South)/women/id04564/00417_fake.mp4,1,0,1,1,FAKE,val
id01005__00028_fake__b87953043f,id01005,fake.mp4,-,rtvc,B,RealVideo-FakeAudio,Caucasian (American),women,00028_fake.mp4,RealVideo-FakeAudio/Caucasian (American)/women/id01005,RealVideo-FakeAudio/Caucasian (American)/women/id01005/00028_fake.mp4,/Users/jeevikakiran/Documents/USC/Multimodal/Project/FakeAVCeleb_v1.2/FakeAVCeleb_v1.2/RealVideo-FakeAudio/Caucasian (American)/women/id01005/00028_fake.mp4,1,0,1,1,FAKE,train
id01105__00083__7214036ef9,id01105,-,-,real,A,RealVideo-RealAudio,Caucasian (American),men,00083.mp4,RealVideo-RealAudio/Caucasian (American)/men/id01105,RealVideo-RealAudio/Caucasian (American)/men/id01105/00083.mp4,/Users/jeevikakiran/Documents/USC/Multimodal/Project/FakeAVCeleb_v1.2/FakeAVCeleb_v1.2/RealVideo-RealAudio/Caucasian (American)/men/id01105/00083.mp4,1,0,0,0,REAL,train
id03344__00114_id04599_wavtolip__ea54535e52,id03344,id04599,-,wav2lip,D,FakeVideo-FakeAudio,Asian (South),men,00114_id04599_wavtolip.mp4,FakeVideo-FakeAudio/Asian (South)/men/id03344,FakeVideo-FakeAudio/Asian (South)/men/id03344/00114_id04599_wavtolip.mp4,/Users/jeevikakiran/Documents/USC/Multimodal/Project/FakeAVCeleb_v1.2/FakeAVCeleb_v1.2/FakeVideo-FakeAudio/Asian (South)/men/id03344/00114_id04599_wavtolip.mp4,1,1,1,1,FAKE,train
id00078__00114__dedd286144,id00078,-,-,real,A,RealVideo-RealAudio,Asian (South),men,00114.mp4,RealVideo-RealAudio/Asian (South)/men/id00078,RealVideo-RealAudio/Asian (South)/men/id00078/00114.mp4,/Users/jeevikakiran/Documents/USC/Multimodal/Project/FakeAVCeleb_v1.2/FakeAVCeleb_v1.2/RealVideo-RealAudio/Asian (South)/men/id00078/00114.mp4,1,0,0,0,REAL,train
id00826__00065_id00373_wavtolip__e206b97f8e,id00826,id00373,-,wav2lip,C,FakeVideo-RealAudio,Caucasian (European),women,00065_id00373_wavtolip.mp4,FakeVideo-RealAudio/Caucasian (European)/women/id00826,FakeVideo-RealAudio/Caucasian (European)/women/id00826/00065_id00373_wavtolip.mp4,/Users/jeevikakiran/Documents/USC/Multimodal/Project/FakeAVCeleb_v1.2/FakeAVCeleb_v1.2/FakeVideo-RealAudio/Caucasian (European)/women/id00826/00065_id00373_wavtolip.mp4,1,1,0,1,FAKE,train
id00775__00092_id01042_wavtolip__f19f444e5d,id00775,id01042,-,wav2lip,C,FakeVideo-RealAudio,Caucasian (American),men,00092_id01042_wavtolip.mp4,FakeVideo-RealAudio/Caucasian (American)/men/id00775,FakeVideo-RealAudio/Caucasian (American)/men/id00775/00092_id01042_wavtolip.mp4,/Users/jeevikakiran/Documents/USC/Multimodal/Project/FakeAVCeleb_v1.2/FakeAVCeleb_v1.2/FakeVideo-RealAudio/Caucasian (American)/men/id00775/00092_id01042_wavtolip.mp4,1,1,0,1,FAKE,val
id03941__00021_id00495_e46aimuc4a0__0e637bfb97,id03941,id00495,-,fsgan,C,FakeVideo-RealAudio,Caucasian (European),women,00021_id00495_E46aiMUC4A0.mp4,FakeVideo-RealAudio/Caucasian (European)/women/id03941,FakeVideo-RealAudio/Caucasian (European)/women/id03941/00021_id00495_E46aiMUC4A0.mp4,/Users/jeevikakiran/Documents/USC/Multimodal/Project/FakeAVCeleb_v1.2/FakeAVCeleb_v1.2/FakeVideo-RealAudio/Caucasian (European)/women/id03941/00021_id00495_E46aiMUC4A0.mp4,1,1,0,1,FAKE,train
id03649__00001_fake__48d6823506,id03649,fake.mp4,-,rtvc,B,RealVideo-FakeAudio,Caucasian (European),women,00001_fake.mp4,RealVideo-FakeAudio/Caucasian (European)/women/id03649,RealVideo-FakeAudio/Caucasian (European)/women/id03649/00001_fake.mp4,/Users/jeevikakiran/Documents/USC/Multimodal/Project/FakeAVCeleb_v1.2/FakeAVCeleb_v1.2/RealVideo-FakeAudio/Caucasian (European)/women/id03649/00001_fake.mp4,1,0,1,1,FAKE,train
id03965__00051__4970150f48,id03965,-,-,real,A,RealVideo-RealAudio,Asian (East),men,00051.mp4,RealVideo-RealAudio/Asian (East)/men/id03965,RealVideo-RealAudio/Asian (East)/men/id03965/00051.mp4,/Users/jeevikakiran/Documents/USC/Multimodal/Project/FakeAVCeleb_v1.2/FakeAVCeleb_v1.2/RealVideo-RealAudio/Asian (East)/men/id03965/00051.mp4,1,0,0,0,REAL,train
id03556__00043_id01217_wavtolip__ddb8ca0fff,id03556,id01217,-,wav2lip,D,FakeVideo-FakeAudio,Caucasian (American),women,00043_id01217_wavtolip.mp4,FakeVideo-FakeAudio/Caucasian (American)/women/id03556,FakeVideo-FakeAudio/Caucasian (American)/women/id03556/00043_id01217_wavtolip.mp4,/Users/jeevikakiran/Documents/USC/Multimodal/Project/FakeAVCeleb_v1.2/FakeAVCeleb_v1.2/FakeVideo-FakeAudio/Caucasian (American)/women/id03556/00043_id01217_wavtolip.mp4,1,1,1,1,FAKE,train
id00478__00206_fake__2528114e09,id00478,fake.mp4,-,rtvc,B,RealVideo-FakeAudio,African,men,00206_fake.mp4,RealVideo-FakeAudio/African/men/id00478,RealVideo-FakeAudio/African/men/id00478/00206_fake.mp4,/Users/jeevikakiran/Documents/USC/Multimodal/Project/FakeAVCeleb_v1.2/FakeAVCeleb_v1.2/RealVideo-FakeAudio/African/men/id00478/00206_fake.mp4,1,0,1,1,FAKE,train
id00554__00028_id00266_wavtolip__841a010683,id00554,id00266,-,wav2lip,C,FakeVideo-RealAudio,Caucasian (European),men,00028_id00266_wavtolip.mp4,FakeVideo-RealAudio/Caucasian (European)/men/id00554,FakeVideo-RealAudio/Caucasian (European)/men/id00554/00028_id00266_wavtolip.mp4,/Users/jeevikakiran/Documents/USC/Multimodal/Project/FakeAVCeleb_v1.2/FakeAVCeleb_v1.2/FakeVideo-RealAudio/Caucasian (European)/men/id00554/00028_id00266_wavtolip.mp4,1,1,0,1,FAKE,train
id06437__00028_id06438_vf3xbvgyqya__a9ed21a044,id06437,id06438,-,fsgan,C,FakeVideo-RealAudio,Asian (South),women,00028_id06438_vf3xBVgYqYA.mp4,FakeVideo-RealAudio/Asian (South)/women/id06437,FakeVideo-RealAudio/Asian (South)/women/id06437/00028_id06438_vf3xBVgYqYA.mp4,/Users/jeevikakiran/Documents/USC/Multimodal/Project/FakeAVCeleb_v1.2/FakeAVCeleb_v1.2/FakeVideo-RealAudio/Asian (South)/women/id06437/00028_id06438_vf3xBVgYqYA.mp4,1,1,0,1,FAKE,val
id06343__00023_fake__02df385f60,id06343,fake.mp4,-,rtvc,B,RealVideo-FakeAudio,Asian (South),women,00023_fake.mp4,RealVideo-FakeAudio/Asian (South)/women/id06343,RealVideo-FakeAudio/Asian (South)/women/id06343/00023_fake.mp4,/Users/jeevikakiran/Documents/USC/Multimodal/Project/FakeAVCeleb_v1.2/FakeAVCeleb_v1.2/RealVideo-FakeAudio/Asian (South)/women/id06343/00023_fake.mp4,1,0,1,1,FAKE,val
id05252__00052_id02838_wavtolip__fd8a958bd0,id05252,id02838,-,wav2lip,D,FakeVideo-FakeAudio,African,women,00052_id02838_wavtolip.mp4,FakeVideo-FakeAudio/African/women/id05252,FakeVideo-FakeAudio/African/women/id05252/00052_id02838_wavtolip.mp4,/Users/jeevikakiran/Documents/USC/Multimodal/Project/FakeAVCeleb_v1.2/FakeAVCeleb_v1.2/FakeVideo-FakeAudio/African/women/id05252/00052_id02838_wavtolip.mp4,1,1,1,1,FAKE,train
id00234__00063_fake__336885fce0,id00234,fake.mp4,-,rtvc,B,RealVideo-FakeAudio,Caucasian (European),women,00063_fake.mp4,RealVideo-FakeAudio/Caucasian (European)/women/id00234,RealVideo-FakeAudio/Caucasian (European)/women/id00234/00063_fake.mp4,/Users/jeevikakiran/Documents/USC/Multimodal/Project/FakeAVCeleb_v1.2/FakeAVCeleb_v1.2/RealVideo-FakeAudio/Caucasian (European)/women/id00234/00063_fake.mp4,1,0,1,1,FAKE,train
id02005__00052_id00987_s4evn4cpce4__750045755b,id02005,id00987,-,fsgan,C,FakeVideo-RealAudio,African,men,00052_id00987_S4evN4CPCe4.mp4,FakeVideo-RealAudio/African/men/id02005,FakeVideo-RealAudio/African/men/id02005/00052_id00987_S4evN4CPCe4.mp4,/Users/jeevikakiran/Documents/USC/Multimodal/Project/FakeAVCeleb_v1.2/FakeAVCeleb_v1.2/FakeVideo-RealAudio/African/men/id02005/00052_id00987_S4evN4CPCe4.mp4,1,1,0,1,FAKE,train
id00897__00005__88bcd01f42,id00897,-,-,real,A,RealVideo-RealAudio,Caucasian (European),women,00005.mp4,RealVideo-RealAudio/Caucasian (European)/women/id00897,RealVideo-RealAudio/Caucasian (European)/women/id00897/00005.mp4,/Users/jeevikakiran/Documents/USC/Multimodal/Project/FakeAVCeleb_v1.2/FakeAVCeleb_v1.2/RealVideo-RealAudio/Caucasian (European)/women/id00897/00005.mp4,1,0,0,0,REAL,train
id06443__00232_fake__320256ebb0,id06443,fake.mp4,-,rtvc,B,RealVideo-FakeAudio,Asian (East),women,00232_fake.mp4,RealVideo-FakeAudio/Asian (East)/women/id06443,RealVideo-FakeAudio/Asian (East)/women/id06443/00232_fake.mp4,/Users/jeevikakiran/Documents/USC/Multimodal/Project/FakeAVCeleb_v1.2/FakeAVCeleb_v1.2/RealVideo-FakeAudio/Asian (East)/women/id06443/00232_fake.mp4,1,0,1,1,FAKE,train
id00166__00010_id00476_wavtolip__d86b1ed06c,id00166,id00476,-,wav2lip,D,FakeVideo-FakeAudio,African,men,00010_id00476_wavtolip.mp4,FakeVideo-FakeAudio/African/men/id00166,FakeVideo-FakeAudio/African/men/id00166/00010_id00476_wavtolip.mp4,/Users/jeevikakiran/Documents/USC/Multimodal/Project/FakeAVCeleb_v1.2/FakeAVCeleb_v1.2/FakeVideo-FakeAudio/African/men/id00166/00010_id00476_wavtolip.mp4,1,1,1,1,FAKE,train
id04144__00028__4fc0c08460,id04144,-,-,real,A,RealVideo-RealAudio,Asian (East),women,00028.mp4,RealVideo-RealAudio/Asian (East)/women/id04144,RealVideo-RealAudio/Asian (East)/women/id04144/00028.mp4,/Users/jeevikakiran/Documents/USC/Multimodal/Project/FakeAVCeleb_v1.2/FakeAVCeleb_v1.2/RealVideo-RealAudio/Asian (East)/women/id04144/00028.mp4,1,0,0,0,REAL,train
id00592__00017_id05106_znnddjlabm4__4db54a4165,id00592,id05106,-,fsgan,C,FakeVideo-RealAudio,African,women,00017_id05106_ZnnDdjlABM4.mp4,FakeVideo-RealAudio/African/women/id00592,FakeVideo-RealAudio/African/women/id00592/00017_id05106_ZnnDdjlABM4.mp4,/Users/jeevikakiran/Documents/USC/Multimodal/Project/FakeAVCeleb_v1.2/FakeAVCeleb_v1.2/FakeVideo-RealAudio/African/women/id00592/00017_id05106_ZnnDdjlABM4.mp4,1,1,0,1,FAKE,val
id07195__00186__19627802a3,id07195,-,-,real,A,RealVideo-RealAudio,Asian (South),men,00186.mp4,RealVideo-RealAudio/Asian (South)/men/id07195,RealVideo-RealAudio/Asian (South)/men/id07195/00186.mp4,/Users/jeevikakiran/Documents/USC/Multimodal/Project/FakeAVCeleb_v1.2/FakeAVCeleb_v1.2/RealVideo-RealAudio/Asian (South)/men/id07195/00186.mp4,1,0,0,0,REAL,train
id07236__00143__c87d0c99f3,id07236,-,-,real,A,RealVideo-RealAudio,Asian (South),women,00143.mp4,RealVideo-RealAudio/Asian (South)/women/id07236,RealVideo-RealAudio/Asian (South)/women/id07236/00143.mp4,/Users/jeevikakiran/Documents/USC/Multimodal/Project/FakeAVCeleb_v1.2/FakeAVCeleb_v1.2/RealVideo-RealAudio/Asian (South)/women/id07236/00143.mp4,1,0,0,0,REAL,train
id00184__00241__bebb6e2856,id00184,-,-,real,A,RealVideo-RealAudio,Caucasian (American),men,00241.mp4,RealVideo-RealAudio/Caucasian (American)/men/id00184,RealVideo-RealAudio/Caucasian (American)/men/id00184/00241.mp4,/Users/jeevikakiran/Documents/USC/Multimodal/Project/FakeAVCeleb_v1.2/FakeAVCeleb_v1.2/RealVideo-RealAudio/Caucasian (American)/men/id00184/00241.mp4,1,0,0,0,REAL,val
id01661__00059_id01907_lbcrkurq0uy__ad789128c8,id01661,id01907,-,fsgan,C,FakeVideo-RealAudio,African,women,00059_id01907_LBcRkuRq0uY.mp4,FakeVideo-RealAudio/African/women/id01661,FakeVideo-RealAudio/African/women/id01661/00059_id01907_LBcRkuRq0uY.mp4,/Users/jeevikakiran/Documents/USC/Multimodal/Project/FakeAVCeleb_v1.2/FakeAVCeleb_v1.2/FakeVideo-RealAudio/African/women/id01661/00059_id01907_LBcRkuRq0uY.mp4,1,1,0,1,FAKE,train
id05743__00015__447d26776d,id05743,-,-,real,A,RealVideo-RealAudio,Asian (East),men,00015.mp4,RealVideo-RealAudio/Asian (East)/men/id05743,RealVideo-RealAudio/Asian (East)/men/id05743/00015.mp4,/Users/jeevikakiran/Documents/USC/Multimodal/Project/FakeAVCeleb_v1.2/FakeAVCeleb_v1.2/RealVideo-RealAudio/Asian (East)/men/id05743/00015.mp4,1,0,0,0,REAL,train
id04529__00186_fake__926452715b,id04529,fake.mp4,-,rtvc,B,RealVideo-FakeAudio,Asian (South),women,00186_fake.mp4,RealVideo-FakeAudio/Asian (South)/women/id04529,RealVideo-FakeAudio/Asian (South)/women/id04529/00186_fake.mp4,/Users/jeevikakiran/Documents/USC/Multimodal/Project/FakeAVCeleb_v1.2/FakeAVCeleb_v1.2/RealVideo-FakeAudio/Asian (South)/women/id04529/00186_fake.mp4,1,0,1,1,FAKE,train
id00569__00239_id00484_u7ytz8efzv0_id03716_wavtolip__bd52777689,id00569,id00484,id03716,fsgan-wav2lip,D,FakeVideo-FakeAudio,Caucasian (European),women,00239_id00484_u7YTz8eFZv0_id03716_wavtolip.mp4,FakeVideo-FakeAudio/Caucasian (European)/women/id00569,FakeVideo-FakeAudio/Caucasian (European)/women/id00569/00239_id00484_u7YTz8eFZv0_id03716_wavtolip.mp4,/Users/jeevikakiran/Documents/USC/Multimodal/Project/FakeAVCeleb_v1.2/FakeAVCeleb_v1.2/FakeVideo-FakeAudio/Caucasian (European)/women/id00569/00239_id00484_u7YTz8eFZv0_id03716_wavtolip.mp4,1,1,1,1,FAKE,train
id00043__00135_id01026_rm4zert7om0__b86e82009e,id00043,id01026,-,fsgan,C,FakeVideo-RealAudio,Asian (South),women,00135_id01026_rM4ZERt7oM0.mp4,FakeVideo-RealAudio/Asian (South)/women/id00043,FakeVideo-RealAudio/Asian (South)/women/id00043/00135_id01026_rM4ZERt7oM0.mp4,/Users/jeevikakiran/Documents/USC/Multimodal/Project/FakeAVCeleb_v1.2/FakeAVCeleb_v1.2/FakeVideo-RealAudio/Asian (South)/women/id00043/00135_id01026_rM4ZERt7oM0.mp4,1,1,0,1,FAKE,train
id00495__00027__2917dbedc9,id00495,-,-,real,A,RealVideo-RealAudio,Caucasian (European),women,00027.mp4,RealVideo-RealAudio/Caucasian (European)/women/id00495,RealVideo-RealAudio/Caucasian (European)/women/id00495/00027.mp4,/Users/jeevikakiran/Documents/USC/Multimodal/Project/FakeAVCeleb_v1.2/FakeAVCeleb_v1.2/RealVideo-RealAudio/Caucasian (European)/women/id00495/00027.mp4,1,0,0,0,REAL,train
id01856__00006_fake__de8520779c,id01856,fake.mp4,-,rtvc,B,RealVideo-FakeAudio,African,men,00006_fake.mp4,RealVideo-FakeAudio/African/men/id01856,RealVideo-FakeAudio/African/men/id01856/00006_fake.mp4,/Users/jeevikakiran/Documents/USC/Multimodal/Project/FakeAVCeleb_v1.2/FakeAVCeleb_v1.2/RealVideo-FakeAudio/African/men/id01856/00006_fake.mp4,1,0,1,1,FAKE,train
id04727__00007_fake__9fff3f9051,id04727,fake.mp4,-,rtvc,B,RealVideo-FakeAudio,African,men,00007_fake.mp4,RealVideo-FakeAudio/African/men/id04727,RealVideo-FakeAudio/African/men/id04727/00007_fake.mp4,/Users/jeevikakiran/Documents/USC/Multimodal/Project/FakeAVCeleb_v1.2/FakeAVCeleb_v1.2/RealVideo-FakeAudio/African/men/id04727/00007_fake.mp4,1,0,1,1,FAKE,train
id06152__06152__05b98cb77d,id06152,-,-,real,A,RealVideo-RealAudio,Asian (East),men,06152.mp4,RealVideo-RealAudio/Asian (East)/men/id06152,RealVideo-RealAudio/Asian (East)/men/id06152/06152.mp4,/Users/jeevikakiran/Documents/USC/Multimodal/Project/FakeAVCeleb_v1.2/FakeAVCeleb_v1.2/RealVideo-RealAudio/Asian (East)/men/id06152/06152.mp4,1,0,0,0,REAL,train
id03344__00114_id00103_qptvap4y5dq__23040894a6,id03344,id00103,-,fsgan,C,FakeVideo-RealAudio,Asian (South),men,00114_id00103_qpTVaP4y5DQ.mp4,FakeVideo-RealAudio/Asian (South)/men/id03344,FakeVideo-RealAudio/Asian (South)/men/id03344/00114_id00103_qpTVaP4y5DQ.mp4,/Users/jeevikakiran/Documents/USC/Multimodal/Project/FakeAVCeleb_v1.2/FakeAVCeleb_v1.2/FakeVideo-RealAudio/Asian (South)/men/id03344/00114_id00103_qpTVaP4y5DQ.mp4,1,1,0,1,FAKE,val
id07210__00005_id04599_q60dpi5nhmk__e4e8bb031d,id07210,id04599,-,fsgan,C,FakeVideo-RealAudio,Asian (South),men,00005_id04599_Q60DPi5Nhmk.mp4,FakeVideo-RealAudio/Asian (South)/men/id07210,FakeVideo-RealAudio/Asian (South)/men/id07210/00005_id04599_Q60DPi5Nhmk.mp4,/Users/jeevikakiran/Documents/USC/Multimodal/Project/FakeAVCeleb_v1.2/FakeAVCeleb_v1.2/FakeVideo-RealAudio/Asian (South)/men/id07210/00005_id04599_Q60DPi5Nhmk.mp4,1,1,0,1,FAKE,train
id00358__00217__b026aa38e9,id00358,-,-,real,A,RealVideo-RealAudio,Caucasian (European),men,00217.mp4,RealVideo-RealAudio/Caucasian (European)/men/id00358,RealVideo-RealAudio/Caucasian (European)/men/id00358/00217.mp4,/Users/jeevikakiran/Documents/USC/Multimodal/Project/FakeAVCeleb_v1.2/FakeAVCeleb_v1.2/RealVideo-RealAudio/Caucasian (European)/men/id00358/00217.mp4,1,0,0,0,REAL,train
id01212__00183_id06269_jm9beizigbe_faceswap_id01212_wavtolip__09692e4d5c,id01212,id06269,faceswap,faceswap-wav2lip,D,FakeVideo-FakeAudio,Asian (East),men,00183_id06269_Jm9bEizIGBE_faceswap_id01212_wavtolip.mp4,FakeVideo-FakeAudio/Asian (East)/men/id01212,FakeVideo-FakeAudio/Asian (East)/men/id01212/00183_id06269_Jm9bEizIGBE_faceswap_id01212_wavtolip.mp4,/Users/jeevikakiran/Documents/USC/Multimodal/Project/FakeAVCeleb_v1.2/FakeAVCeleb_v1.2/FakeVideo-FakeAudio/Asian (East)/men/id01212/00183_id06269_Jm9bEizIGBE_faceswap_id01212_wavtolip.mp4,1,1,1,1,FAKE,train
id00745__00165__2cff2a1418,id00745,-,-,real,A,RealVideo-RealAudio,Asian (South),men,00165.mp4,RealVideo-RealAudio/Asian (South)/men/id00745,RealVideo-RealAudio/Asian (South)/men/id00745/00165.mp4,/Users/jeevikakiran/Documents/USC/Multimodal/Project/FakeAVCeleb_v1.2/FakeAVCeleb_v1.2/RealVideo-RealAudio/Asian (South)/men/id00745/00165.mp4,1,0,0,0,REAL,val
id01126__00040_fake__99223a8e02,id01126,fake.mp4,-,rtvc,B,RealVideo-FakeAudio,Caucasian (European),men,00040_fake.mp4,RealVideo-FakeAudio/Caucasian (European)/men/id01126,RealVideo-FakeAudio/Caucasian (European)/men/id01126/00040_fake.mp4,/Users/jeevikakiran/Documents/USC/Multimodal/Project/FakeAVCeleb_v1.2/FakeAVCeleb_v1.2/RealVideo-FakeAudio/Caucasian (European)/men/id01126/00040_fake.mp4,1,0,1,1,FAKE,train
id00187__00360_id01102_agfukdgmo3a__95a34d4695,id00187,id01102,-,fsgan,C,FakeVideo-RealAudio,Caucasian (European),men,00360_id01102_aGFUkdgmo3A.mp4,FakeVideo-RealAudio/Caucasian (European)/men/id00187,FakeVideo-RealAudio/Caucasian (European)/men/id00187/00360_id01102_aGFUkdgmo3A.mp4,/Users/jeevikakiran/Documents/USC/Multimodal/Project/FakeAVCeleb_v1.2/FakeAVCeleb_v1.2/FakeVideo-RealAudio/Caucasian (European)/men/id00187/00360_id01102_aGFUkdgmo3A.mp4,1,1,0,1,FAKE,train
id00271__00028__9abc584baa,id00271,-,-,real,A,RealVideo-RealAudio,Caucasian (European),women,00028.mp4,RealVideo-RealAudio/Caucasian (European)/women/id00271,RealVideo-RealAudio/Caucasian (European)/women/id00271/00028.mp4,/Users/jeevikakiran/Documents/USC/Multimodal/Project/FakeAVCeleb_v1.2/FakeAVCeleb_v1.2/RealVideo-RealAudio/Caucasian (European)/women/id00271/00028.mp4,1,0,0,0,REAL,train
id01281__00040__6fc1f0500d,id01281,-,-,real,A,RealVideo-RealAudio,Asian (East),women,00040.mp4,RealVideo-RealAudio/Asian (East)/women/id01281,RealVideo-RealAudio/Asian (East)/women/id01281/00040.mp4,/Users/jeevikakiran/Documents/USC/Multimodal/Project/FakeAVCeleb_v1.2/FakeAVCeleb_v1.2/RealVideo-RealAudio/Asian (East)/women/id01281/00040.mp4,1,0,0,0,REAL,train
id00173__00118_id01610_wavtolip__d907690a63,id00173,id01610,-,wav2lip,C,FakeVideo-RealAudio,African,men,00118_id01610_wavtolip.mp4,FakeVideo-RealAudio/African/men/id00173,FakeVideo-RealAudio/African/men/id00173/00118_id01610_wavtolip.mp4,/Users/jeevikakiran/Documents/USC/Multimodal/Project/FakeAVCeleb_v1.2/FakeAVCeleb_v1.2/FakeVideo-RealAudio/African/men/id00173/00118_id01610_wavtolip.mp4,1,1,0,1,FAKE,train
id00068__00004_id01002_wavtolip__d0a90a8aaf,id00068,id01002,-,wav2lip,D,FakeVideo-FakeAudio,Caucasian (European),women,00004_id01002_wavtolip.mp4,FakeVideo-FakeAudio/Caucasian (European)/women/id00068,FakeVideo-FakeAudio/Caucasian (European)/women/id00068/00004_id01002_wavtolip.mp4,/Users/jeevikakiran/Documents/USC/Multimodal/Project/FakeAVCeleb_v1.2/FakeAVCeleb_v1.2/FakeVideo-FakeAudio/Caucasian (European)/women/id00068/00004_id01002_wavtolip.mp4,1,1,1,1,FAKE,val
id09116__00026_id00430_q7jhssgelk4_faceswap_id06158_wavtolip__963a4f6dae,id09116,id00430,faceswap,faceswap-wav2lip,D,FakeVideo-FakeAudio,Asian (East),women,00026_id00430_q7jhSsGElK4_faceswap_id06158_wavtolip.mp4,FakeVideo-FakeAudio/Asian (East)/women/id09116,FakeVideo-FakeAudio/Asian (East)/women/id09116/00026_id00430_q7jhSsGElK4_faceswap_id06158_wavtolip.mp4,/Users/jeevikakiran/Documents/USC/Multimodal/Project/FakeAVCeleb_v1.2/FakeAVCeleb_v1.2/FakeVideo-FakeAudio/Asian (East)/women/id09116/00026_id00430_q7jhSsGElK4_faceswap_id06158_wavtolip.mp4,1,1,1,1,FAKE,val
id06427__00138__89aa7f1b3a,id06427,-,-,real,A,RealVideo-RealAudio,Asian (East),women,00138.mp4,RealVideo-RealAudio/Asian (East)/women/id06427,RealVideo-RealAudio/Asian (East)/women/id06427/00138.mp4,/Users/jeevikakiran/Documents/USC/Multimodal/Project/FakeAVCeleb_v1.2/FakeAVCeleb_v1.2/RealVideo-RealAudio/Asian (East)/women/id06427/00138.mp4,1,0,0,0,REAL,val
id00581__00010__c54fc7505e,id00581,-,-,real,A,RealVideo-RealAudio,Caucasian (European),women,00010.mp4,RealVideo-RealAudio/Caucasian (European)/women/id00581,RealVideo-RealAudio/Caucasian (European)/women/id00581/00010.mp4,/Users/jeevikakiran/Documents/USC/Multimodal/Project/FakeAVCeleb_v1.2/FakeAVCeleb_v1.2/RealVideo-RealAudio/Caucasian (European)/women/id00581/00010.mp4,1,0,0,0,REAL,train
id00823__00125__ea2a3872e6,id00823,-,-,real,A,RealVideo-RealAudio,Caucasian (European),women,00125.mp4,RealVideo-RealAudio/Caucasian (European)/women/id00823,RealVideo-RealAudio/Caucasian (European)/women/id00823/00125.mp4,/Users/jeevikakiran/Documents/USC/Multimodal/Project/FakeAVCeleb_v1.2/FakeAVCeleb_v1.2/RealVideo-RealAudio/Caucasian (European)/women/id00823/00125.mp4,1,0,0,0,REAL,train
id04726__00245__27bc69d3f6,id04726,-,-,real,A,RealVideo-RealAudio,Asian (East),men,00245.mp4,RealVideo-RealAudio/Asian (East)/men/id04726,RealVideo-RealAudio/Asian (East)/men/id04726/00245.mp4,/Users/jeevikakiran/Documents/USC/Multimodal/Project/FakeAVCeleb_v1.2/FakeAVCeleb_v1.2/RealVideo-RealAudio/Asian (East)/men/id04726/00245.mp4,1,0,0,0,REAL,val
id00100__00028_fake__2ee629b95f,id00100,fake.mp4,-,rtvc,B,RealVideo-FakeAudio,Caucasian (American),women,00028_fake.mp4,RealVideo-FakeAudio/Caucasian (American)/women/id00100,RealVideo-FakeAudio/Caucasian (American)/women/id00100/00028_fake.mp4,/Users/jeevikakiran/Documents/USC/Multimodal/Project/FakeAVCeleb_v1.2/FakeAVCeleb_v1.2/RealVideo-FakeAudio/Caucasian (American)/women/id00100/00028_fake.mp4,1,0,1,1,FAKE,train
id00021__00010_id01175_q_36xlwl6_o__07a09c4b4d,id00021,id01175,36xlWL6,fsgan,C,FakeVideo-RealAudio,Caucasian (American),men,00010_id01175_Q_36xlWL6_o.mp4,FakeVideo-RealAudio/Caucasian (American)/men/id00021,FakeVideo-RealAudio/Caucasian (American)/men/id00021/00010_id01175_Q_36xlWL6_o.mp4,/Users/jeevikakiran/Documents/USC/Multimodal/Project/FakeAVCeleb_v1.2/FakeAVCeleb_v1.2/FakeVideo-RealAudio/Caucasian (American)/men/id00021/00010_id01175_Q_36xlWL6_o.mp4,1,1,0,1,FAKE,train
id04582__00180__c11c01d162,id04582,-,-,real,A,RealVideo-RealAudio,Asian (South),women,00180.mp4,RealVideo-RealAudio/Asian (South)/women/id04582,RealVideo-RealAudio/Asian (South)/women/id04582/00180.mp4,/Users/jeevikakiran/Documents/USC/Multimodal/Project/FakeAVCeleb_v1.2/FakeAVCeleb_v1.2/RealVideo-RealAudio/Asian (South)/women/id04582/00180.mp4,1,0,0,0,REAL,train
id01157__00048__e843e33751,id01157,-,-,real,A,RealVideo-RealAudio,Caucasian (European),men,00048.mp4,RealVideo-RealAudio/Caucasian (European)/men/id01157,RealVideo-RealAudio/Caucasian (European)/men/id01157/00048.mp4,/Users/jeevikakiran/Documents/USC/Multimodal/Project/FakeAVCeleb_v1.2/FakeAVCeleb_v1.2/RealVideo-RealAudio/Caucasian (European)/men/id01157/00048.mp4,1,0,0,0,REAL,train
id00088__00005_id01201_q8xwfmniwya_id01239_wavtolip__07cdf125bd,id00088,id01201,id01239,fsgan-wav2lip,D,FakeVideo-FakeAudio,Caucasian (American),men,00005_id01201_Q8XWfmNiWYA_id01239_wavtolip.mp4,FakeVideo-FakeAudio/Caucasian (American)/men/id00088,FakeVideo-FakeAudio/Caucasian (American)/men/id00088/00005_id01201_Q8XWfmNiWYA_id01239_wavtolip.mp4,/Users/jeevikakiran/Documents/USC/Multimodal/Project/FakeAVCeleb_v1.2/FakeAVCeleb_v1.2/FakeVideo-FakeAudio/Caucasian (American)/men/id00088/00005_id01201_Q8XWfmNiWYA_id01239_wavtolip.mp4,1,1,1,1,FAKE,train
id04034__00009_id00088_wavtolip__446aff5c42,id04034,id00088,-,wav2lip,D,FakeVideo-FakeAudio,Caucasian (American),men,00009_id00088_wavtolip.mp4,FakeVideo-FakeAudio/Caucasian (American)/men/id04034,FakeVideo-FakeAudio/Caucasian (American)/men/id04034/00009_id00088_wavtolip.mp4,/Users/jeevikakiran/Documents/USC/Multimodal/Project/FakeAVCeleb_v1.2/FakeAVCeleb_v1.2/FakeVideo-FakeAudio/Caucasian (American)/men/id04034/00009_id00088_wavtolip.mp4,1,1,1,1,FAKE,train
id00816__00118_fake__527f7ce150,id00816,fake.mp4,-,rtvc,B,RealVideo-FakeAudio,Asian (South),men,00118_fake.mp4,RealVideo-FakeAudio/Asian (South)/men/id00816,RealVideo-FakeAudio/Asian (South)/men/id00816/00118_fake.mp4,/Users/jeevikakiran/Documents/USC/Multimodal/Project/FakeAVCeleb_v1.2/FakeAVCeleb_v1.2/RealVideo-FakeAudio/Asian (South)/men/id00816/00118_fake.mp4,1,0,1,1,FAKE,train
id06439__00118_fake__2f864c6cb6,id06439,fake.mp4,-,rtvc,B,RealVideo-FakeAudio,Asian (South),women,00118_fake.mp4,RealVideo-FakeAudio/Asian (South)/women/id06439,RealVideo-FakeAudio/Asian (South)/women/id06439/00118_fake.mp4,/Users/jeevikakiran/Documents/USC/Multimodal/Project/FakeAVCeleb_v1.2/FakeAVCeleb_v1.2/RealVideo-FakeAudio/Asian (South)/women/id06439/00118_fake.mp4,1,0,1,1,FAKE,train
id02721__00424_fake__096af5435c,id02721,fake.mp4,-,rtvc,B,RealVideo-FakeAudio,African,women,00424_fake.mp4,RealVideo-FakeAudio/African/women/id02721,RealVideo-FakeAudio/African/women/id02721/00424_fake.mp4,/Users/jeevikakiran/Documents/USC/Multimodal/Project/FakeAVCeleb_v1.2/FakeAVCeleb_v1.2/RealVideo-FakeAudio/African/women/id02721/00424_fake.mp4,1,0,1,1,FAKE,train
id01096__00037_id00020_wavtolip__fa50059d84,id01096,id00020,-,wav2lip,D,FakeVideo-FakeAudio,Caucasian (American),men,00037_id00020_wavtolip.mp4,FakeVideo-FakeAudio/Caucasian (American)/men/id01096,FakeVideo-FakeAudio/Caucasian (American)/men/id01096/00037_id00020_wavtolip.mp4,/Users/jeevikakiran/Documents/USC/Multimodal/Project/FakeAVCeleb_v1.2/FakeAVCeleb_v1.2/FakeVideo-FakeAudio/Caucasian (American)/men/id01096/00037_id00020_wavtolip.mp4,1,1,1,1,FAKE,train
id00559__00078_fake__22d029722a,id00559,fake.mp4,-,rtvc,B,RealVideo-FakeAudio,Caucasian (European),men,00078_fake.mp4,RealVideo-FakeAudio/Caucasian (European)/men/id00559,RealVideo-FakeAudio/Caucasian (European)/men/id00559/00078_fake.mp4,/Users/jeevikakiran/Documents/USC/Multimodal/Project/FakeAVCeleb_v1.2/FakeAVCeleb_v1.2/RealVideo-FakeAudio/Caucasian (European)/men/id00559/00078_fake.mp4,1,0,1,1,FAKE,train
id01157__00048_id00963_wavtolip__610f2e9288,id01157,id00963,-,wav2lip,C,FakeVideo-RealAudio,Caucasian (European),men,00048_id00963_wavtolip.mp4,FakeVideo-RealAudio/Caucasian (European)/men/id01157,FakeVideo-RealAudio/Caucasian (European)/men/id01157/00048_id00963_wavtolip.mp4,/Users/jeevikakiran/Documents/USC/Multimodal/Project/FakeAVCeleb_v1.2/FakeAVCeleb_v1.2/FakeVideo-RealAudio/Caucasian (European)/men/id01157/00048_id00963_wavtolip.mp4,1,1,0,1,FAKE,train
id04928__00027_id00033_gdudurwhnlq_id00857_wavtolip__58a7fb1cfa,id04928,id00033,id00857,fsgan-wav2lip,D,FakeVideo-FakeAudio,Asian (South),men,00027_id00033_gduDuRWhnlQ_id00857_wavtolip.mp4,FakeVideo-FakeAudio/Asian (South)/men/id04928,FakeVideo-FakeAudio/Asian (South)/men/id04928/00027_id00033_gduDuRWhnlQ_id00857_wavtolip.mp4,/Users/jeevikakiran/Documents/USC/Multimodal/Project/FakeAVCeleb_v1.2/FakeAVCeleb_v1.2/FakeVideo-FakeAudio/Asian (South)/men/id04928/00027_id00033_gduDuRWhnlQ_id00857_wavtolip.mp4,1,1,1,1,FAKE,train
id01201__00028_fake__feecb06b47,id01201,fake.mp4,-,rtvc,B,RealVideo-FakeAudio,Caucasian (American),men,00028_fake.mp4,RealVideo-FakeAudio/Caucasian (American)/men/id01201,RealVideo-FakeAudio/Caucasian (American)/men/id01201/00028_fake.mp4,/Users/jeevikakiran/Documents/USC/Multimodal/Project/FakeAVCeleb_v1.2/FakeAVCeleb_v1.2/RealVideo-FakeAudio/Caucasian (American)/men/id01201/00028_fake.mp4,1,0,1,1,FAKE,train
id00261__00048_id00383_wavtolip__583e89945e,id00261,id00383,-,wav2lip,D,FakeVideo-FakeAudio,Caucasian (American),women,00048_id00383_wavtolip.mp4,FakeVideo-FakeAudio/Caucasian (American)/women/id00261,FakeVideo-FakeAudio/Caucasian (American)/women/id00261/00048_id00383_wavtolip.mp4,/Users/jeevikakiran/Documents/USC/Multimodal/Project/FakeAVCeleb_v1.2/FakeAVCeleb_v1.2/FakeVideo-FakeAudio/Caucasian (American)/women/id00261/00048_id00383_wavtolip.mp4,1,1,1,1,FAKE,train
id00735__00037_fake__a74878a6d3,id00735,fake.mp4,-,rtvc,B,RealVideo-FakeAudio,Caucasian (European),women,00037_fake.mp4,RealVideo-FakeAudio/Caucasian (European)/women/id00735,RealVideo-FakeAudio/Caucasian (European)/women/id00735/00037_fake.mp4,/Users/jeevikakiran/Documents/USC/Multimodal/Project/FakeAVCeleb_v1.2/FakeAVCeleb_v1.2/RealVideo-FakeAudio/Caucasian (European)/women/id00735/00037_fake.mp4,1,0,1,1,FAKE,train
id07161__00159_id00414_d3n2nrpgsp0_id04554_wavtolip__61c47b26d5,id07161,id00414,id04554,fsgan-wav2lip,D,FakeVideo-FakeAudio,Asian (South),men,00159_id00414_d3N2NrpGSp0_id04554_wavtolip.mp4,FakeVideo-FakeAudio/Asian (South)/men/id07161,FakeVideo-FakeAudio/Asian (South)/men/id07161/00159_id00414_d3N2NrpGSp0_id04554_wavtolip.mp4,/Users/jeevikakiran/Documents/USC/Multimodal/Project/FakeAVCeleb_v1.2/FakeAVCeleb_v1.2/FakeVideo-FakeAudio/Asian (South)/men/id07161/00159_id00414_d3N2NrpGSp0_id04554_wavtolip.mp4,1,1,1,1,FAKE,train
id00265__00130_id00055_xzcf6sj8axc__6c88e3f373,id00265,id00055,-,fsgan,C,FakeVideo-RealAudio,Caucasian (European),men,00130_id00055_XzCF6sJ8Axc.mp4,FakeVideo-RealAudio/Caucasian (European)/men/id00265,FakeVideo-RealAudio/Caucasian (European)/men/id00265/00130_id00055_XzCF6sJ8Axc.mp4,/Users/jeevikakiran/Documents/USC/Multimodal/Project/FakeAVCeleb_v1.2/FakeAVCeleb_v1.2/FakeVideo-RealAudio/Caucasian (European)/men/id00265/00130_id00055_XzCF6sJ8Axc.mp4,1,1,0,1,FAKE,train
id04376__00181__e29c9cd02d,id04376,-,-,real,A,RealVideo-RealAudio,African,women,00181.mp4,RealVideo-RealAudio/African/women/id04376,RealVideo-RealAudio/African/women/id04376/00181.mp4,/Users/jeevikakiran/Documents/USC/Multimodal/Project/FakeAVCeleb_v1.2/FakeAVCeleb_v1.2/RealVideo-RealAudio/African/women/id04376/00181.mp4,1,0,0,0,REAL,train
id06878__00001__9862d0cad8,id06878,-,-,real,A,RealVideo-RealAudio,Asian (East),men,00001.mp4,RealVideo-RealAudio/Asian (East)/men/id06878,RealVideo-RealAudio/Asian (East)/men/id06878/00001.mp4,/Users/jeevikakiran/Documents/USC/Multimodal/Project/FakeAVCeleb_v1.2/FakeAVCeleb_v1.2/RealVideo-RealAudio/Asian (East)/men/id06878/00001.mp4,1,0,0,0,REAL,train
id06439__00118_id07689_2ie0g83jkga__14dcd23a53,id06439,id07689,-,fsgan,C,FakeVideo-RealAudio,Asian (South),women,00118_id07689_2ie0g83JkgA.mp4,FakeVideo-RealAudio/Asian (South)/women/id06439,FakeVideo-RealAudio/Asian (South)/women/id06439/00118_id07689_2ie0g83JkgA.mp4,/Users/jeevikakiran/Documents/USC/Multimodal/Project/FakeAVCeleb_v1.2/FakeAVCeleb_v1.2/FakeVideo-RealAudio/Asian (South)/women/id06439/00118_id07689_2ie0g83JkgA.mp4,1,1,0,1,FAKE,val
id00272__00195__506bcb58b3,id00272,-,-,real,A,RealVideo-RealAudio,Caucasian (American),women,00195.mp4,RealVideo-RealAudio/Caucasian (American)/women/id00272,RealVideo-RealAudio/Caucasian (American)/women/id00272/00195.mp4,/Users/jeevikakiran/Documents/USC/Multimodal/Project/FakeAVCeleb_v1.2/FakeAVCeleb_v1.2/RealVideo-RealAudio/Caucasian (American)/women/id00272/00195.mp4,1,0,0,0,REAL,train
id00088__00005_id01096_wavtolip__2835fcf451,id00088,id01096,-,wav2lip,D,FakeVideo-FakeAudio,Caucasian (American),men,00005_id01096_wavtolip.mp4,FakeVideo-FakeAudio/Caucasian (American)/men/id00088,FakeVideo-FakeAudio/Caucasian (American)/men/id00088/00005_id01096_wavtolip.mp4,/Users/jeevikakiran/Documents/USC/Multimodal/Project/FakeAVCeleb_v1.2/FakeAVCeleb_v1.2/FakeVideo-FakeAudio/Caucasian (American)/men/id00088/00005_id01096_wavtolip.mp4,1,1,1,1,FAKE,train
id01835__00130__ac629be208,id01835,-,-,real,A,RealVideo-RealAudio,African,men,00130.mp4,RealVideo-RealAudio/African/men/id01835,RealVideo-RealAudio/African/men/id01835/00130.mp4,/Users/jeevikakiran/Documents/USC/Multimodal/Project/FakeAVCeleb_v1.2/FakeAVCeleb_v1.2/RealVideo-RealAudio/African/men/id01835/00130.mp4,1,0,0,0,REAL,train
id03965__00051_id01204_wavtolip__b05eedc761,id03965,id01204,-,wav2lip,D,FakeVideo-FakeAudio,Asian (East),men,00051_id01204_wavtolip.mp4,FakeVideo-FakeAudio/Asian (East)/men/id03965,FakeVideo-FakeAudio/Asian (East)/men/id03965/00051_id01204_wavtolip.mp4,/Users/jeevikakiran/Documents/USC/Multimodal/Project/FakeAVCeleb_v1.2/FakeAVCeleb_v1.2/FakeVideo-FakeAudio/Asian (East)/men/id03965/00051_id01204_wavtolip.mp4,1,1,1,1,FAKE,train
id00555__00005__02b75081a6,id00555,-,-,real,A,RealVideo-RealAudio,Caucasian (American),women,00005.mp4,RealVideo-RealAudio/Caucasian (American)/women/id00555,RealVideo-RealAudio/Caucasian (American)/women/id00555/00005.mp4,/Users/jeevikakiran/Documents/USC/Multimodal/Project/FakeAVCeleb_v1.2/FakeAVCeleb_v1.2/RealVideo-RealAudio/Caucasian (American)/women/id00555/00005.mp4,1,0,0,0,REAL,train
id00777__00160_id01192_kaht8hg7_1s_id01192_wavtolip__affedb5bf1,id00777,id01192,id01192,fsgan-wav2lip,D,FakeVideo-FakeAudio,Caucasian (American),men,00160_id01192_kAht8HG7-1s_id01192_wavtolip.mp4,FakeVideo-FakeAudio/Caucasian (American)/men/id00777,FakeVideo-FakeAudio/Caucasian (American)/men/id00777/00160_id01192_kAht8HG7-1s_id01192_wavtolip.mp4,/Users/jeevikakiran/Documents/USC/Multimodal/Project/FakeAVCeleb_v1.2/FakeAVCeleb_v1.2/FakeVideo-FakeAudio/Caucasian (American)/men/id00777/00160_id01192_kAht8HG7-1s_id01192_wavtolip.mp4,1,1,1,1,FAKE,train
id05931__00013_fake__a08b0116e9,id05931,fake.mp4,-,rtvc,B,RealVideo-FakeAudio,Asian (South),women,00013_fake.mp4,RealVideo-FakeAudio/Asian (South)/women/id05931,RealVideo-FakeAudio/Asian (South)/women/id05931/00013_fake.mp4,/Users/jeevikakiran/Documents/USC/Multimodal/Project/FakeAVCeleb_v1.2/FakeAVCeleb_v1.2/RealVideo-FakeAudio/Asian (South)/women/id05931/00013_fake.mp4,1,0,1,1,FAKE,train
id01076__00005_fake__f4594f84c2,id01076,fake.mp4,-,rtvc,B,RealVideo-FakeAudio,African,men,00005_fake.mp4,RealVideo-FakeAudio/African/men/id01076,RealVideo-FakeAudio/African/men/id01076/00005_fake.mp4,/Users/jeevikakiran/Documents/USC/Multimodal/Project/FakeAVCeleb_v1.2/FakeAVCeleb_v1.2/RealVideo-FakeAudio/African/men/id01076/00005_fake.mp4,1,0,1,1,FAKE,train
id00231__00037_fake__7842a256cf,id00231,fake.mp4,-,rtvc,B,RealVideo-FakeAudio,Caucasian (American),women,00037_fake.mp4,RealVideo-FakeAudio/Caucasian (American)/women/id00231,RealVideo-FakeAudio/Caucasian (American)/women/id00231/00037_fake.mp4,/Users/jeevikakiran/Documents/USC/Multimodal/Project/FakeAVCeleb_v1.2/FakeAVCeleb_v1.2/RealVideo-FakeAudio/Caucasian (American)/women/id00231/00037_fake.mp4,1,0,1,1,FAKE,train
id00826__00065_fake__45d5798eca,id00826,fake.mp4,-,rtvc,B,RealVideo-FakeAudio,Caucasian (European),women,00065_fake.mp4,RealVideo-FakeAudio/Caucasian (European)/women/id00826,RealVideo-FakeAudio/Caucasian (European)/women/id00826/00065_fake.mp4,/Users/jeevikakiran/Documents/USC/Multimodal/Project/FakeAVCeleb_v1.2/FakeAVCeleb_v1.2/RealVideo-FakeAudio/Caucasian (European)/women/id00826/00065_fake.mp4,1,0,1,1,FAKE,train
id06438__00110_id04582_wavtolip__5579c7d520,id06438,id04582,-,wav2lip,C,FakeVideo-RealAudio,Asian (South),women,00110_id04582_wavtolip.mp4,FakeVideo-RealAudio/Asian (South)/women/id06438,FakeVideo-RealAudio/Asian (South)/women/id06438/00110_id04582_wavtolip.mp4,/Users/jeevikakiran/Documents/USC/Multimodal/Project/FakeAVCeleb_v1.2/FakeAVCeleb_v1.2/FakeVideo-RealAudio/Asian (South)/women/id06438/00110_id04582_wavtolip.mp4,1,1,0,1,FAKE,val
id05231__00149__fd464d722c,id05231,-,-,real,A,RealVideo-RealAudio,African,women,00149.mp4,RealVideo-RealAudio/African/women/id05231,RealVideo-RealAudio/African/women/id05231/00149.mp4,/Users/jeevikakiran/Documents/USC/Multimodal/Project/FakeAVCeleb_v1.2/FakeAVCeleb_v1.2/RealVideo-RealAudio/African/women/id05231/00149.mp4,1,0,0,0,REAL,train
id00032__00028_1_id07108_wavtolip__c266d1e091,id00032,1,-,faceswap-wav2lip,D,FakeVideo-FakeAudio,Asian (South),men,00028_1_id07108_wavtolip.mp4,FakeVideo-FakeAudio/Asian (South)/men/id00032,FakeVideo-FakeAudio/Asian (South)/men/id00032/00028_1_id07108_wavtolip.mp4,/Users/jeevikakiran/Documents/USC/Multimodal/Project/FakeAVCeleb_v1.2/FakeAVCeleb_v1.2/FakeVideo-FakeAudio/Asian (South)/men/id00032/00028_1_id07108_wavtolip.mp4,1,1,1,1,FAKE,train
id06776__00021__672da71315,id06776,-,-,real,A,RealVideo-RealAudio,Asian (East),men,00021.mp4,RealVideo-RealAudio/Asian (East)/men/id06776,RealVideo-RealAudio/Asian (East)/men/id06776/00021.mp4,/Users/jeevikakiran/Documents/USC/Multimodal/Project/FakeAVCeleb_v1.2/FakeAVCeleb_v1.2/RealVideo-RealAudio/Asian (East)/men/id06776/00021.mp4,1,0,0,0,REAL,train
id01610__00090_id01920_wavtolip__dfb7484deb,id01610,id01920,-,wav2lip,C,FakeVideo-RealAudio,African,men,00090_id01920_wavtolip.mp4,FakeVideo-RealAudio/African/men/id01610,FakeVideo-RealAudio/African/men/id01610/00090_id01920_wavtolip.mp4,/Users/jeevikakiran/Documents/USC/Multimodal/Project/FakeAVCeleb_v1.2/FakeAVCeleb_v1.2/FakeVideo-RealAudio/African/men/id01610/00090_id01920_wavtolip.mp4,1,1,0,1,FAKE,train
id00062__00278_id04221_5xfscrxgvj4_faceswap_id00264_wavtolip__1a8fa717aa,id00062,id04221,faceswap,faceswap-wav2lip,D,FakeVideo-FakeAudio,Caucasian (American),men,00278_id04221_5XfsCrxGvj4_faceswap_id00264_wavtolip.mp4,FakeVideo-FakeAudio/Caucasian (American)/men/id00062,FakeVideo-FakeAudio/Caucasian (American)/men/id00062/00278_id04221_5XfsCrxGvj4_faceswap_id00264_wavtolip.mp4,/Users/jeevikakiran/Documents/USC/Multimodal/Project/FakeAVCeleb_v1.2/FakeAVCeleb_v1.2/FakeVideo-FakeAudio/Caucasian (American)/men/id00062/00278_id04221_5XfsCrxGvj4_faceswap_id00264_wavtolip.mp4,1,1,1,1,FAKE,train
id01096__00037_id00179_ux9oyyipqi8__a45f75968c,id01096,id00179,-,fsgan,C,FakeVideo-RealAudio,Caucasian (American),men,00037_id00179_Ux9OYyipQi8.mp4,FakeVideo-RealAudio/Caucasian (American)/men/id01096,FakeVideo-RealAudio/Caucasian (American)/men/id01096/00037_id00179_Ux9OYyipQi8.mp4,/Users/jeevikakiran/Documents/USC/Multimodal/Project/FakeAVCeleb_v1.2/FakeAVCeleb_v1.2/FakeVideo-RealAudio/Caucasian (American)/men/id01096/00037_id00179_Ux9OYyipQi8.mp4,1,1,0,1,FAKE,train
id02089__00092__183af89c80,id02089,-,-,real,A,RealVideo-RealAudio,Asian (South),women,00092.mp4,RealVideo-RealAudio/Asian (South)/women/id02089,RealVideo-RealAudio/Asian (South)/women/id02089/00092.mp4,/Users/jeevikakiran/Documents/USC/Multimodal/Project/FakeAVCeleb_v1.2/FakeAVCeleb_v1.2/RealVideo-RealAudio/Asian (South)/women/id02089/00092.mp4,1,0,0,0,REAL,train
id03205__00150_id00946_wavtolip__d1a35891c9,id03205,id00946,-,wav2lip,D,FakeVideo-FakeAudio,Caucasian (European),men,00150_id00946_wavtolip.mp4,FakeVideo-FakeAudio/Caucasian (European)/men/id03205,FakeVideo-FakeAudio/Caucasian (European)/men/id03205/00150_id00946_wavtolip.mp4,/Users/jeevikakiran/Documents/USC/Multimodal/Project/FakeAVCeleb_v1.2/FakeAVCeleb_v1.2/FakeVideo-FakeAudio/Caucasian (European)/men/id03205/00150_id00946_wavtolip.mp4,1,1,1,1,FAKE,train
id01102__00197_fake__9213a48dec,id01102,fake.mp4,-,rtvc,B,RealVideo-FakeAudio,Caucasian (European),men,00197_fake.mp4,RealVideo-FakeAudio/Caucasian (European)/men/id01102,RealVideo-FakeAudio/Caucasian (European)/men/id01102/00197_fake.mp4,/Users/jeevikakiran/Documents/USC/Multimodal/Project/FakeAVCeleb_v1.2/FakeAVCeleb_v1.2/RealVideo-FakeAudio/Caucasian (European)/men/id01102/00197_fake.mp4,1,0,1,1,FAKE,train
id01204__00092__c1cf82d5f1,id01204,-,-,real,A,RealVideo-RealAudio,Asian (East),men,00092.mp4,RealVideo-RealAudio/Asian (East)/men/id01204,RealVideo-RealAudio/Asian (East)/men/id01204/00092.mp4,/Users/jeevikakiran/Documents/USC/Multimodal/Project/FakeAVCeleb_v1.2/FakeAVCeleb_v1.2/RealVideo-RealAudio/Asian (East)/men/id01204/00092.mp4,1,0,0,0,REAL,val
id03620__00081__371ed06988,id03620,-,-,real,A,RealVideo-RealAudio,Caucasian (European),women,00081.mp4,RealVideo-RealAudio/Caucasian (European)/women/id03620,RealVideo-RealAudio/Caucasian (European)/women/id03620/00081.mp4,/Users/jeevikakiran/Documents/USC/Multimodal/Project/FakeAVCeleb_v1.2/FakeAVCeleb_v1.2/RealVideo-RealAudio/Caucasian (European)/women/id03620/00081.mp4,1,0,0,0,REAL,train
id00634__00078_id00633_wavtolip__3231afb0a3,id00634,id00633,-,wav2lip,C,FakeVideo-RealAudio,Caucasian (European),women,00078_id00633_wavtolip.mp4,FakeVideo-RealAudio/Caucasian (European)/women/id00634,FakeVideo-RealAudio/Caucasian (European)/women/id00634/00078_id00633_wavtolip.mp4,/Users/jeevikakiran/Documents/USC/Multimodal/Project/FakeAVCeleb_v1.2/FakeAVCeleb_v1.2/FakeVideo-RealAudio/Caucasian (European)/women/id00634/00078_id00633_wavtolip.mp4,1,1,0,1,FAKE,train
id03844__00028__36a9d606cf,id03844,-,-,real,A,RealVideo-RealAudio,Caucasian (European),women,00028.mp4,RealVideo-RealAudio/Caucasian (European)/women/id03844,RealVideo-RealAudio/Caucasian (European)/women/id03844/00028.mp4,/Users/jeevikakiran/Documents/USC/Multimodal/Project/FakeAVCeleb_v1.2/FakeAVCeleb_v1.2/RealVideo-RealAudio/Caucasian (European)/women/id03844/00028.mp4,1,0,0,0,REAL,val
id03599__00072_id07194_wavtolip__5c7b079488,id03599,id07194,-,wav2lip,C,FakeVideo-RealAudio,Asian (South),men,00072_id07194_wavtolip.mp4,FakeVideo-RealAudio/Asian (South)/men/id03599,FakeVideo-RealAudio/Asian (South)/men/id03599/00072_id07194_wavtolip.mp4,/Users/jeevikakiran/Documents/USC/Multimodal/Project/FakeAVCeleb_v1.2/FakeAVCeleb_v1.2/FakeVideo-RealAudio/Asian (South)/men/id03599/00072_id07194_wavtolip.mp4,1,1,0,1,FAKE,train
id04034__00009_fake__ac3a217860,id04034,fake.mp4,-,rtvc,B,RealVideo-FakeAudio,Caucasian (American),men,00009_fake.mp4,RealVideo-FakeAudio/Caucasian (American)/men/id04034,RealVideo-FakeAudio/Caucasian (American)/men/id04034/00009_fake.mp4,/Users/jeevikakiran/Documents/USC/Multimodal/Project/FakeAVCeleb_v1.2/FakeAVCeleb_v1.2/RealVideo-FakeAudio/Caucasian (American)/men/id04034/00009_fake.mp4,1,0,1,1,FAKE,val
id03168__03168__357bbc377a,id03168,-,-,real,A,RealVideo-RealAudio,Asian (East),men,03168.mp4,RealVideo-RealAudio/Asian (East)/men/id03168,RealVideo-RealAudio/Asian (East)/men/id03168/03168.mp4,/Users/jeevikakiran/Documents/USC/Multimodal/Project/FakeAVCeleb_v1.2/FakeAVCeleb_v1.2/RealVideo-RealAudio/Asian (East)/men/id03168/03168.mp4,1,0,0,0,REAL,train
id00391__00052__0495b8c0ec,id00391,-,-,real,A,RealVideo-RealAudio,African,men,00052.mp4,RealVideo-RealAudio/African/men/id00391,RealVideo-RealAudio/African/men/id00391/00052.mp4,/Users/jeevikakiran/Documents/USC/Multimodal/Project/FakeAVCeleb_v1.2/FakeAVCeleb_v1.2/RealVideo-RealAudio/African/men/id00391/00052.mp4,1,0,0,0,REAL,train
id07163__00141_id03599_wavtolip__7957aa8767,id07163,id03599,-,wav2lip,C,FakeVideo-RealAudio,Asian (South),men,00141_id03599_wavtolip.mp4,FakeVideo-RealAudio/Asian (South)/men/id07163,FakeVideo-RealAudio/Asian (South)/men/id07163/00141_id03599_wavtolip.mp4,/Users/jeevikakiran/Documents/USC/Multimodal/Project/FakeAVCeleb_v1.2/FakeAVCeleb_v1.2/FakeVideo-RealAudio/Asian (South)/men/id07163/00141_id03599_wavtolip.mp4,1,1,0,1,FAKE,val
id01210__00283_1_id01168_wavtolip__fa60d9c415,id01210,1,-,faceswap-wav2lip,D,FakeVideo-FakeAudio,Caucasian (American),men,00283_1_id01168_wavtolip.mp4,FakeVideo-FakeAudio/Caucasian (American)/men/id01210,FakeVideo-FakeAudio/Caucasian (American)/men/id01210/00283_1_id01168_wavtolip.mp4,/Users/jeevikakiran/Documents/USC/Multimodal/Project/FakeAVCeleb_v1.2/FakeAVCeleb_v1.2/FakeVideo-FakeAudio/Caucasian (American)/men/id01210/00283_1_id01168_wavtolip.mp4,1,1,1,1,FAKE,train
id00428__00017_fake__69a101eb5c,id00428,fake.mp4,-,rtvc,B,RealVideo-FakeAudio,Caucasian (American),women,00017_fake.mp4,RealVideo-FakeAudio/Caucasian (American)/women/id00428,RealVideo-FakeAudio/Caucasian (American)/women/id00428/00017_fake.mp4,/Users/jeevikakiran/Documents/USC/Multimodal/Project/FakeAVCeleb_v1.2/FakeAVCeleb_v1.2/RealVideo-FakeAudio/Caucasian (American)/women/id00428/00017_fake.mp4,1,0,1,1,FAKE,train
id00857__00347_id07233_wavtolip__cf669951e5,id00857,id07233,-,wav2lip,D,FakeVideo-FakeAudio,Asian (South),men,00347_id07233_wavtolip.mp4,FakeVideo-FakeAudio/Asian (South)/men/id00857,FakeVideo-FakeAudio/Asian (South)/men/id00857/00347_id07233_wavtolip.mp4,/Users/jeevikakiran/Documents/USC/Multimodal/Project/FakeAVCeleb_v1.2/FakeAVCeleb_v1.2/FakeVideo-FakeAudio/Asian (South)/men/id00857/00347_id07233_wavtolip.mp4,1,1,1,1,FAKE,train
id03747__00273_id02824_glby_mycxzw_faceswap__cd36f12319,id03747,id02824,mYcXZw,faceswap,C,FakeVideo-RealAudio,African,women,00273_id02824_glBy_mYcXZw_faceswap.mp4,FakeVideo-RealAudio/African/women/id03747,FakeVideo-RealAudio/African/women/id03747/00273_id02824_glBy_mYcXZw_faceswap.mp4,/Users/jeevikakiran/Documents/USC/Multimodal/Project/FakeAVCeleb_v1.2/FakeAVCeleb_v1.2/FakeVideo-RealAudio/African/women/id03747/00273_id02824_glBy_mYcXZw_faceswap.mp4,1,1,0,1,FAKE,train
id01691__00045_id01036_aohkamtihxa_id02316_wavtolip__327eb8d283,id01691,id01036,id02316,fsgan-wav2lip,D,FakeVideo-FakeAudio,African,men,00045_id01036_AohKaMtIHxA_id02316_wavtolip.mp4,FakeVideo-FakeAudio/African/men/id01691,FakeVideo-FakeAudio/African/men/id01691/00045_id01036_AohKaMtIHxA_id02316_wavtolip.mp4,/Users/jeevikakiran/Documents/USC/Multimodal/Project/FakeAVCeleb_v1.2/FakeAVCeleb_v1.2/FakeVideo-FakeAudio/African/men/id01691/00045_id01036_AohKaMtIHxA_id02316_wavtolip.mp4,1,1,1,1,FAKE,train
id08314__00028_id07058_wavtolip__5a8a47679a,id08314,id07058,-,wav2lip,C,FakeVideo-RealAudio,Asian (South),men,00028_id07058_wavtolip.mp4,FakeVideo-RealAudio/Asian (South)/men/id08314,FakeVideo-RealAudio/Asian (South)/men/id08314/00028_id07058_wavtolip.mp4,/Users/jeevikakiran/Documents/USC/Multimodal/Project/FakeAVCeleb_v1.2/FakeAVCeleb_v1.2/FakeVideo-RealAudio/Asian (South)/men/id08314/00028_id07058_wavtolip.mp4,1,1,0,1,FAKE,train
id01691__00045_id01598_wavtolip__7b12f2f56a,id01691,id01598,-,wav2lip,C,FakeVideo-RealAudio,African,men,00045_id01598_wavtolip.mp4,FakeVideo-RealAudio/African/men/id01691,FakeVideo-RealAudio/African/men/id01691/00045_id01598_wavtolip.mp4,/Users/jeevikakiran/Documents/USC/Multimodal/Project/FakeAVCeleb_v1.2/FakeAVCeleb_v1.2/FakeVideo-RealAudio/African/men/id01691/00045_id01598_wavtolip.mp4,1,1,0,1,FAKE,val
id05252__00052__cc97acf019,id05252,-,-,real,A,RealVideo-RealAudio,African,women,00052.mp4,RealVideo-RealAudio/African/women/id05252,RealVideo-RealAudio/African/women/id05252/00052.mp4,/Users/jeevikakiran/Documents/USC/Multimodal/Project/FakeAVCeleb_v1.2/FakeAVCeleb_v1.2/RealVideo-RealAudio/African/women/id05252/00052.mp4,1,0,0,0,REAL,val
id00946__00126_id00963_wavtolip__8ebbd833d9,id00946,id00963,-,wav2lip,C,FakeVideo-RealAudio,Caucasian (European),men,00126_id00963_wavtolip.mp4,FakeVideo-RealAudio/Caucasian (European)/men/id00946,FakeVideo-RealAudio/Caucasian (European)/men/id00946/00126_id00963_wavtolip.mp4,/Users/jeevikakiran/Documents/USC/Multimodal/Project/FakeAVCeleb_v1.2/FakeAVCeleb_v1.2/FakeVideo-RealAudio/Caucasian (European)/men/id00946/00126_id00963_wavtolip.mp4,1,1,0,1,FAKE,train
id04547__00052_id02721_wavtolip__eff5141a25,id04547,id02721,-,wav2lip,C,FakeVideo-RealAudio,African,women,00052_id02721_wavtolip.mp4,FakeVideo-RealAudio/African/women/id04547,FakeVideo-RealAudio/African/women/id04547/00052_id02721_wavtolip.mp4,/Users/jeevikakiran/Documents/USC/Multimodal/Project/FakeAVCeleb_v1.2/FakeAVCeleb_v1.2/FakeVideo-RealAudio/African/women/id04547/00052_id02721_wavtolip.mp4,1,1,0,1,FAKE,train
id00909__00037_id01098_wavtolip__2e9e279142,id00909,id01098,-,wav2lip,D,FakeVideo-FakeAudio,Caucasian (European),men,00037_id01098_wavtolip.mp4,FakeVideo-FakeAudio/Caucasian (European)/men/id00909,FakeVideo-FakeAudio/Caucasian (European)/men/id00909/00037_id01098_wavtolip.mp4,/Users/jeevikakiran/Documents/USC/Multimodal/Project/FakeAVCeleb_v1.2/FakeAVCeleb_v1.2/FakeVideo-FakeAudio/Caucasian (European)/men/id00909/00037_id01098_wavtolip.mp4,1,1,1,1,FAKE,train
id00414__00052__187bac020a,id00414,-,-,real,A,RealVideo-RealAudio,Asian (South),men,00052.mp4,RealVideo-RealAudio/Asian (South)/men/id00414,RealVideo-RealAudio/Asian (South)/men/id00414/00052.mp4,/Users/jeevikakiran/Documents/USC/Multimodal/Project/FakeAVCeleb_v1.2/FakeAVCeleb_v1.2/RealVideo-RealAudio/Asian (South)/men/id00414/00052.mp4,1,0,0,0,REAL,train
id01245__00028_id01225_wuzuzom84ws_id00097_wavtolip__029957e954,id01245,id01225,id00097,fsgan-wav2lip,D,FakeVideo-FakeAudio,Caucasian (American),women,00028_id01225_WuzuZoM84Ws_id00097_wavtolip.mp4,FakeVideo-FakeAudio/Caucasian (American)/women/id01245,FakeVideo-FakeAudio/Caucasian (American)/women/id01245/00028_id01225_WuzuZoM84Ws_id00097_wavtolip.mp4,/Users/jeevikakiran/Documents/USC/Multimodal/Project/FakeAVCeleb_v1.2/FakeAVCeleb_v1.2/FakeVideo-FakeAudio/Caucasian (American)/women/id01245/00028_id01225_WuzuZoM84Ws_id00097_wavtolip.mp4,1,1,1,1,FAKE,train
id02342__00191__ab0a53ee86,id02342,-,-,real,A,RealVideo-RealAudio,African,men,00191.mp4,RealVideo-RealAudio/African/men/id02342,RealVideo-RealAudio/African/men/id02342/00191.mp4,/Users/jeevikakiran/Documents/USC/Multimodal/Project/FakeAVCeleb_v1.2/FakeAVCeleb_v1.2/RealVideo-RealAudio/African/men/id02342/00191.mp4,1,0,0,0,REAL,train
id01691__00045__48804b7629,id01691,-,-,real,A,RealVideo-RealAudio,African,men,00045.mp4,RealVideo-RealAudio/African/men/id01691,RealVideo-RealAudio/African/men/id01691/00045.mp4,/Users/jeevikakiran/Documents/USC/Multimodal/Project/FakeAVCeleb_v1.2/FakeAVCeleb_v1.2/RealVideo-RealAudio/African/men/id01691/00045.mp4,1,0,0,0,REAL,train
id01058__00005_id00306_cdx55f3nwnc__19507491ad,id01058,id00306,-,fsgan,C,FakeVideo-RealAudio,Caucasian (European),men,00005_id00306_CDX55F3nWNc.mp4,FakeVideo-RealAudio/Caucasian (European)/men/id01058,FakeVideo-RealAudio/Caucasian (European)/men/id01058/00005_id00306_CDX55F3nWNc.mp4,/Users/jeevikakiran/Documents/USC/Multimodal/Project/FakeAVCeleb_v1.2/FakeAVCeleb_v1.2/FakeVideo-RealAudio/Caucasian (European)/men/id01058/00005_id00306_CDX55F3nWNc.mp4,1,1,0,1,FAKE,train
id05844__00072_fake__8f8d6059be,id05844,fake.mp4,-,rtvc,B,RealVideo-FakeAudio,Asian (East),women,00072_fake.mp4,RealVideo-FakeAudio/Asian (East)/women/id05844,RealVideo-FakeAudio/Asian (East)/women/id05844/00072_fake.mp4,/Users/jeevikakiran/Documents/USC/Multimodal/Project/FakeAVCeleb_v1.2/FakeAVCeleb_v1.2/RealVideo-FakeAudio/Asian (East)/women/id05844/00072_fake.mp4,1,0,1,1,FAKE,val
id00056__00028__a79e98520a,id00056,-,-,real,A,RealVideo-RealAudio,Asian (East),men,00028.mp4,RealVideo-RealAudio/Asian (East)/men/id00056,RealVideo-RealAudio/Asian (East)/men/id00056/00028.mp4,/Users/jeevikakiran/Documents/USC/Multimodal/Project/FakeAVCeleb_v1.2/FakeAVCeleb_v1.2/RealVideo-RealAudio/Asian (East)/men/id00056/00028.mp4,1,0,0,0,REAL,val
id01175__00025__ac81da8440,id01175,-,-,real,A,RealVideo-RealAudio,Caucasian (American),men,00025.mp4,RealVideo-RealAudio/Caucasian (American)/men/id01175,RealVideo-RealAudio/Caucasian (American)/men/id01175/00025.mp4,/Users/jeevikakiran/Documents/USC/Multimodal/Project/FakeAVCeleb_v1.2/FakeAVCeleb_v1.2/RealVideo-RealAudio/Caucasian (American)/men/id01175/00025.mp4,1,0,0,0,REAL,val
id01544__00044__24f628daa6,id01544,-,-,real,A,RealVideo-RealAudio,African,men,00044.mp4,RealVideo-RealAudio/African/men/id01544,RealVideo-RealAudio/African/men/id01544/00044.mp4,/Users/jeevikakiran/Documents/USC/Multimodal/Project/FakeAVCeleb_v1.2/FakeAVCeleb_v1.2/RealVideo-RealAudio/African/men/id01544/00044.mp4,1,0,0,0,REAL,train
id06054__00010_fake__cebb25b63a,id06054,fake.mp4,-,rtvc,B,RealVideo-FakeAudio,Asian (East),women,00010_fake.mp4,RealVideo-FakeAudio/Asian (East)/women/id06054,RealVideo-FakeAudio/Asian (East)/women/id06054/00010_fake.mp4,/Users/jeevikakiran/Documents/USC/Multimodal/Project/FakeAVCeleb_v1.2/FakeAVCeleb_v1.2/RealVideo-FakeAudio/Asian (East)/women/id06054/00010_fake.mp4,1,0,1,1,FAKE,train
id05383__00015__a4c1b87b64,id05383,-,-,real,A,RealVideo-RealAudio,Asian (East),men,00015.mp4,RealVideo-RealAudio/Asian (East)/men/id05383,RealVideo-RealAudio/Asian (East)/men/id05383/00015.mp4,/Users/jeevikakiran/Documents/USC/Multimodal/Project/FakeAVCeleb_v1.2/FakeAVCeleb_v1.2/RealVideo-RealAudio/Asian (East)/men/id05383/00015.mp4,1,0,0,0,REAL,val
id06445__00150__85a65a1a97,id06445,-,-,real,A,RealVideo-RealAudio,Asian (South),women,00150.mp4,RealVideo-RealAudio/Asian (South)/women/id06445,RealVideo-RealAudio/Asian (South)/women/id06445/00150.mp4,/Users/jeevikakiran/Documents/USC/Multimodal/Project/FakeAVCeleb_v1.2/FakeAVCeleb_v1.2/RealVideo-RealAudio/Asian (South)/women/id06445/00150.mp4,1,0,0,0,REAL,train
id00029__00288_id00018_wavtolip__bcc268f304,id00029,id00018,-,wav2lip,C,FakeVideo-RealAudio,Caucasian (American),men,00288_id00018_wavtolip.mp4,FakeVideo-RealAudio/Caucasian (American)/men/id00029,FakeVideo-RealAudio/Caucasian (American)/men/id00029/00288_id00018_wavtolip.mp4,/Users/jeevikakiran/Documents/USC/Multimodal/Project/FakeAVCeleb_v1.2/FakeAVCeleb_v1.2/FakeVideo-RealAudio/Caucasian (American)/men/id00029/00288_id00018_wavtolip.mp4,1,1,0,1,FAKE,train
id00591__00001__54e7f1c4b2,id00591,-,-,real,A,RealVideo-RealAudio,Caucasian (European),women,00001.mp4,RealVideo-RealAudio/Caucasian (European)/women/id00591,RealVideo-RealAudio/Caucasian (European)/women/id00591/00001.mp4,/Users/jeevikakiran/Documents/USC/Multimodal/Project/FakeAVCeleb_v1.2/FakeAVCeleb_v1.2/RealVideo-RealAudio/Caucasian (European)/women/id00591/00001.mp4,1,0,0,0,REAL,train
id07799__00063__c1be8ffcf4,id07799,-,-,real,A,RealVideo-RealAudio,Asian (East),women,00063.mp4,RealVideo-RealAudio/Asian (East)/women/id07799,RealVideo-RealAudio/Asian (East)/women/id07799/00063.mp4,/Users/jeevikakiran/Documents/USC/Multimodal/Project/FakeAVCeleb_v1.2/FakeAVCeleb_v1.2/RealVideo-RealAudio/Asian (East)/women/id07799/00063.mp4,1,0,0,0,REAL,train
id03599__00072__cffab0cce2,id03599,-,-,real,A,RealVideo-RealAudio,Asian (South),men,00072.mp4,RealVideo-RealAudio/Asian (South)/men/id03599,RealVideo-RealAudio/Asian (South)/men/id03599/00072.mp4,/Users/jeevikakiran/Documents/USC/Multimodal/Project/FakeAVCeleb_v1.2/FakeAVCeleb_v1.2/RealVideo-RealAudio/Asian (South)/men/id03599/00072.mp4,1,0,0,0,REAL,train
id00306__00015_id01154_tvmocag4a4w__2046411a5f,id00306,id01154,-,fsgan,C,FakeVideo-RealAudio,Caucasian (European),men,00015_id01154_tvmOcaG4A4w.mp4,FakeVideo-RealAudio/Caucasian (European)/men/id00306,FakeVideo-RealAudio/Caucasian (European)/men/id00306/00015_id01154_tvmOcaG4A4w.mp4,/Users/jeevikakiran/Documents/USC/Multimodal/Project/FakeAVCeleb_v1.2/FakeAVCeleb_v1.2/FakeVideo-RealAudio/Caucasian (European)/men/id00306/00015_id01154_tvmOcaG4A4w.mp4,1,1,0,1,FAKE,train
id03589__00002__bc1a3020a5,id03589,-,-,real,A,RealVideo-RealAudio,Caucasian (European),women,00002.mp4,RealVideo-RealAudio/Caucasian (European)/women/id03589,RealVideo-RealAudio/Caucasian (European)/women/id03589/00002.mp4,/Users/jeevikakiran/Documents/USC/Multimodal/Project/FakeAVCeleb_v1.2/FakeAVCeleb_v1.2/RealVideo-RealAudio/Caucasian (European)/women/id03589/00002.mp4,1,0,0,0,REAL,train
id02071__00195_id02617_4ezjrxc4flk_id02721_wavtolip__56c90bbd1a,id02071,id02617,id02721,fsgan-wav2lip,D,FakeVideo-FakeAudio,African,women,00195_id02617_4EZjRXC4fLk_id02721_wavtolip.mp4,FakeVideo-FakeAudio/African/women/id02071,FakeVideo-FakeAudio/African/women/id02071/00195_id02617_4EZjRXC4fLk_id02721_wavtolip.mp4,/Users/jeevikakiran/Documents/USC/Multimodal/Project/FakeAVCeleb_v1.2/FakeAVCeleb_v1.2/FakeVideo-FakeAudio/African/women/id02071/00195_id02617_4EZjRXC4fLk_id02721_wavtolip.mp4,1,1,1,1,FAKE,train
id07686__00254__abb4900acb,id07686,-,-,real,A,RealVideo-RealAudio,Asian (South),women,00254.mp4,RealVideo-RealAudio/Asian (South)/women/id07686,RealVideo-RealAudio/Asian (South)/women/id07686/00254.mp4,/Users/jeevikakiran/Documents/USC/Multimodal/Project/FakeAVCeleb_v1.2/FakeAVCeleb_v1.2/RealVideo-RealAudio/Asian (South)/women/id07686/00254.mp4,1,0,0,0,REAL,train
id01210__00283__8785614d72,id01210,-,-,real,A,RealVideo-RealAudio,Caucasian (American),men,00283.mp4,RealVideo-RealAudio/Caucasian (American)/men/id01210,RealVideo-RealAudio/Caucasian (American)/men/id01210/00283.mp4,/Users/jeevikakiran/Documents/USC/Multimodal/Project/FakeAVCeleb_v1.2/FakeAVCeleb_v1.2/RealVideo-RealAudio/Caucasian (American)/men/id01210/00283.mp4,1,0,0,0,REAL,val
id01661__00059__b453863459,id01661,-,-,real,A,RealVideo-RealAudio,African,women,00059.mp4,RealVideo-RealAudio/African/women/id01661,RealVideo-RealAudio/African/women/id01661/00059.mp4,/Users/jeevikakiran/Documents/USC/Multimodal/Project/FakeAVCeleb_v1.2/FakeAVCeleb_v1.2/RealVideo-RealAudio/African/women/id01661/00059.mp4,1,0,0,0,REAL,train
id04564__00417__23d79c0e41,id04564,-,-,real,A,RealVideo-RealAudio,Asian (South),women,00417.mp4,RealVideo-RealAudio/Asian (South)/women/id04564,RealVideo-RealAudio/Asian (South)/women/id04564/00417.mp4,/Users/jeevikakiran/Documents/USC/Multimodal/Project/FakeAVCeleb_v1.2/FakeAVCeleb_v1.2/RealVideo-RealAudio/Asian (South)/women/id04564/00417.mp4,1,0,0,0,REAL,train
id00775__00092_id00049_s_ehtuf_mqy_faceswap_id01096_wavtolip__648f5692ff,id00775,id00049,EHTUF-mQY,faceswap-wav2lip,D,FakeVideo-FakeAudio,Caucasian (American),men,00092_id00049_S_EHTUF-mQY_faceswap_id01096_wavtolip.mp4,FakeVideo-FakeAudio/Caucasian (American)/men/id00775,FakeVideo-FakeAudio/Caucasian (American)/men/id00775/00092_id00049_S_EHTUF-mQY_faceswap_id01096_wavtolip.mp4,/Users/jeevikakiran/Documents/USC/Multimodal/Project/FakeAVCeleb_v1.2/FakeAVCeleb_v1.2/FakeVideo-FakeAudio/Caucasian (American)/men/id00775/00092_id00049_S_EHTUF-mQY_faceswap_id01096_wavtolip.mp4,1,1,1,1,FAKE,val
id01096__00037__f3d4b76f70,id01096,-,-,real,A,RealVideo-RealAudio,Caucasian (American),men,00037.mp4,RealVideo-RealAudio/Caucasian (American)/men/id01096,RealVideo-RealAudio/Caucasian (American)/men/id01096/00037.mp4,/Users/jeevikakiran/Documents/USC/Multimodal/Project/FakeAVCeleb_v1.2/FakeAVCeleb_v1.2/RealVideo-RealAudio/Caucasian (American)/men/id01096/00037.mp4,1,0,0,0,REAL,train
id08402__00092_fake__a6556c2ab1,id08402,fake.mp4,-,rtvc,B,RealVideo-FakeAudio,Asian (East),women,00092_fake.mp4,RealVideo-FakeAudio/Asian (East)/women/id08402,RealVideo-FakeAudio/Asian (East)/women/id08402/00092_fake.mp4,/Users/jeevikakiran/Documents/USC/Multimodal/Project/FakeAVCeleb_v1.2/FakeAVCeleb_v1.2/RealVideo-FakeAudio/Asian (East)/women/id08402/00092_fake.mp4,1,0,1,1,FAKE,train
id03605__00048_id01004_867wlj7gw68_id00841_wavtolip__6a6670e4e4,id03605,id01004,id00841,fsgan-wav2lip,D,FakeVideo-FakeAudio,Caucasian (American),women,00048_id01004_867Wlj7Gw68_id00841_wavtolip.mp4,FakeVideo-FakeAudio/Caucasian (American)/women/id03605,FakeVideo-FakeAudio/Caucasian (American)/women/id03605/00048_id01004_867Wlj7Gw68_id00841_wavtolip.mp4,/Users/jeevikakiran/Documents/USC/Multimodal/Project/FakeAVCeleb_v1.2/FakeAVCeleb_v1.2/FakeVideo-FakeAudio/Caucasian (American)/women/id03605/00048_id01004_867Wlj7Gw68_id00841_wavtolip.mp4,1,1,1,1,FAKE,train
id00740__00015_fake__e53f2b2868,id00740,fake.mp4,-,rtvc,B,RealVideo-FakeAudio,Asian (East),men,00015_fake.mp4,RealVideo-FakeAudio/Asian (East)/men/id00740,RealVideo-FakeAudio/Asian (East)/men/id00740/00015_fake.mp4,/Users/jeevikakiran/Documents/USC/Multimodal/Project/FakeAVCeleb_v1.2/FakeAVCeleb_v1.2/RealVideo-FakeAudio/Asian (East)/men/id00740/00015_fake.mp4,1,0,1,1,FAKE,train
id00491__00122_fake__83fa7dc1f1,id00491,fake.mp4,-,rtvc,B,RealVideo-FakeAudio,Caucasian (European),women,00122_fake.mp4,RealVideo-FakeAudio/Caucasian (European)/women/id00491,RealVideo-FakeAudio/Caucasian (European)/women/id00491/00122_fake.mp4,/Users/jeevikakiran/Documents/USC/Multimodal/Project/FakeAVCeleb_v1.2/FakeAVCeleb_v1.2/RealVideo-FakeAudio/Caucasian (European)/women/id00491/00122_fake.mp4,1,0,1,1,FAKE,train
id01838__00126__bbc416adf4,id01838,-,-,real,A,RealVideo-RealAudio,African,women,00126.mp4,RealVideo-RealAudio/African/women/id01838,RealVideo-RealAudio/African/women/id01838/00126.mp4,/Users/jeevikakiran/Documents/USC/Multimodal/Project/FakeAVCeleb_v1.2/FakeAVCeleb_v1.2/RealVideo-RealAudio/African/women/id01838/00126.mp4,1,0,0,0,REAL,train
id06427__00138_id00137_l22rc38u5ba__7e9e25edbc,id06427,id00137,-,fsgan,C,FakeVideo-RealAudio,Asian (East),women,00138_id00137_L22Rc38U5BA.mp4,FakeVideo-RealAudio/Asian (East)/women/id06427,FakeVideo-RealAudio/Asian (East)/women/id06427/00138_id00137_L22Rc38U5BA.mp4,/Users/jeevikakiran/Documents/USC/Multimodal/Project/FakeAVCeleb_v1.2/FakeAVCeleb_v1.2/FakeVideo-RealAudio/Asian (East)/women/id06427/00138_id00137_L22Rc38U5BA.mp4,1,1,0,1,FAKE,train
id00987__00160__c61a7edee4,id00987,-,-,real,A,RealVideo-RealAudio,African,men,00160.mp4,RealVideo-RealAudio/African/men/id00987,RealVideo-RealAudio/African/men/id00987/00160.mp4,/Users/jeevikakiran/Documents/USC/Multimodal/Project/FakeAVCeleb_v1.2/FakeAVCeleb_v1.2/RealVideo-RealAudio/African/men/id00987/00160.mp4,1,0,0,0,REAL,train
id00190__00072__efbdc972c0,id00190,-,-,real,A,RealVideo-RealAudio,Caucasian (American),women,00072.mp4,RealVideo-RealAudio/Caucasian (American)/women/id00190,RealVideo-RealAudio/Caucasian (American)/women/id00190/00072.mp4,/Users/jeevikakiran/Documents/USC/Multimodal/Project/FakeAVCeleb_v1.2/FakeAVCeleb_v1.2/RealVideo-RealAudio/Caucasian (American)/women/id00190/00072.mp4,1,0,0,0,REAL,train
id01995__00071__f9664af39f,id01995,-,-,real,A,RealVideo-RealAudio,African,men,00071.mp4,RealVideo-RealAudio/African/men/id01995,RealVideo-RealAudio/African/men/id01995/00071.mp4,/Users/jeevikakiran/Documents/USC/Multimodal/Project/FakeAVCeleb_v1.2/FakeAVCeleb_v1.2/RealVideo-RealAudio/African/men/id01995/00071.mp4,1,0,0,0,REAL,train
id07049__00043__30e2bb7908,id07049,-,-,real,A,RealVideo-RealAudio,Asian (South),women,00043.mp4,RealVideo-RealAudio/Asian (South)/women/id07049,RealVideo-RealAudio/Asian (South)/women/id07049/00043.mp4,/Users/jeevikakiran/Documents/USC/Multimodal/Project/FakeAVCeleb_v1.2/FakeAVCeleb_v1.2/RealVideo-RealAudio/Asian (South)/women/id07049/00043.mp4,1,0,0,0,REAL,val
id00633__00088__869581a768,id00633,-,-,real,A,RealVideo-RealAudio,Caucasian (European),women,00088.mp4,RealVideo-RealAudio/Caucasian (European)/women/id00633,RealVideo-RealAudio/Caucasian (European)/women/id00633/00088.mp4,/Users/jeevikakiran/Documents/USC/Multimodal/Project/FakeAVCeleb_v1.2/FakeAVCeleb_v1.2/RealVideo-RealAudio/Caucasian (European)/women/id00633/00088.mp4,1,0,0,0,REAL,train
id01225__00300__7444ba7639,id01225,-,-,real,A,RealVideo-RealAudio,Caucasian (American),women,00300.mp4,RealVideo-RealAudio/Caucasian (American)/women/id01225,RealVideo-RealAudio/Caucasian (American)/women/id01225/00300.mp4,/Users/jeevikakiran/Documents/USC/Multimodal/Project/FakeAVCeleb_v1.2/FakeAVCeleb_v1.2/RealVideo-RealAudio/Caucasian (American)/women/id01225/00300.mp4,1,0,0,0,REAL,train
id00042__00028_id01002_eqtvihjyiso__9546981fe1,id00042,id01002,-,fsgan,C,FakeVideo-RealAudio,Caucasian (European),women,00028_id01002_eQTviHjyISo.mp4,FakeVideo-RealAudio/Caucasian (European)/women/id00042,FakeVideo-RealAudio/Caucasian (European)/women/id00042/00028_id01002_eQTviHjyISo.mp4,/Users/jeevikakiran/Documents/USC/Multimodal/Project/FakeAVCeleb_v1.2/FakeAVCeleb_v1.2/FakeVideo-RealAudio/Caucasian (European)/women/id00042/00028_id01002_eQTviHjyISo.mp4,1,1,0,1,FAKE,train
id03028__00466__dfb03845a2,id03028,-,-,real,A,RealVideo-RealAudio,Asian (East),men,00466.mp4,RealVideo-RealAudio/Asian (East)/men/id03028,RealVideo-RealAudio/Asian (East)/men/id03028/00466.mp4,/Users/jeevikakiran/Documents/USC/Multimodal/Project/FakeAVCeleb_v1.2/FakeAVCeleb_v1.2/RealVideo-RealAudio/Asian (East)/men/id03028/00466.mp4,1,0,0,0,REAL,train
id00126__00173_id04774_wavtolip__af863ff294,id00126,id04774,-,wav2lip,C,FakeVideo-RealAudio,Asian (East),men,00173_id04774_wavtolip.mp4,FakeVideo-RealAudio/Asian (East)/men/id00126,FakeVideo-RealAudio/Asian (East)/men/id00126/00173_id04774_wavtolip.mp4,/Users/jeevikakiran/Documents/USC/Multimodal/Project/FakeAVCeleb_v1.2/FakeAVCeleb_v1.2/FakeVideo-RealAudio/Asian (East)/men/id00126/00173_id04774_wavtolip.mp4,1,1,0,1,FAKE,train
id00371__00099__6148e34b17,id00371,-,-,real,A,RealVideo-RealAudio,African,women,00099.mp4,RealVideo-RealAudio/African/women/id00371,RealVideo-RealAudio/African/women/id00371/00099.mp4,/Users/jeevikakiran/Documents/USC/Multimodal/Project/FakeAVCeleb_v1.2/FakeAVCeleb_v1.2/RealVideo-RealAudio/African/women/id00371/00099.mp4,1,0,0,0,REAL,val
id07768__00143_fake__fd4e1df126,id07768,fake.mp4,-,rtvc,B,RealVideo-FakeAudio,Asian (South),men,00143_fake.mp4,RealVideo-FakeAudio/Asian (South)/men/id07768,RealVideo-FakeAudio/Asian (South)/men/id07768/00143_fake.mp4,/Users/jeevikakiran/Documents/USC/Multimodal/Project/FakeAVCeleb_v1.2/FakeAVCeleb_v1.2/RealVideo-FakeAudio/Asian (South)/men/id07768/00143_fake.mp4,1,0,1,1,FAKE,train
id01051__00322__7758047fb5,id01051,-,-,real,A,RealVideo-RealAudio,Caucasian (European),men,00322.mp4,RealVideo-RealAudio/Caucasian (European)/men/id01051,RealVideo-RealAudio/Caucasian (European)/men/id01051/00322.mp4,/Users/jeevikakiran/Documents/USC/Multimodal/Project/FakeAVCeleb_v1.2/FakeAVCeleb_v1.2/RealVideo-RealAudio/Caucasian (European)/men/id01051/00322.mp4,1,0,0,0,REAL,train
id04583__00077_id07008_wavtolip__6807a75274,id04583,id07008,-,wav2lip,C,FakeVideo-RealAudio,Asian (South),women,00077_id07008_wavtolip.mp4,FakeVideo-RealAudio/Asian (South)/women/id04583,FakeVideo-RealAudio/Asian (South)/women/id04583/00077_id07008_wavtolip.mp4,/Users/jeevikakiran/Documents/USC/Multimodal/Project/FakeAVCeleb_v1.2/FakeAVCeleb_v1.2/FakeVideo-RealAudio/Asian (South)/women/id04583/00077_id07008_wavtolip.mp4,1,1,0,1,FAKE,train
id04057__00015_id01451_vdijbjp23fc__19c3b756fd,id04057,id01451,-,fsgan,C,FakeVideo-RealAudio,Asian (East),women,00015_id01451_VdiJbjp23Fc.mp4,FakeVideo-RealAudio/Asian (East)/women/id04057,FakeVideo-RealAudio/Asian (East)/women/id04057/00015_id01451_VdiJbjp23Fc.mp4,/Users/jeevikakiran/Documents/USC/Multimodal/Project/FakeAVCeleb_v1.2/FakeAVCeleb_v1.2/FakeVideo-RealAudio/Asian (East)/women/id04057/00015_id01451_VdiJbjp23Fc.mp4,1,1,0,1,FAKE,train
id01124__00063_id04219_9llhvp_jydg__5afdcb9ab2,id01124,id04219,-,fsgan,C,FakeVideo-RealAudio,Caucasian (American),men,00063_id04219_9llHvP-jYDg.mp4,FakeVideo-RealAudio/Caucasian (American)/men/id01124,FakeVideo-RealAudio/Caucasian (American)/men/id01124/00063_id04219_9llHvP-jYDg.mp4,/Users/jeevikakiran/Documents/USC/Multimodal/Project/FakeAVCeleb_v1.2/FakeAVCeleb_v1.2/FakeVideo-RealAudio/Caucasian (American)/men/id01124/00063_id04219_9llHvP-jYDg.mp4,1,1,0,1,FAKE,train
id09125__00098__0c62104148,id09125,-,-,real,A,RealVideo-RealAudio,Asian (East),women,00098.mp4,RealVideo-RealAudio/Asian (East)/women/id09125,RealVideo-RealAudio/Asian (East)/women/id09125/00098.mp4,/Users/jeevikakiran/Documents/USC/Multimodal/Project/FakeAVCeleb_v1.2/FakeAVCeleb_v1.2/RealVideo-RealAudio/Asian (East)/women/id09125/00098.mp4,1,0,0,0,REAL,train
id05252__00052_id05251_wavtolip__aa7ec32411,id05252,id05251,-,wav2lip,C,FakeVideo-RealAudio,African,women,00052_id05251_wavtolip.mp4,FakeVideo-RealAudio/African/women/id05252,FakeVideo-RealAudio/African/women/id05252/00052_id05251_wavtolip.mp4,/Users/jeevikakiran/Documents/USC/Multimodal/Project/FakeAVCeleb_v1.2/FakeAVCeleb_v1.2/FakeVideo-RealAudio/African/women/id05252/00052_id05251_wavtolip.mp4,1,1,0,1,FAKE,val
id00363__00014__e41a7065a6,id00363,-,-,real,A,RealVideo-RealAudio,Asian (East),women,00014.mp4,RealVideo-RealAudio/Asian (East)/women/id00363,RealVideo-RealAudio/Asian (East)/women/id00363/00014.mp4,/Users/jeevikakiran/Documents/USC/Multimodal/Project/FakeAVCeleb_v1.2/FakeAVCeleb_v1.2/RealVideo-RealAudio/Asian (East)/women/id00363/00014.mp4,1,0,0,0,REAL,train
id00945__00107_id01105_wavtolip__e7e6b24c91,id00945,id01105,-,wav2lip,C,FakeVideo-RealAudio,Caucasian (American),men,00107_id01105_wavtolip.mp4,FakeVideo-RealAudio/Caucasian (American)/men/id00945,FakeVideo-RealAudio/Caucasian (American)/men/id00945/00107_id01105_wavtolip.mp4,/Users/jeevikakiran/Documents/USC/Multimodal/Project/FakeAVCeleb_v1.2/FakeAVCeleb_v1.2/FakeVideo-RealAudio/Caucasian (American)/men/id00945/00107_id01105_wavtolip.mp4,1,1,0,1,FAKE,train
id02310__00139__bcb53bf6d3,id02310,-,-,real,A,RealVideo-RealAudio,Asian (South),women,00139.mp4,RealVideo-RealAudio/Asian (South)/women/id02310,RealVideo-RealAudio/Asian (South)/women/id02310/00139.mp4,/Users/jeevikakiran/Documents/USC/Multimodal/Project/FakeAVCeleb_v1.2/FakeAVCeleb_v1.2/RealVideo-RealAudio/Asian (South)/women/id02310/00139.mp4,1,0,0,0,REAL,train
id00461__00043__0b552d7047,id00461,-,-,real,A,RealVideo-RealAudio,Asian (South),women,00043.mp4,RealVideo-RealAudio/Asian (South)/women/id00461,RealVideo-RealAudio/Asian (South)/women/id00461/00043.mp4,/Users/jeevikakiran/Documents/USC/Multimodal/Project/FakeAVCeleb_v1.2/FakeAVCeleb_v1.2/RealVideo-RealAudio/Asian (South)/women/id00461/00043.mp4,1,0,0,0,REAL,train
id01211__00023_fake__9fbf2a5902,id01211,fake.mp4,-,rtvc,B,RealVideo-FakeAudio,Caucasian (American),men,00023_fake.mp4,RealVideo-FakeAudio/Caucasian (American)/men/id01211,RealVideo-FakeAudio/Caucasian (American)/men/id01211/00023_fake.mp4,/Users/jeevikakiran/Documents/USC/Multimodal/Project/FakeAVCeleb_v1.2/FakeAVCeleb_v1.2/RealVideo-FakeAudio/Caucasian (American)/men/id01211/00023_fake.mp4,1,0,1,1,FAKE,train
id00287__00005_id01002_eqtvihjyiso__a201ff4cc6,id00287,id01002,-,fsgan,C,FakeVideo-RealAudio,Caucasian (European),women,00005_id01002_eQTviHjyISo.mp4,FakeVideo-RealAudio/Caucasian (European)/women/id00287,FakeVideo-RealAudio/Caucasian (European)/women/id00287/00005_id01002_eQTviHjyISo.mp4,/Users/jeevikakiran/Documents/USC/Multimodal/Project/FakeAVCeleb_v1.2/FakeAVCeleb_v1.2/FakeVideo-RealAudio/Caucasian (European)/women/id00287/00005_id01002_eQTviHjyISo.mp4,1,1,0,1,FAKE,train
id00417__00069_fake__4a9955d5e1,id00417,fake.mp4,-,rtvc,B,RealVideo-FakeAudio,Asian (South),women,00069_fake.mp4,RealVideo-FakeAudio/Asian (South)/women/id00417,RealVideo-FakeAudio/Asian (South)/women/id00417/00069_fake.mp4,/Users/jeevikakiran/Documents/USC/Multimodal/Project/FakeAVCeleb_v1.2/FakeAVCeleb_v1.2/RealVideo-FakeAudio/Asian (South)/women/id00417/00069_fake.mp4,1,0,1,1,FAKE,train
id04701__00017__5a4aa15093,id04701,-,-,real,A,RealVideo-RealAudio,Asian (East),women,00017.mp4,RealVideo-RealAudio/Asian (East)/women/id04701,RealVideo-RealAudio/Asian (East)/women/id04701/00017.mp4,/Users/jeevikakiran/Documents/USC/Multimodal/Project/FakeAVCeleb_v1.2/FakeAVCeleb_v1.2/RealVideo-RealAudio/Asian (East)/women/id04701/00017.mp4,1,0,0,0,REAL,val
id00126__00173__3cae91d73d,id00126,-,-,real,A,RealVideo-RealAudio,Asian (East),men,00173.mp4,RealVideo-RealAudio/Asian (East)/men/id00126,RealVideo-RealAudio/Asian (East)/men/id00126/00173.mp4,/Users/jeevikakiran/Documents/USC/Multimodal/Project/FakeAVCeleb_v1.2/FakeAVCeleb_v1.2/RealVideo-RealAudio/Asian (East)/men/id00126/00173.mp4,1,0,0,0,REAL,train
id00381__00030__3fd6dd23ac,id00381,-,-,real,A,RealVideo-RealAudio,Caucasian (American),women,00030.mp4,RealVideo-RealAudio/Caucasian (American)/women/id00381,RealVideo-RealAudio/Caucasian (American)/women/id00381/00030.mp4,/Users/jeevikakiran/Documents/USC/Multimodal/Project/FakeAVCeleb_v1.2/FakeAVCeleb_v1.2/RealVideo-RealAudio/Caucasian (American)/women/id00381/00030.mp4,1,0,0,0,REAL,train
id00366__00118_id01637_5vjcpzm8knm_id01835_wavtolip__eab6c6aadf,id00366,id01637,id01835,fsgan-wav2lip,D,FakeVideo-FakeAudio,African,men,00118_id01637_5VjcPZm8knM_id01835_wavtolip.mp4,FakeVideo-FakeAudio/African/men/id00366,FakeVideo-FakeAudio/African/men/id00366/00118_id01637_5VjcPZm8knM_id01835_wavtolip.mp4,/Users/jeevikakiran/Documents/USC/Multimodal/Project/FakeAVCeleb_v1.2/FakeAVCeleb_v1.2/FakeVideo-FakeAudio/African/men/id00366/00118_id01637_5VjcPZm8knM_id01835_wavtolip.mp4,1,1,1,1,FAKE,val
id02838__00080_id00592_wavtolip__00011adc24,id02838,id00592,-,wav2lip,C,FakeVideo-RealAudio,African,women,00080_id00592_wavtolip.mp4,FakeVideo-RealAudio/African/women/id02838,FakeVideo-RealAudio/African/women/id02838/00080_id00592_wavtolip.mp4,/Users/jeevikakiran/Documents/USC/Multimodal/Project/FakeAVCeleb_v1.2/FakeAVCeleb_v1.2/FakeVideo-RealAudio/African/women/id02838/00080_id00592_wavtolip.mp4,1,1,0,1,FAKE,train
id00033__00276__9f82503707,id00033,-,-,real,A,RealVideo-RealAudio,Asian (South),men,00276.mp4,RealVideo-RealAudio/Asian (South)/men/id00033,RealVideo-RealAudio/Asian (South)/men/id00033/00276.mp4,/Users/jeevikakiran/Documents/USC/Multimodal/Project/FakeAVCeleb_v1.2/FakeAVCeleb_v1.2/RealVideo-RealAudio/Asian (South)/men/id00033/00276.mp4,1,0,0,0,REAL,train
id03668__00143_id01172_wavtolip__8cdb2e328a,id03668,id01172,-,wav2lip,C,FakeVideo-RealAudio,Caucasian (American),men,00143_id01172_wavtolip.mp4,FakeVideo-RealAudio/Caucasian (American)/men/id03668,FakeVideo-RealAudio/Caucasian (American)/men/id03668/00143_id01172_wavtolip.mp4,/Users/jeevikakiran/Documents/USC/Multimodal/Project/FakeAVCeleb_v1.2/FakeAVCeleb_v1.2/FakeVideo-RealAudio/Caucasian (American)/men/id03668/00143_id01172_wavtolip.mp4,1,1,0,1,FAKE,train
id05435__00107__b1310dbe65,id05435,-,-,real,A,RealVideo-RealAudio,Asian (South),women,00107.mp4,RealVideo-RealAudio/Asian (South)/women/id05435,RealVideo-RealAudio/Asian (South)/women/id05435/00107.mp4,/Users/jeevikakiran/Documents/USC/Multimodal/Project/FakeAVCeleb_v1.2/FakeAVCeleb_v1.2/RealVideo-RealAudio/Asian (South)/women/id05435/00107.mp4,1,0,0,0,REAL,train
id00739__00005_id00417_ghizam3v09g__b9d171e535,id00739,id00417,-,fsgan,C,FakeVideo-RealAudio,Asian (South),women,00005_id00417_GhIZam3v09g.mp4,FakeVideo-RealAudio/Asian (South)/women/id00739,FakeVideo-RealAudio/Asian (South)/women/id00739/00005_id00417_GhIZam3v09g.mp4,/Users/jeevikakiran/Documents/USC/Multimodal/Project/FakeAVCeleb_v1.2/FakeAVCeleb_v1.2/FakeVideo-RealAudio/Asian (South)/women/id00739/00005_id00417_GhIZam3v09g.mp4,1,1,0,1,FAKE,train
id00857__00347_id04928_wavtolip__5e1e54c72f,id00857,id04928,-,wav2lip,C,FakeVideo-RealAudio,Asian (South),men,00347_id04928_wavtolip.mp4,FakeVideo-RealAudio/Asian (South)/men/id00857,FakeVideo-RealAudio/Asian (South)/men/id00857/00347_id04928_wavtolip.mp4,/Users/jeevikakiran/Documents/USC/Multimodal/Project/FakeAVCeleb_v1.2/FakeAVCeleb_v1.2/FakeVideo-RealAudio/Asian (South)/men/id00857/00347_id04928_wavtolip.mp4,1,1,0,1,FAKE,train
id00052__00015__139c21e4cc,id00052,-,-,real,A,RealVideo-RealAudio,Caucasian (American),men,00015.mp4,RealVideo-RealAudio/Caucasian (American)/men/id00052,RealVideo-RealAudio/Caucasian (American)/men/id00052/00015.mp4,/Users/jeevikakiran/Documents/USC/Multimodal/Project/FakeAVCeleb_v1.2/FakeAVCeleb_v1.2/RealVideo-RealAudio/Caucasian (American)/men/id00052/00015.mp4,1,0,0,0,REAL,train
id04561__00248_id07768_wavtolip__e957345c2b,id04561,id07768,-,wav2lip,D,FakeVideo-FakeAudio,Asian (South),men,00248_id07768_wavtolip.mp4,FakeVideo-FakeAudio/Asian (South)/men/id04561,FakeVideo-FakeAudio/Asian (South)/men/id04561/00248_id07768_wavtolip.mp4,/Users/jeevikakiran/Documents/USC/Multimodal/Project/FakeAVCeleb_v1.2/FakeAVCeleb_v1.2/FakeVideo-FakeAudio/Asian (South)/men/id04561/00248_id07768_wavtolip.mp4,1,1,1,1,FAKE,train
id01018__00072__1e258c26c1,id01018,-,-,real,A,RealVideo-RealAudio,Caucasian (European),women,00072.mp4,RealVideo-RealAudio/Caucasian (European)/women/id01018,RealVideo-RealAudio/Caucasian (European)/women/id01018/00072.mp4,/Users/jeevikakiran/Documents/USC/Multimodal/Project/FakeAVCeleb_v1.2/FakeAVCeleb_v1.2/RealVideo-RealAudio/Caucasian (European)/women/id01018/00072.mp4,1,0,0,0,REAL,train
id00166__00010__4076c671a8,id00166,-,-,real,A,RealVideo-RealAudio,African,men,00010.mp4,RealVideo-RealAudio/African/men/id00166,RealVideo-RealAudio/African/men/id00166/00010.mp4,/Users/jeevikakiran/Documents/USC/Multimodal/Project/FakeAVCeleb_v1.2/FakeAVCeleb_v1.2/RealVideo-RealAudio/African/men/id00166/00010.mp4,1,0,0,0,REAL,train
id01907__00148_fake__ec224b0fa0,id01907,fake.mp4,-,rtvc,B,RealVideo-FakeAudio,African,women,00148_fake.mp4,RealVideo-FakeAudio/African/women/id01907,RealVideo-FakeAudio/African/women/id01907/00148_fake.mp4,/Users/jeevikakiran/Documents/USC/Multimodal/Project/FakeAVCeleb_v1.2/FakeAVCeleb_v1.2/RealVideo-FakeAudio/African/women/id01907/00148_fake.mp4,1,0,1,1,FAKE,train
id00282__00268_fake__678687a51d,id00282,fake.mp4,-,rtvc,B,RealVideo-FakeAudio,Caucasian (European),men,00268_fake.mp4,RealVideo-FakeAudio/Caucasian (European)/men/id00282,RealVideo-FakeAudio/Caucasian (European)/men/id00282/00268_fake.mp4,/Users/jeevikakiran/Documents/USC/Multimodal/Project/FakeAVCeleb_v1.2/FakeAVCeleb_v1.2/RealVideo-FakeAudio/Caucasian (European)/men/id00282/00268_fake.mp4,1,0,1,1,FAKE,val
id03678__00078_id00345_wavtolip__2d37bac7c1,id03678,id00345,-,wav2lip,D,FakeVideo-FakeAudio,Caucasian (American),men,00078_id00345_wavtolip.mp4,FakeVideo-FakeAudio/Caucasian (American)/men/id03678,FakeVideo-FakeAudio/Caucasian (American)/men/id03678/00078_id00345_wavtolip.mp4,/Users/jeevikakiran/Documents/USC/Multimodal/Project/FakeAVCeleb_v1.2/FakeAVCeleb_v1.2/FakeVideo-FakeAudio/Caucasian (American)/men/id03678/00078_id00345_wavtolip.mp4,1,1,1,1,FAKE,train
id03713__00249__95a61f7b09,id03713,-,-,real,A,RealVideo-RealAudio,African,women,00249.mp4,RealVideo-RealAudio/African/women/id03713,RealVideo-RealAudio/African/women/id03713/00249.mp4,/Users/jeevikakiran/Documents/USC/Multimodal/Project/FakeAVCeleb_v1.2/FakeAVCeleb_v1.2/RealVideo-RealAudio/African/women/id03713/00249.mp4,1,0,0,0,REAL,train
id00863__00069__aa11e452e5,id00863,-,-,real,A,RealVideo-RealAudio,Asian (East),men,00069.mp4,RealVideo-RealAudio/Asian (East)/men/id00863,RealVideo-RealAudio/Asian (East)/men/id00863/00069.mp4,/Users/jeevikakiran/Documents/USC/Multimodal/Project/FakeAVCeleb_v1.2/FakeAVCeleb_v1.2/RealVideo-RealAudio/Asian (East)/men/id00863/00069.mp4,1,0,0,0,REAL,train
id01779__00010__0e4c47fed4,id01779,-,-,real,A,RealVideo-RealAudio,African,men,00010.mp4,RealVideo-RealAudio/African/men/id01779,RealVideo-RealAudio/African/men/id01779/00010.mp4,/Users/jeevikakiran/Documents/USC/Multimodal/Project/FakeAVCeleb_v1.2/FakeAVCeleb_v1.2/RealVideo-RealAudio/African/men/id01779/00010.mp4,1,0,0,0,REAL,train
id06388__00005_id01281_ojee5zgwesc_faceswap__bfc8c841a2,id06388,id01281,-,faceswap,C,FakeVideo-RealAudio,Asian (East),women,00005_id01281_ojEe5zGWESc_faceswap.mp4,FakeVideo-RealAudio/Asian (East)/women/id06388,FakeVideo-RealAudio/Asian (East)/women/id06388/00005_id01281_ojEe5zGWESc_faceswap.mp4,/Users/jeevikakiran/Documents/USC/Multimodal/Project/FakeAVCeleb_v1.2/FakeAVCeleb_v1.2/FakeVideo-RealAudio/Asian (East)/women/id06388/00005_id01281_ojEe5zGWESc_faceswap.mp4,1,1,0,1,FAKE,val
id00076__00109_9_id01528_wavtolip__61aefe5bce,id00076,9,-,faceswap-wav2lip,D,FakeVideo-FakeAudio,African,men,00109_9_id01528_wavtolip.mp4,FakeVideo-FakeAudio/African/men/id00076,FakeVideo-FakeAudio/African/men/id00076/00109_9_id01528_wavtolip.mp4,/Users/jeevikakiran/Documents/USC/Multimodal/Project/FakeAVCeleb_v1.2/FakeAVCeleb_v1.2/FakeVideo-FakeAudio/African/men/id00076/00109_9_id01528_wavtolip.mp4,1,1,1,1,FAKE,train
id04601__00118__eeb216ba80,id04601,-,-,real,A,RealVideo-RealAudio,Asian (South),men,00118.mp4,RealVideo-RealAudio/Asian (South)/men/id04601,RealVideo-RealAudio/Asian (South)/men/id04601/00118.mp4,/Users/jeevikakiran/Documents/USC/Multimodal/Project/FakeAVCeleb_v1.2/FakeAVCeleb_v1.2/RealVideo-RealAudio/Asian (South)/men/id04601/00118.mp4,1,0,0,0,REAL,train
id00417__00069__b04a239367,id00417,-,-,real,A,RealVideo-RealAudio,Asian (South),women,00069.mp4,RealVideo-RealAudio/Asian (South)/women/id00417,RealVideo-RealAudio/Asian (South)/women/id00417/00069.mp4,/Users/jeevikakiran/Documents/USC/Multimodal/Project/FakeAVCeleb_v1.2/FakeAVCeleb_v1.2/RealVideo-RealAudio/Asian (South)/women/id00417/00069.mp4,1,0,0,0,REAL,train
id00374__00311__21f956f055,id00374,-,-,real,A,RealVideo-RealAudio,Caucasian (European),women,00311.mp4,RealVideo-RealAudio/Caucasian (European)/women/id00374,RealVideo-RealAudio/Caucasian (European)/women/id00374/00311.mp4,/Users/jeevikakiran/Documents/USC/Multimodal/Project/FakeAVCeleb_v1.2/FakeAVCeleb_v1.2/RealVideo-RealAudio/Caucasian (European)/women/id00374/00311.mp4,1,0,0,0,REAL,val
id04736__00083__011ed50cd7,id04736,-,-,real,A,RealVideo-RealAudio,African,women,00083.mp4,RealVideo-RealAudio/African/women/id04736,RealVideo-RealAudio/African/women/id04736/00083.mp4,/Users/jeevikakiran/Documents/USC/Multimodal/Project/FakeAVCeleb_v1.2/FakeAVCeleb_v1.2/RealVideo-RealAudio/African/women/id04736/00083.mp4,1,0,0,0,REAL,train
id01058__00005__caa5bbd6b2,id01058,-,-,real,A,RealVideo-RealAudio,Caucasian (European),men,00005.mp4,RealVideo-RealAudio/Caucasian (European)/men/id01058,RealVideo-RealAudio/Caucasian (European)/men/id01058/00005.mp4,/Users/jeevikakiran/Documents/USC/Multimodal/Project/FakeAVCeleb_v1.2/FakeAVCeleb_v1.2/RealVideo-RealAudio/Caucasian (European)/men/id01058/00005.mp4,1,0,0,0,REAL,train
id01610__00090_fake__67c1a5784c,id01610,fake.mp4,-,rtvc,B,RealVideo-FakeAudio,African,men,00090_fake.mp4,RealVideo-FakeAudio/African/men/id01610,RealVideo-FakeAudio/African/men/id01610/00090_fake.mp4,/Users/jeevikakiran/Documents/USC/Multimodal/Project/FakeAVCeleb_v1.2/FakeAVCeleb_v1.2/RealVideo-FakeAudio/African/men/id01610/00090_fake.mp4,1,0,1,1,FAKE,train
id00166__00010_id01637_5vjcpzm8knm_faceswap_id00166_wavtolip__aa86dfcb8b,id00166,id01637,faceswap,faceswap-wav2lip,D,FakeVideo-FakeAudio,African,men,00010_id01637_5VjcPZm8knM_faceswap_id00166_wavtolip.mp4,FakeVideo-FakeAudio/African/men/id00166,FakeVideo-FakeAudio/African/men/id00166/00010_id01637_5VjcPZm8knM_faceswap_id00166_wavtolip.mp4,/Users/jeevikakiran/Documents/USC/Multimodal/Project/FakeAVCeleb_v1.2/FakeAVCeleb_v1.2/FakeVideo-FakeAudio/African/men/id00166/00010_id01637_5VjcPZm8knM_faceswap_id00166_wavtolip.mp4,1,1,1,1,FAKE,train
id01154__00118__abd3287c74,id01154,-,-,real,A,RealVideo-RealAudio,Caucasian (European),men,00118.mp4,RealVideo-RealAudio/Caucasian (European)/men/id01154,RealVideo-RealAudio/Caucasian (European)/men/id01154/00118.mp4,/Users/jeevikakiran/Documents/USC/Multimodal/Project/FakeAVCeleb_v1.2/FakeAVCeleb_v1.2/RealVideo-RealAudio/Caucasian (European)/men/id01154/00118.mp4,1,0,0,0,REAL,train
id01168__00028_id00943_lxsv2rnbga8__b5dd537e2b,id01168,id00943,-,fsgan,C,FakeVideo-RealAudio,Caucasian (American),men,00028_id00943_LxSv2rnBGA8.mp4,FakeVideo-RealAudio/Caucasian (American)/men/id01168,FakeVideo-RealAudio/Caucasian (American)/men/id01168/00028_id00943_LxSv2rnBGA8.mp4,/Users/jeevikakiran/Documents/USC/Multimodal/Project/FakeAVCeleb_v1.2/FakeAVCeleb_v1.2/FakeVideo-RealAudio/Caucasian (American)/men/id01168/00028_id00943_LxSv2rnBGA8.mp4,1,1,0,1,FAKE,train
id06807__00015__ac40199fb9,id06807,-,-,real,A,RealVideo-RealAudio,Asian (East),men,00015.mp4,RealVideo-RealAudio/Asian (East)/men/id06807,RealVideo-RealAudio/Asian (East)/men/id06807/00015.mp4,/Users/jeevikakiran/Documents/USC/Multimodal/Project/FakeAVCeleb_v1.2/FakeAVCeleb_v1.2/RealVideo-RealAudio/Asian (East)/men/id06807/00015.mp4,1,0,0,0,REAL,train
id00944__00135__14fb2956c7,id00944,-,-,real,A,RealVideo-RealAudio,African,men,00135.mp4,RealVideo-RealAudio/African/men/id00944,RealVideo-RealAudio/African/men/id00944/00135.mp4,/Users/jeevikakiran/Documents/USC/Multimodal/Project/FakeAVCeleb_v1.2/FakeAVCeleb_v1.2/RealVideo-RealAudio/African/men/id00944/00135.mp4,1,0,0,0,REAL,train
id00305__00113__f63c0236cb,id00305,-,-,real,A,RealVideo-RealAudio,Caucasian (European),men,00113.mp4,RealVideo-RealAudio/Caucasian (European)/men/id00305,RealVideo-RealAudio/Caucasian (European)/men/id00305/00113.mp4,/Users/jeevikakiran/Documents/USC/Multimodal/Project/FakeAVCeleb_v1.2/FakeAVCeleb_v1.2/RealVideo-RealAudio/Caucasian (European)/men/id00305/00113.mp4,1,0,0,0,REAL,train
id00100__00028_id00272_vly1bottbrm_id01248_wavtolip__17f86f397e,id00100,id00272,id01248,fsgan-wav2lip,D,FakeVideo-FakeAudio,Caucasian (American),women,00028_id00272_VLY1boTtbRM_id01248_wavtolip.mp4,FakeVideo-FakeAudio/Caucasian (American)/women/id00100,FakeVideo-FakeAudio/Caucasian (American)/women/id00100/00028_id00272_VLY1boTtbRM_id01248_wavtolip.mp4,/Users/jeevikakiran/Documents/USC/Multimodal/Project/FakeAVCeleb_v1.2/FakeAVCeleb_v1.2/FakeVideo-FakeAudio/Caucasian (American)/women/id00100/00028_id00272_VLY1boTtbRM_id01248_wavtolip.mp4,1,1,1,1,FAKE,train
id01001__00086__48d8bc18fa,id01001,-,-,real,A,RealVideo-RealAudio,Caucasian (European),women,00086.mp4,RealVideo-RealAudio/Caucasian (European)/women/id01001,RealVideo-RealAudio/Caucasian (European)/women/id01001/00086.mp4,/Users/jeevikakiran/Documents/USC/Multimodal/Project/FakeAVCeleb_v1.2/FakeAVCeleb_v1.2/RealVideo-RealAudio/Caucasian (European)/women/id01001/00086.mp4,1,0,0,0,REAL,train
id05844__00072__525897928a,id05844,-,-,real,A,RealVideo-RealAudio,Asian (East),women,00072.mp4,RealVideo-RealAudio/Asian (East)/women/id05844,RealVideo-RealAudio/Asian (East)/women/id05844/00072.mp4,/Users/jeevikakiran/Documents/USC/Multimodal/Project/FakeAVCeleb_v1.2/FakeAVCeleb_v1.2/RealVideo-RealAudio/Asian (East)/women/id05844/00072.mp4,1,0,0,0,REAL,train
id00428__00017__61e3c055ad,id00428,-,-,real,A,RealVideo-RealAudio,Caucasian (American),women,00017.mp4,RealVideo-RealAudio/Caucasian (American)/women/id00428,RealVideo-RealAudio/Caucasian (American)/women/id00428/00017.mp4,/Users/jeevikakiran/Documents/USC/Multimodal/Project/FakeAVCeleb_v1.2/FakeAVCeleb_v1.2/RealVideo-RealAudio/Caucasian (American)/women/id00428/00017.mp4,1,0,0,0,REAL,train
id04927__00013_fake__0b2a40ae4d,id04927,fake.mp4,-,rtvc,B,RealVideo-FakeAudio,Asian (South),women,00013_fake.mp4,RealVideo-FakeAudio/Asian (South)/women/id04927,RealVideo-FakeAudio/Asian (South)/women/id04927/00013_fake.mp4,/Users/jeevikakiran/Documents/USC/Multimodal/Project/FakeAVCeleb_v1.2/FakeAVCeleb_v1.2/RealVideo-FakeAudio/Asian (South)/women/id04927/00013_fake.mp4,1,0,1,1,FAKE,train
id00857__00347_fake__aff6dfabe8,id00857,fake.mp4,-,rtvc,B,RealVideo-FakeAudio,Asian (South),men,00347_fake.mp4,RealVideo-FakeAudio/Asian (South)/men/id00857,RealVideo-FakeAudio/Asian (South)/men/id00857/00347_fake.mp4,/Users/jeevikakiran/Documents/USC/Multimodal/Project/FakeAVCeleb_v1.2/FakeAVCeleb_v1.2/RealVideo-FakeAudio/Asian (South)/men/id00857/00347_fake.mp4,1,0,1,1,FAKE,val
id05931__00013_id02619_wavtolip__7ce6bacd8e,id05931,id02619,-,wav2lip,D,FakeVideo-FakeAudio,Asian (South),women,00013_id02619_wavtolip.mp4,FakeVideo-FakeAudio/Asian (South)/women/id05931,FakeVideo-FakeAudio/Asian (South)/women/id05931/00013_id02619_wavtolip.mp4,/Users/jeevikakiran/Documents/USC/Multimodal/Project/FakeAVCeleb_v1.2/FakeAVCeleb_v1.2/FakeVideo-FakeAudio/Asian (South)/women/id05931/00013_id02619_wavtolip.mp4,1,1,1,1,FAKE,val
id06428__00043_id07051_d1c0pl2ap_4_faceswap__ee7a754089,id06428,id07051,faceswap.mp4,faceswap,C,FakeVideo-RealAudio,Asian (South),women,00043_id07051_d1c0Pl2aP_4_faceswap.mp4,FakeVideo-RealAudio/Asian (South)/women/id06428,FakeVideo-RealAudio/Asian (South)/women/id06428/00043_id07051_d1c0Pl2aP_4_faceswap.mp4,/Users/jeevikakiran/Documents/USC/Multimodal/Project/FakeAVCeleb_v1.2/FakeAVCeleb_v1.2/FakeVideo-RealAudio/Asian (South)/women/id06428/00043_id07051_d1c0Pl2aP_4_faceswap.mp4,1,1,0,1,FAKE,train
id06343__00023__34c9872f3e,id06343,-,-,real,A,RealVideo-RealAudio,Asian (South),women,00023.mp4,RealVideo-RealAudio/Asian (South)/women/id06343,RealVideo-RealAudio/Asian (South)/women/id06343/00023.mp4,/Users/jeevikakiran/Documents/USC/Multimodal/Project/FakeAVCeleb_v1.2/FakeAVCeleb_v1.2/RealVideo-RealAudio/Asian (South)/women/id06343/00023.mp4,1,0,0,0,REAL,train
id01281__00040_fake__2fa23d64ae,id01281,fake.mp4,-,rtvc,B,RealVideo-FakeAudio,Asian (East),women,00040_fake.mp4,RealVideo-FakeAudio/Asian (East)/women/id01281,RealVideo-FakeAudio/Asian (East)/women/id01281/00040_fake.mp4,/Users/jeevikakiran/Documents/USC/Multimodal/Project/FakeAVCeleb_v1.2/FakeAVCeleb_v1.2/RealVideo-FakeAudio/Asian (East)/women/id01281/00040_fake.mp4,1,0,1,1,FAKE,val
id02508__00083_id01532_xnlwp_s_f7q_id00359_wavtolip__e5c6cf57f8,id02508,id01532,f7Q,fsgan-wav2lip,D,FakeVideo-FakeAudio,African,women,00083_id01532_XnlWp_s_f7Q_id00359_wavtolip.mp4,FakeVideo-FakeAudio/African/women/id02508,FakeVideo-FakeAudio/African/women/id02508/00083_id01532_XnlWp_s_f7Q_id00359_wavtolip.mp4,/Users/jeevikakiran/Documents/USC/Multimodal/Project/FakeAVCeleb_v1.2/FakeAVCeleb_v1.2/FakeVideo-FakeAudio/African/women/id02508/00083_id01532_XnlWp_s_f7Q_id00359_wavtolip.mp4,1,1,1,1,FAKE,train
id00707__00052_id05106_wavtolip__5b0d4e56d1,id00707,id05106,-,wav2lip,C,FakeVideo-RealAudio,African,women,00052_id05106_wavtolip.mp4,FakeVideo-RealAudio/African/women/id00707,FakeVideo-RealAudio/African/women/id00707/00052_id05106_wavtolip.mp4,/Users/jeevikakiran/Documents/USC/Multimodal/Project/FakeAVCeleb_v1.2/FakeAVCeleb_v1.2/FakeVideo-RealAudio/African/women/id00707/00052_id05106_wavtolip.mp4,1,1,0,1,FAKE,train
id07102__00052__3cf29171e2,id07102,-,-,real,A,RealVideo-RealAudio,Asian (East),men,00052.mp4,RealVideo-RealAudio/Asian (East)/men/id07102,RealVideo-RealAudio/Asian (East)/men/id07102/00052.mp4,/Users/jeevikakiran/Documents/USC/Multimodal/Project/FakeAVCeleb_v1.2/FakeAVCeleb_v1.2/RealVideo-RealAudio/Asian (East)/men/id07102/00052.mp4,1,0,0,0,REAL,train
id00056__00028_id07102_4gkplwvjpsi_faceswap_id04691_wavtolip__27d159a458,id00056,id07102,faceswap,faceswap-wav2lip,D,FakeVideo-FakeAudio,Asian (East),men,00028_id07102_4gKPlwvjpsI_faceswap_id04691_wavtolip.mp4,FakeVideo-FakeAudio/Asian (East)/men/id00056,FakeVideo-FakeAudio/Asian (East)/men/id00056/00028_id07102_4gKPlwvjpsI_faceswap_id04691_wavtolip.mp4,/Users/jeevikakiran/Documents/USC/Multimodal/Project/FakeAVCeleb_v1.2/FakeAVCeleb_v1.2/FakeVideo-FakeAudio/Asian (East)/men/id00056/00028_id07102_4gKPlwvjpsI_faceswap_id04691_wavtolip.mp4,1,1,1,1,FAKE,train
id00264__00257_fake__96f2aaf97b,id00264,fake.mp4,-,rtvc,B,RealVideo-FakeAudio,Caucasian (American),men,00257_fake.mp4,RealVideo-FakeAudio/Caucasian (American)/men/id00264,RealVideo-FakeAudio/Caucasian (American)/men/id00264/00257_fake.mp4,/Users/jeevikakiran/Documents/USC/Multimodal/Project/FakeAVCeleb_v1.2/FakeAVCeleb_v1.2/RealVideo-FakeAudio/Caucasian (American)/men/id00264/00257_fake.mp4,1,0,1,1,FAKE,train
id00264__00257_id03757_l_m_xbdflqm_id00943_wavtolip__6cf48d0eb2,id00264,id03757,id00943,fsgan-wav2lip,D,FakeVideo-FakeAudio,Caucasian (American),men,00257_id03757_L-M-XbdFLQM_id00943_wavtolip.mp4,FakeVideo-FakeAudio/Caucasian (American)/men/id00264,FakeVideo-FakeAudio/Caucasian (American)/men/id00264/00257_id03757_L-M-XbdFLQM_id00943_wavtolip.mp4,/Users/jeevikakiran/Documents/USC/Multimodal/Project/FakeAVCeleb_v1.2/FakeAVCeleb_v1.2/FakeVideo-FakeAudio/Caucasian (American)/men/id00264/00257_id03757_L-M-XbdFLQM_id00943_wavtolip.mp4,1,1,1,1,FAKE,train
id06388__00005_id06060_wavtolip__0e2287ddbd,id06388,id06060,-,wav2lip,C,FakeVideo-RealAudio,Asian (East),women,00005_id06060_wavtolip.mp4,FakeVideo-RealAudio/Asian (East)/women/id06388,FakeVideo-RealAudio/Asian (East)/women/id06388/00005_id06060_wavtolip.mp4,/Users/jeevikakiran/Documents/USC/Multimodal/Project/FakeAVCeleb_v1.2/FakeAVCeleb_v1.2/FakeVideo-RealAudio/Asian (East)/women/id06388/00005_id06060_wavtolip.mp4,1,1,0,1,FAKE,train
id01231__00015__6e99bc9824,id01231,-,-,real,A,RealVideo-RealAudio,Caucasian (American),women,00015.mp4,RealVideo-RealAudio/Caucasian (American)/women/id01231,RealVideo-RealAudio/Caucasian (American)/women/id01231/00015.mp4,/Users/jeevikakiran/Documents/USC/Multimodal/Project/FakeAVCeleb_v1.2/FakeAVCeleb_v1.2/RealVideo-RealAudio/Caucasian (American)/women/id01231/00015.mp4,1,0,0,0,REAL,train
id01598__00044_id02342_wavtolip__2d2d5b5479,id01598,id02342,-,wav2lip,C,FakeVideo-RealAudio,African,men,00044_id02342_wavtolip.mp4,FakeVideo-RealAudio/African/men/id01598,FakeVideo-RealAudio/African/men/id01598/00044_id02342_wavtolip.mp4,/Users/jeevikakiran/Documents/USC/Multimodal/Project/FakeAVCeleb_v1.2/FakeAVCeleb_v1.2/FakeVideo-RealAudio/African/men/id01598/00044_id02342_wavtolip.mp4,1,1,0,1,FAKE,train
id00832__00078_id03569_yo0eppm9p_8__05d9a8176b,id00832,id03569,-,fsgan,C,FakeVideo-RealAudio,African,women,00078_id03569_YO0EpPm9p-8.mp4,FakeVideo-RealAudio/African/women/id00832,FakeVideo-RealAudio/African/women/id00832/00078_id03569_YO0EpPm9p-8.mp4,/Users/jeevikakiran/Documents/USC/Multimodal/Project/FakeAVCeleb_v1.2/FakeAVCeleb_v1.2/FakeVideo-RealAudio/African/women/id00832/00078_id03569_YO0EpPm9p-8.mp4,1,1,0,1,FAKE,train
id05434__00052__e324c1d7a4,id05434,-,-,real,A,RealVideo-RealAudio,Asian (South),women,00052.mp4,RealVideo-RealAudio/Asian (South)/women/id05434,RealVideo-RealAudio/Asian (South)/women/id05434/00052.mp4,/Users/jeevikakiran/Documents/USC/Multimodal/Project/FakeAVCeleb_v1.2/FakeAVCeleb_v1.2/RealVideo-RealAudio/Asian (South)/women/id05434/00052.mp4,1,0,0,0,REAL,val
id02948__00298_id00592_wavtolip__1003947ad2,id02948,id00592,-,wav2lip,C,FakeVideo-RealAudio,African,women,00298_id00592_wavtolip.mp4,FakeVideo-RealAudio/African/women/id02948,FakeVideo-RealAudio/African/women/id02948/00298_id00592_wavtolip.mp4,/Users/jeevikakiran/Documents/USC/Multimodal/Project/FakeAVCeleb_v1.2/FakeAVCeleb_v1.2/FakeVideo-RealAudio/African/women/id02948/00298_id00592_wavtolip.mp4,1,1,0,1,FAKE,train
id00813__00169_id00897_0ayfw8jhoyi_id00330_wavtolip__553bc3da9d,id00813,id00897,id00330,fsgan-wav2lip,D,FakeVideo-FakeAudio,Caucasian (European),women,00169_id00897_0ayFw8JhoyI_id00330_wavtolip.mp4,FakeVideo-FakeAudio/Caucasian (European)/women/id00813,FakeVideo-FakeAudio/Caucasian (European)/women/id00813/00169_id00897_0ayFw8JhoyI_id00330_wavtolip.mp4,/Users/jeevikakiran/Documents/USC/Multimodal/Project/FakeAVCeleb_v1.2/FakeAVCeleb_v1.2/FakeVideo-FakeAudio/Caucasian (European)/women/id00813/00169_id00897_0ayFw8JhoyI_id00330_wavtolip.mp4,1,1,1,1,FAKE,val
id00829__00271__6c8e6c17a3,id00829,-,-,real,A,RealVideo-RealAudio,African,women,00271.mp4,RealVideo-RealAudio/African/women/id00829,RealVideo-RealAudio/African/women/id00829/00271.mp4,/Users/jeevikakiran/Documents/USC/Multimodal/Project/FakeAVCeleb_v1.2/FakeAVCeleb_v1.2/RealVideo-RealAudio/African/women/id00829/00271.mp4,1,0,0,0,REAL,train
id04927__00013__228415fd33,id04927,-,-,real,A,RealVideo-RealAudio,Asian (South),women,00013.mp4,RealVideo-RealAudio/Asian (South)/women/id04927,RealVideo-RealAudio/Asian (South)/women/id04927/00013.mp4,/Users/jeevikakiran/Documents/USC/Multimodal/Project/FakeAVCeleb_v1.2/FakeAVCeleb_v1.2/RealVideo-RealAudio/Asian (South)/women/id04927/00013.mp4,1,0,0,0,REAL,train
id04564__00417_id04530_wavtolip__2d889ee0bd,id04564,id04530,-,wav2lip,D,FakeVideo-FakeAudio,Asian (South),women,00417_id04530_wavtolip.mp4,FakeVideo-FakeAudio/Asian (South)/women/id04564,FakeVideo-FakeAudio/Asian (South)/women/id04564/00417_id04530_wavtolip.mp4,/Users/jeevikakiran/Documents/USC/Multimodal/Project/FakeAVCeleb_v1.2/FakeAVCeleb_v1.2/FakeVideo-FakeAudio/Asian (South)/women/id04564/00417_id04530_wavtolip.mp4,1,1,1,1,FAKE,train
id05268__00010_fake__9e1da87e7d,id05268,fake.mp4,-,rtvc,B,RealVideo-FakeAudio,Asian (East),men,00010_fake.mp4,RealVideo-FakeAudio/Asian (East)/men/id05268,RealVideo-FakeAudio/Asian (East)/men/id05268/00010_fake.mp4,/Users/jeevikakiran/Documents/USC/Multimodal/Project/FakeAVCeleb_v1.2/FakeAVCeleb_v1.2/RealVideo-FakeAudio/Asian (East)/men/id05268/00010_fake.mp4,1,0,1,1,FAKE,train
id00495__00027_id00496_wavtolip__7d51e6b3ec,id00495,id00496,-,wav2lip,C,FakeVideo-RealAudio,Caucasian (European),women,00027_id00496_wavtolip.mp4,FakeVideo-RealAudio/Caucasian (European)/women/id00495,FakeVideo-RealAudio/Caucasian (European)/women/id00495/00027_id00496_wavtolip.mp4,/Users/jeevikakiran/Documents/USC/Multimodal/Project/FakeAVCeleb_v1.2/FakeAVCeleb_v1.2/FakeVideo-RealAudio/Caucasian (European)/women/id00495/00027_id00496_wavtolip.mp4,1,1,0,1,FAKE,train
id00430__00209__32cccfaaa6,id00430,-,-,real,A,RealVideo-RealAudio,Asian (East),women,00209.mp4,RealVideo-RealAudio/Asian (East)/women/id00430,RealVideo-RealAudio/Asian (East)/women/id00430/00209.mp4,/Users/jeevikakiran/Documents/USC/Multimodal/Project/FakeAVCeleb_v1.2/FakeAVCeleb_v1.2/RealVideo-RealAudio/Asian (East)/women/id00430/00209.mp4,1,0,0,0,REAL,train
id01236__00005__661511513f,id01236,-,-,real,A,RealVideo-RealAudio,African,men,00005.mp4,RealVideo-RealAudio/African/men/id01236,RealVideo-RealAudio/African/men/id01236/00005.mp4,/Users/jeevikakiran/Documents/USC/Multimodal/Project/FakeAVCeleb_v1.2/FakeAVCeleb_v1.2/RealVideo-RealAudio/African/men/id01236/00005.mp4,1,0,0,0,REAL,val
id00282__00268__e09745bbb1,id00282,-,-,real,A,RealVideo-RealAudio,Caucasian (European),men,00268.mp4,RealVideo-RealAudio/Caucasian (European)/men/id00282,RealVideo-RealAudio/Caucasian (European)/men/id00282/00268.mp4,/Users/jeevikakiran/Documents/USC/Multimodal/Project/FakeAVCeleb_v1.2/FakeAVCeleb_v1.2/RealVideo-RealAudio/Caucasian (European)/men/id00282/00268.mp4,1,0,0,0,REAL,train
id01026__00083__84b1cb2e94,id01026,-,-,real,A,RealVideo-RealAudio,Asian (South),women,00083.mp4,RealVideo-RealAudio/Asian (South)/women/id01026,RealVideo-RealAudio/Asian (South)/women/id01026/00083.mp4,/Users/jeevikakiran/Documents/USC/Multimodal/Project/FakeAVCeleb_v1.2/FakeAVCeleb_v1.2/RealVideo-RealAudio/Asian (South)/women/id01026/00083.mp4,1,0,0,0,REAL,train
id00291__00052__07c66462b7,id00291,-,-,real,A,RealVideo-RealAudio,Caucasian (American),women,00052.mp4,RealVideo-RealAudio/Caucasian (American)/women/id00291,RealVideo-RealAudio/Caucasian (American)/women/id00291/00052.mp4,/Users/jeevikakiran/Documents/USC/Multimodal/Project/FakeAVCeleb_v1.2/FakeAVCeleb_v1.2/RealVideo-RealAudio/Caucasian (American)/women/id00291/00052.mp4,1,0,0,0,REAL,train
id06061__00002__f0cf6aae2c,id06061,-,-,real,A,RealVideo-RealAudio,Asian (East),women,00002.mp4,RealVideo-RealAudio/Asian (East)/women/id06061,RealVideo-RealAudio/Asian (East)/women/id06061/00002.mp4,/Users/jeevikakiran/Documents/USC/Multimodal/Project/FakeAVCeleb_v1.2/FakeAVCeleb_v1.2/RealVideo-RealAudio/Asian (East)/women/id06061/00002.mp4,1,0,0,0,REAL,train
id01035__00012_fake__b61cf857f2,id01035,fake.mp4,-,rtvc,B,RealVideo-FakeAudio,Caucasian (American),men,00012_fake.mp4,RealVideo-FakeAudio/Caucasian (American)/men/id01035,RealVideo-FakeAudio/Caucasian (American)/men/id01035/00012_fake.mp4,/Users/jeevikakiran/Documents/USC/Multimodal/Project/FakeAVCeleb_v1.2/FakeAVCeleb_v1.2/RealVideo-FakeAudio/Caucasian (American)/men/id01035/00012_fake.mp4,1,0,1,1,FAKE,train
id01245__00028__92c2079eab,id01245,-,-,real,A,RealVideo-RealAudio,Caucasian (American),women,00028.mp4,RealVideo-RealAudio/Caucasian (American)/women/id01245,RealVideo-RealAudio/Caucasian (American)/women/id01245/00028.mp4,/Users/jeevikakiran/Documents/USC/Multimodal/Project/FakeAVCeleb_v1.2/FakeAVCeleb_v1.2/RealVideo-RealAudio/Caucasian (American)/women/id01245/00028.mp4,1,0,0,0,REAL,train
id00826__00065__a95b99f799,id00826,-,-,real,A,RealVideo-RealAudio,Caucasian (European),women,00065.mp4,RealVideo-RealAudio/Caucasian (European)/women/id00826,RealVideo-RealAudio/Caucasian (European)/women/id00826/00065.mp4,/Users/jeevikakiran/Documents/USC/Multimodal/Project/FakeAVCeleb_v1.2/FakeAVCeleb_v1.2/RealVideo-RealAudio/Caucasian (European)/women/id00826/00065.mp4,1,0,0,0,REAL,train
id00685__00146_id00745_eodnd1ul7ve__26569d8e7e,id00685,id00745,-,fsgan,C,FakeVideo-RealAudio,Asian (South),men,00146_id00745_eODND1ul7vE.mp4,FakeVideo-RealAudio/Asian (South)/men/id00685,FakeVideo-RealAudio/Asian (South)/men/id00685/00146_id00745_eODND1ul7vE.mp4,/Users/jeevikakiran/Documents/USC/Multimodal/Project/FakeAVCeleb_v1.2/FakeAVCeleb_v1.2/FakeVideo-RealAudio/Asian (South)/men/id00685/00146_id00745_eODND1ul7vE.mp4,1,1,0,1,FAKE,train
id00816__00118__cbd1c5454c,id00816,-,-,real,A,RealVideo-RealAudio,Asian (South),men,00118.mp4,RealVideo-RealAudio/Asian (South)/men/id00816,RealVideo-RealAudio/Asian (South)/men/id00816/00118.mp4,/Users/jeevikakiran/Documents/USC/Multimodal/Project/FakeAVCeleb_v1.2/FakeAVCeleb_v1.2/RealVideo-RealAudio/Asian (South)/men/id00816/00118.mp4,1,0,0,0,REAL,train
id07008__00175__065ee614de,id07008,-,-,real,A,RealVideo-RealAudio,Asian (South),women,00175.mp4,RealVideo-RealAudio/Asian (South)/women/id07008,RealVideo-RealAudio/Asian (South)/women/id07008/00175.mp4,/Users/jeevikakiran/Documents/USC/Multimodal/Project/FakeAVCeleb_v1.2/FakeAVCeleb_v1.2/RealVideo-RealAudio/Asian (South)/women/id07008/00175.mp4,1,0,0,0,REAL,train
id01123__00072__539e295004,id01123,-,-,real,A,RealVideo-RealAudio,Caucasian (European),men,00072.mp4,RealVideo-RealAudio/Caucasian (European)/men/id01123,RealVideo-RealAudio/Caucasian (European)/men/id01123/00072.mp4,/Users/jeevikakiran/Documents/USC/Multimodal/Project/FakeAVCeleb_v1.2/FakeAVCeleb_v1.2/RealVideo-RealAudio/Caucasian (European)/men/id01123/00072.mp4,1,0,0,0,REAL,train
id00476__00109_id00781_fvssae9yc0a_faceswap__8e930e1b0b,id00476,id00781,-,faceswap,C,FakeVideo-RealAudio,African,men,00109_id00781_fvsSae9yc0A_faceswap.mp4,FakeVideo-RealAudio/African/men/id00476,FakeVideo-RealAudio/African/men/id00476/00109_id00781_fvsSae9yc0A_faceswap.mp4,/Users/jeevikakiran/Documents/USC/Multimodal/Project/FakeAVCeleb_v1.2/FakeAVCeleb_v1.2/FakeVideo-RealAudio/African/men/id00476/00109_id00781_fvsSae9yc0A_faceswap.mp4,1,1,0,1,FAKE,val
id00225__00078__5d2c029cb3,id00225,-,-,real,A,RealVideo-RealAudio,Caucasian (European),men,00078.mp4,RealVideo-RealAudio/Caucasian (European)/men/id00225,RealVideo-RealAudio/Caucasian (European)/men/id00225/00078.mp4,/Users/jeevikakiran/Documents/USC/Multimodal/Project/FakeAVCeleb_v1.2/FakeAVCeleb_v1.2/RealVideo-RealAudio/Caucasian (European)/men/id00225/00078.mp4,1,0,0,0,REAL,train
id00033__00276_1_id00816_wavtolip__126619a20c,id00033,1,-,faceswap-wav2lip,D,FakeVideo-FakeAudio,Asian (South),men,00276_1_id00816_wavtolip.mp4,FakeVideo-FakeAudio/Asian (South)/men/id00033,FakeVideo-FakeAudio/Asian (South)/men/id00033/00276_1_id00816_wavtolip.mp4,/Users/jeevikakiran/Documents/USC/Multimodal/Project/FakeAVCeleb_v1.2/FakeAVCeleb_v1.2/FakeVideo-FakeAudio/Asian (South)/men/id00033/00276_1_id00816_wavtolip.mp4,1,1,1,1,FAKE,train
id01124__00063__90da6158ca,id01124,-,-,real,A,RealVideo-RealAudio,Caucasian (American),men,00063.mp4,RealVideo-RealAudio/Caucasian (American)/men/id01124,RealVideo-RealAudio/Caucasian (American)/men/id01124/00063.mp4,/Users/jeevikakiran/Documents/USC/Multimodal/Project/FakeAVCeleb_v1.2/FakeAVCeleb_v1.2/RealVideo-RealAudio/Caucasian (American)/men/id01124/00063.mp4,1,0,0,0,REAL,train
id00830__00143_id00173_wavtolip__f7393390a4,id00830,id00173,-,wav2lip,D,FakeVideo-FakeAudio,African,men,00143_id00173_wavtolip.mp4,FakeVideo-FakeAudio/African/men/id00830,FakeVideo-FakeAudio/African/men/id00830/00143_id00173_wavtolip.mp4,/Users/jeevikakiran/Documents/USC/Multimodal/Project/FakeAVCeleb_v1.2/FakeAVCeleb_v1.2/FakeVideo-FakeAudio/African/men/id00830/00143_id00173_wavtolip.mp4,1,1,1,1,FAKE,train
id00773__00038_fake__36b81a420d,id00773,fake.mp4,-,rtvc,B,RealVideo-FakeAudio,Asian (South),men,00038_fake.mp4,RealVideo-FakeAudio/Asian (South)/men/id00773,RealVideo-FakeAudio/Asian (South)/men/id00773/00038_fake.mp4,/Users/jeevikakiran/Documents/USC/Multimodal/Project/FakeAVCeleb_v1.2/FakeAVCeleb_v1.2/RealVideo-FakeAudio/Asian (South)/men/id00773/00038_fake.mp4,1,0,1,1,FAKE,train
id05980__00143__a6a1e5f5a5,id05980,-,-,real,A,RealVideo-RealAudio,African,women,00143.mp4,RealVideo-RealAudio/African/women/id05980,RealVideo-RealAudio/African/women/id05980/00143.mp4,/Users/jeevikakiran/Documents/USC/Multimodal/Project/FakeAVCeleb_v1.2/FakeAVCeleb_v1.2/RealVideo-RealAudio/African/women/id05980/00143.mp4,1,0,0,0,REAL,train
id00491__00122__7b9dc357b3,id00491,-,-,real,A,RealVideo-RealAudio,Caucasian (European),women,00122.mp4,RealVideo-RealAudio/Caucasian (European)/women/id00491,RealVideo-RealAudio/Caucasian (European)/women/id00491/00122.mp4,/Users/jeevikakiran/Documents/USC/Multimodal/Project/FakeAVCeleb_v1.2/FakeAVCeleb_v1.2/RealVideo-RealAudio/Caucasian (European)/women/id00491/00122.mp4,1,0,0,0,REAL,train
id04540__00078__c76600525f,id04540,-,-,real,A,RealVideo-RealAudio,African,women,00078.mp4,RealVideo-RealAudio/African/women/id04540,RealVideo-RealAudio/African/women/id04540/00078.mp4,/Users/jeevikakiran/Documents/USC/Multimodal/Project/FakeAVCeleb_v1.2/FakeAVCeleb_v1.2/RealVideo-RealAudio/African/women/id04540/00078.mp4,1,0,0,0,REAL,train
id00747__00053__b5d9d082ec,id00747,-,-,real,A,RealVideo-RealAudio,Asian (South),women,00053.mp4,RealVideo-RealAudio/Asian (South)/women/id00747,RealVideo-RealAudio/Asian (South)/women/id00747/00053.mp4,/Users/jeevikakiran/Documents/USC/Multimodal/Project/FakeAVCeleb_v1.2/FakeAVCeleb_v1.2/RealVideo-RealAudio/Asian (South)/women/id00747/00053.mp4,1,0,0,0,REAL,train
id00909__00037__9644b580a1,id00909,-,-,real,A,RealVideo-RealAudio,Caucasian (European),men,00037.mp4,RealVideo-RealAudio/Caucasian (European)/men/id00909,RealVideo-RealAudio/Caucasian (European)/men/id00909/00037.mp4,/Users/jeevikakiran/Documents/USC/Multimodal/Project/FakeAVCeleb_v1.2/FakeAVCeleb_v1.2/RealVideo-RealAudio/Caucasian (European)/men/id00909/00037.mp4,1,0,0,0,REAL,train
id02553__00043__5d79b549b3,id02553,-,-,real,A,RealVideo-RealAudio,Asian (East),men,00043.mp4,RealVideo-RealAudio/Asian (East)/men/id02553,RealVideo-RealAudio/Asian (East)/men/id02553/00043.mp4,/Users/jeevikakiran/Documents/USC/Multimodal/Project/FakeAVCeleb_v1.2/FakeAVCeleb_v1.2/RealVideo-RealAudio/Asian (East)/men/id02553/00043.mp4,1,0,0,0,REAL,train
id03985__00005__539a956c87,id03985,-,-,real,A,RealVideo-RealAudio,Asian (South),women,00005.mp4,RealVideo-RealAudio/Asian (South)/women/id03985,RealVideo-RealAudio/Asian (South)/women/id03985/00005.mp4,/Users/jeevikakiran/Documents/USC/Multimodal/Project/FakeAVCeleb_v1.2/FakeAVCeleb_v1.2/RealVideo-RealAudio/Asian (South)/women/id03985/00005.mp4,1,0,0,0,REAL,train
id00943__00304__e1d0e86fee,id00943,-,-,real,A,RealVideo-RealAudio,Caucasian (American),men,00304.mp4,RealVideo-RealAudio/Caucasian (American)/men/id00943,RealVideo-RealAudio/Caucasian (American)/men/id00943/00304.mp4,/Users/jeevikakiran/Documents/USC/Multimodal/Project/FakeAVCeleb_v1.2/FakeAVCeleb_v1.2/RealVideo-RealAudio/Caucasian (American)/men/id00943/00304.mp4,1,0,0,0,REAL,val
id06254__00043_id05931_bfqu86nv3hk_faceswap_id06428_wavtolip__1b971364af,id06254,id05931,faceswap,faceswap-wav2lip,D,FakeVideo-FakeAudio,Asian (South),women,00043_id05931_bFqu86NV3hk_faceswap_id06428_wavtolip.mp4,FakeVideo-FakeAudio/Asian (South)/women/id06254,FakeVideo-FakeAudio/Asian (South)/women/id06254/00043_id05931_bFqu86NV3hk_faceswap_id06428_wavtolip.mp4,/Users/jeevikakiran/Documents/USC/Multimodal/Project/FakeAVCeleb_v1.2/FakeAVCeleb_v1.2/FakeVideo-FakeAudio/Asian (South)/women/id06254/00043_id05931_bFqu86NV3hk_faceswap_id06428_wavtolip.mp4,1,1,1,1,FAKE,train
id01207__00320__255bd04bc6,id01207,-,-,real,A,RealVideo-RealAudio,African,men,00320.mp4,RealVideo-RealAudio/African/men/id01207,RealVideo-RealAudio/African/men/id01207/00320.mp4,/Users/jeevikakiran/Documents/USC/Multimodal/Project/FakeAVCeleb_v1.2/FakeAVCeleb_v1.2/RealVideo-RealAudio/African/men/id01207/00320.mp4,1,0,0,0,REAL,train
id00633__00088_id01001_dhjc8dh9x8c__a5c99bb452,id00633,id01001,-,fsgan,C,FakeVideo-RealAudio,Caucasian (European),women,00088_id01001_dHJc8dh9X8c.mp4,FakeVideo-RealAudio/Caucasian (European)/women/id00633,FakeVideo-RealAudio/Caucasian (European)/women/id00633/00088_id01001_dHJc8dh9X8c.mp4,/Users/jeevikakiran/Documents/USC/Multimodal/Project/FakeAVCeleb_v1.2/FakeAVCeleb_v1.2/FakeVideo-RealAudio/Caucasian (European)/women/id00633/00088_id01001_dHJc8dh9X8c.mp4,1,1,0,1,FAKE,train
id02721__00424__912e3f006d,id02721,-,-,real,A,RealVideo-RealAudio,African,women,00424.mp4,RealVideo-RealAudio/African/women/id02721,RealVideo-RealAudio/African/women/id02721/00424.mp4,/Users/jeevikakiran/Documents/USC/Multimodal/Project/FakeAVCeleb_v1.2/FakeAVCeleb_v1.2/RealVideo-RealAudio/African/women/id02721/00424.mp4,1,0,0,0,REAL,train
id00060__00307__40afde6063,id00060,-,-,real,A,RealVideo-RealAudio,Caucasian (American),men,00307.mp4,RealVideo-RealAudio/Caucasian (American)/men/id00060,RealVideo-RealAudio/Caucasian (American)/men/id00060/00307.mp4,/Users/jeevikakiran/Documents/USC/Multimodal/Project/FakeAVCeleb_v1.2/FakeAVCeleb_v1.2/RealVideo-RealAudio/Caucasian (American)/men/id00060/00307.mp4,1,0,0,0,REAL,train
id05576__00368__e5066dc575,id05576,-,-,real,A,RealVideo-RealAudio,Asian (East),women,00368.mp4,RealVideo-RealAudio/Asian (East)/women/id05576,RealVideo-RealAudio/Asian (East)/women/id05576/00368.mp4,/Users/jeevikakiran/Documents/USC/Multimodal/Project/FakeAVCeleb_v1.2/FakeAVCeleb_v1.2/RealVideo-RealAudio/Asian (East)/women/id05576/00368.mp4,1,0,0,0,REAL,train
id00190__00072_fake__a6a062eab6,id00190,fake.mp4,-,rtvc,B,RealVideo-FakeAudio,Caucasian (American),women,00072_fake.mp4,RealVideo-FakeAudio/Caucasian (American)/women/id00190,RealVideo-FakeAudio/Caucasian (American)/women/id00190/00072_fake.mp4,/Users/jeevikakiran/Documents/USC/Multimodal/Project/FakeAVCeleb_v1.2/FakeAVCeleb_v1.2/RealVideo-FakeAudio/Caucasian (American)/women/id00190/00072_fake.mp4,1,0,1,1,FAKE,train
id07161__00159__56d83d027b,id07161,-,-,real,A,RealVideo-RealAudio,Asian (South),men,00159.mp4,RealVideo-RealAudio/Asian (South)/men/id07161,RealVideo-RealAudio/Asian (South)/men/id07161/00159.mp4,/Users/jeevikakiran/Documents/USC/Multimodal/Project/FakeAVCeleb_v1.2/FakeAVCeleb_v1.2/RealVideo-RealAudio/Asian (South)/men/id07161/00159.mp4,1,0,0,0,REAL,val
id00021__00010__bcb3fd95fd,id00021,-,-,real,A,RealVideo-RealAudio,Caucasian (American),men,00010.mp4,RealVideo-RealAudio/Caucasian (American)/men/id00021,RealVideo-RealAudio/Caucasian (American)/men/id00021/00010.mp4,/Users/jeevikakiran/Documents/USC/Multimodal/Project/FakeAVCeleb_v1.2/FakeAVCeleb_v1.2/RealVideo-RealAudio/Caucasian (American)/men/id00021/00010.mp4,1,0,0,0,REAL,train
