video_uid,source,target1,target2,method,category,type,race,gender,clip_name,dataset_dir,raw_video_relpath,raw_video_path,metadata_row_count,is_video_fake,is_audio_fake,true_label,label_name,split,sync_offset,sync_confidence,sync_min_distance,n_tracks,sync_status,sync_error,crop_path,sync_score
id05268__00010_id06878_wavtolip__54e33bfa34,id05268,id06878,-,wav2lip,D,FakeVideo-FakeAudio,Asian (East),men,00010_id06878_wavtolip.mp4,FakeVideo-FakeAudio/Asian (East)/men/id05268,FakeVideo-FakeAudio/Asian (East)/men/id05268/00010_id06878_wavtolip.mp4,/Users/jeevikakiran/Documents/USC/Multimodal/Project/FakeAVCeleb_v1.2/FakeAVCeleb_v1.2/FakeVideo-FakeAudio/Asian (East)/men/id05268/00010_id06878_wavtolip.mp4,1,1,1,1,FAKE,train,-2.0,8.841800689697266,6.706066131591797,1.0,ok,,/Users/jeevikakiran/Documents/USC/Multimodal/Project/syncnet_work_pretrained/pycrop/id05268__00010_id06878_wavtolip__54e33bfa34/00000.avi,0.6478322235495069
id02005__00052_id01637_5vjcpzm8knm__68b9c81d48,id02005,id01637,-,fsgan,C,FakeVideo-RealAudio,African,men,00052_id01637_5VjcPZm8knM.mp4,FakeVideo-RealAudio/African/men/id02005,FakeVideo-RealAudio/African/men/id02005/00052_id01637_5VjcPZm8knM.mp4,/Users/jeevikakiran/Documents/USC/Multimodal/Project/FakeAVCeleb_v1.2/FakeAVCeleb_v1.2/FakeVideo-RealAudio/African/men/id02005/00052_id01637_5VjcPZm8knM.mp4,1,1,0,1,FAKE,train,0.0,6.192104339599609,8.34092903137207,1.0,ok,,/Users/jeevikakiran/Documents/USC/Multimodal/Project/syncnet_work_pretrained/pycrop/id02005__00052_id01637_5vjcpzm8knm__68b9c81d48/00000.avi,0.2442755673856965
id07165__00368_id00685_wavtolip__61b64fde4d,id07165,id00685,-,wav2lip,C,FakeVideo-RealAudio,Asian (South),men,00368_id00685_wavtolip.mp4,FakeVideo-RealAudio/Asian (South)/men/id07165,FakeVideo-RealAudio/Asian (South)/men/id07165/00368_id00685_wavtolip.mp4,/Users/jeevikakiran/Documents/USC/Multimodal/Project/FakeAVCeleb_v1.2/FakeAVCeleb_v1.2/FakeVideo-RealAudio/Asian (South)/men/id07165/00368_id00685_wavtolip.mp4,1,1,0,1,FAKE,train,-2.0,8.810608863830566,6.744325160980225,1.0,ok,,/Users/jeevikakiran/Documents/USC/Multimodal/Project/syncnet_work_pretrained/pycrop/id07165__00368_id00685_wavtolip__61b64fde4d/00000.avi,0.6530149448421396
id00616__00305_id02466_wavtolip__1366235169,id00616,id02466,-,wav2lip,D,FakeVideo-FakeAudio,Caucasian (American),women,00305_id02466_wavtolip.mp4,FakeVideo-FakeAudio/Caucasian (American)/women/id00616,FakeVideo-FakeAudio/Caucasian (American)/women/id00616/00305_id02466_wavtolip.mp4,/Users/jeevikakiran/Documents/USC/Multimodal/Project/FakeAVCeleb_v1.2/FakeAVCeleb_v1.2/FakeVideo-FakeAudio/Caucasian (American)/women/id00616/00305_id02466_wavtolip.mp4,1,1,1,1,FAKE,val,-2.0,6.763293266296387,7.966211795806885,1.0,ok,,/Users/jeevikakiran/Documents/USC/Multimodal/Project/syncnet_work_pretrained/pycrop/id00616__00305_id02466_wavtolip__1366235169/00000.avi,0.48821114435593815
id00769__00015__5829a2ed97,id00769,-,-,real,A,RealVideo-RealAudio,Asian (South),men,00015.mp4,RealVideo-RealAudio/Asian (South)/men/id00769,RealVideo-RealAudio/Asian (South)/men/id00769/00015.mp4,/Users/jeevikakiran/Documents/USC/Multimodal/Project/FakeAVCeleb_v1.2/FakeAVCeleb_v1.2/RealVideo-RealAudio/Asian (South)/men/id00769/00015.mp4,1,0,0,0,REAL,train,-2.0,5.660809516906738,8.320202827453613,1.0,ok,,/Users/jeevikakiran/Documents/USC/Multimodal/Project/syncnet_work_pretrained/pycrop/id00769__00015__5829a2ed97/00000.avi,0.2837275881646678
id04547__00052_id02071_wavtolip__16f14e2974,id04547,id02071,-,wav2lip,C,FakeVideo-RealAudio,African,women,00052_id02071_wavtolip.mp4,FakeVideo-RealAudio/African/women/id04547,FakeVideo-RealAudio/African/women/id04547/00052_id02071_wavtolip.mp4,/Users/jeevikakiran/Documents/USC/Multimodal/Project/FakeAVCeleb_v1.2/FakeAVCeleb_v1.2/FakeVideo-RealAudio/African/women/id04547/00052_id02071_wavtolip.mp4,1,1,0,1,FAKE,val,-2.0,7.291019439697266,6.69912052154541,1.0,ok,,/Users/jeevikakiran/Documents/USC/Multimodal/Project/syncnet_work_pretrained/pycrop/id04547__00052_id02071_wavtolip__16f14e2974/00000.avi,0.1856257505046968
id09171__00092_id06427_dbbake2ea_o_id06061_wavtolip__e593a449ec,id09171,id06427,id06061,fsgan-wav2lip,D,FakeVideo-FakeAudio,Asian (East),women,00092_id06427_dBBAKe2EA_o_id06061_wavtolip.mp4,FakeVideo-FakeAudio/Asian (East)/women/id09171,FakeVideo-FakeAudio/Asian (East)/women/id09171/00092_id06427_dBBAKe2EA_o_id06061_wavtolip.mp4,/Users/jeevikakiran/Documents/USC/Multimodal/Project/FakeAVCeleb_v1.2/FakeAVCeleb_v1.2/FakeVideo-FakeAudio/Asian (East)/women/id09171/00092_id06427_dBBAKe2EA_o_id06061_wavtolip.mp4,1,1,1,1,FAKE,train,-2.0,6.803827285766602,8.001703262329102,1.0,ok,,/Users/jeevikakiran/Documents/USC/Multimodal/Project/syncnet_work_pretrained/pycrop/id09171__00092_id06427_dbbake2ea_o_id06061_wavtolip__e593a449ec/00000.avi,0.5167439022915921
id06428__00043_id06428_wavtolip__7bd9f5ac56,id06428,id06428,-,wav2lip,D,FakeVideo-FakeAudio,Asian (South),women,00043_id06428_wavtolip.mp4,FakeVideo-FakeAudio/Asian (South)/women/id06428,FakeVideo-FakeAudio/Asian (South)/women/id06428/00043_id06428_wavtolip.mp4,/Users/jeevikakiran/Documents/USC/Multimodal/Project/FakeAVCeleb_v1.2/FakeAVCeleb_v1.2/FakeVideo-FakeAudio/Asian (South)/women/id06428/00043_id06428_wavtolip.mp4,1,1,1,1,FAKE,train,-2.0,6.7772674560546875,8.49525260925293,1.0,ok,,/Users/jeevikakiran/Documents/USC/Multimodal/Project/syncnet_work_pretrained/pycrop/id06428__00043_id06428_wavtolip__7bd9f5ac56/00000.avi,0.7035529603593289
id03844__00028_fake__e550fcc4fb,id03844,fake.mp4,-,rtvc,B,RealVideo-FakeAudio,Caucasian (European),women,00028_fake.mp4,RealVideo-FakeAudio/Caucasian (European)/women/id03844,RealVideo-FakeAudio/Caucasian (European)/women/id03844/00028_fake.mp4,/Users/jeevikakiran/Documents/USC/Multimodal/Project/FakeAVCeleb_v1.2/FakeAVCeleb_v1.2/RealVideo-FakeAudio/Caucasian (European)/women/id03844/00028_fake.mp4,1,0,1,1,FAKE,train,-15.0,0.8686752319335938,14.21192455291748,1.0,ok,,/Users/jeevikakiran/Documents/USC/Multimodal/Project/syncnet_work_pretrained/pycrop/id03844__00028_fake__e550fcc4fb/00000.avi,0.99984506892548
id01192__00217__b9c026c2f6,id01192,-,-,real,A,RealVideo-RealAudio,Caucasian (American),men,00217.mp4,RealVideo-RealAudio/Caucasian (American)/men/id01192,RealVideo-RealAudio/Caucasian (American)/men/id01192/00217.mp4,/Users/jeevikakiran/Documents/USC/Multimodal/Project/FakeAVCeleb_v1.2/FakeAVCeleb_v1.2/RealVideo-RealAudio/Caucasian (American)/men/id01192/00217.mp4,1,0,0,0,REAL,train,-1.0,6.570893287658691,8.625271797180176,1.0,ok,,/Users/jeevikakiran/Documents/USC/Multimodal/Project/syncnet_work_pretrained/pycrop/id01192__00217__b9c026c2f6/00000.avi,0.5823639693113998
id04219__00130_id01044_wavtolip__af4cfdf699,id04219,id01044,-,wav2lip,C,FakeVideo-RealAudio,Caucasian (American),men,00130_id01044_wavtolip.mp4,FakeVideo-RealAudio/Caucasian (American)/men/id04219,FakeVideo-RealAudio/Caucasian (American)/men/id04219/00130_id01044_wavtolip.mp4,/Users/jeevikakiran/Documents/USC/Multimodal/Project/FakeAVCeleb_v1.2/FakeAVCeleb_v1.2/FakeVideo-RealAudio/Caucasian (American)/men/id04219/00130_id01044_wavtolip.mp4,1,1,0,1,FAKE,train,-2.0,6.9268798828125,8.100729942321777,1.0,ok,,/Users/jeevikakiran/Documents/USC/Multimodal/Project/syncnet_work_pretrained/pycrop/id04219__00130_id01044_wavtolip__af4cfdf699/00000.avi,0.5984160843103706
id03103__00130__27e7204eca,id03103,-,-,real,A,RealVideo-RealAudio,African,women,00130.mp4,RealVideo-RealAudio/African/women/id03103,RealVideo-RealAudio/African/women/id03103/00130.mp4,/Users/jeevikakiran/Documents/USC/Multimodal/Project/FakeAVCeleb_v1.2/FakeAVCeleb_v1.2/RealVideo-RealAudio/African/women/id03103/00130.mp4,1,0,0,0,REAL,train,-1.0,5.903073310852051,8.34016227722168,1.0,ok,,/Users/jeevikakiran/Documents/USC/Multimodal/Project/syncnet_work_pretrained/pycrop/id03103__00130__27e7204eca/00000.avi,0.2606042765206834
id03757__00149_id00018_sap_fjurhlc_id00777_wavtolip__c44818400b,id03757,id00018,id00777,fsgan-wav2lip,D,FakeVideo-FakeAudio,Caucasian (American),men,00149_id00018_sap-FjURHlc_id00777_wavtolip.mp4,FakeVideo-FakeAudio/Caucasian (American)/men/id03757,FakeVideo-FakeAudio/Caucasian (American)/men/id03757/00149_id00018_sap-FjURHlc_id00777_wavtolip.mp4,/Users/jeevikakiran/Documents/USC/Multimodal/Project/FakeAVCeleb_v1.2/FakeAVCeleb_v1.2/FakeVideo-FakeAudio/Caucasian (American)/men/id03757/00149_id00018_sap-FjURHlc_id00777_wavtolip.mp4,1,1,1,1,FAKE,train,-2.0,7.462584495544434,7.736920356750488,1.0,ok,,/Users/jeevikakiran/Documents/USC/Multimodal/Project/syncnet_work_pretrained/pycrop/id03757__00149_id00018_sap_fjurhlc_id00777_wavtolip__c44818400b/00000.avi,0.6229921385188534
id00569__00239_fake__7eb6f44b5c,id00569,fake.mp4,-,rtvc,B,RealVideo-FakeAudio,Caucasian (European),women,00239_fake.mp4,RealVideo-FakeAudio/Caucasian (European)/women/id00569,RealVideo-FakeAudio/Caucasian (European)/women/id00569/00239_fake.mp4,/Users/jeevikakiran/Documents/USC/Multimodal/Project/FakeAVCeleb_v1.2/FakeAVCeleb_v1.2/RealVideo-FakeAudio/Caucasian (European)/women/id00569/00239_fake.mp4,1,0,1,1,FAKE,train,-5.0,1.2820892333984375,12.60521125793457,1.0,ok,,/Users/jeevikakiran/Documents/USC/Multimodal/Project/syncnet_work_pretrained/pycrop/id00569__00239_fake__7eb6f44b5c/00000.avi,0.8660114060547996
id02316__00094_fake__aba18cdab7,id02316,fake.mp4,-,rtvc,B,RealVideo-FakeAudio,African,men,00094_fake.mp4,RealVideo-FakeAudio/African/men/id02316,RealVideo-FakeAudio/African/men/id02316/00094_fake.mp4,/Users/jeevikakiran/Documents/USC/Multimodal/Project/FakeAVCeleb_v1.2/FakeAVCeleb_v1.2/RealVideo-FakeAudio/African/men/id02316/00094_fake.mp4,1,0,1,1,FAKE,train,-7.0,0.8112421035766602,13.476287841796877,1.0,ok,,/Users/jeevikakiran/Documents/USC/Multimodal/Project/syncnet_work_pretrained/pycrop/id02316__00094_fake__aba18cdab7/00000.avi,0.9747974566648229
id00368__00078_fake__fc38cf61ea,id00368,fake.mp4,-,rtvc,B,RealVideo-FakeAudio,Caucasian (European),men,00078_fake.mp4,RealVideo-FakeAudio/Caucasian (European)/men/id00368,RealVideo-FakeAudio/Caucasian (European)/men/id00368/00078_fake.mp4,/Users/jeevikakiran/Documents/USC/Multimodal/Project/FakeAVCeleb_v1.2/FakeAVCeleb_v1.2/RealVideo-FakeAudio/Caucasian (European)/men/id00368/00078_fake.mp4,1,0,1,1,FAKE,val,10.0,1.1726112365722656,13.33156681060791,1.0,ok,,/Users/jeevikakiran/Documents/USC/Multimodal/Project/syncnet_work_pretrained/pycrop/id00368__00078_fake__fc38cf61ea/00000.avi,0.9951287112148168
id06225__00005__a0ae3510d1,id06225,-,-,real,A,RealVideo-RealAudio,Asian (East),women,00005.mp4,RealVideo-RealAudio/Asian (East)/women/id06225,RealVideo-RealAudio/Asian (East)/women/id06225/00005.mp4,/Users/jeevikakiran/Documents/USC/Multimodal/Project/FakeAVCeleb_v1.2/FakeAVCeleb_v1.2/RealVideo-RealAudio/Asian (East)/women/id06225/00005.mp4,1,0,0,0,REAL,train,-2.0,7.531254291534424,7.359602451324463,1.0,ok,,/Users/jeevikakiran/Documents/USC/Multimodal/Project/syncnet_work_pretrained/pycrop/id06225__00005__a0ae3510d1/00000.avi,0.48937990790198005
id00235__00052_fake__4851dd7891,id00235,fake.mp4,-,rtvc,B,RealVideo-FakeAudio,Asian (South),women,00052_fake.mp4,RealVideo-FakeAudio/Asian (South)/women/id00235,RealVideo-FakeAudio/Asian (South)/women/id00235/00052_fake.mp4,/Users/jeevikakiran/Documents/USC/Multimodal/Project/FakeAVCeleb_v1.2/FakeAVCeleb_v1.2/RealVideo-FakeAudio/Asian (South)/women/id00235/00052_fake.mp4,1,0,1,1,FAKE,train,15.0,2.1546144485473633,12.82578945159912,1.0,ok,,/Users/jeevikakiran/Documents/USC/Multimodal/Project/syncnet_work_pretrained/pycrop/id00235__00052_fake__4851dd7891/00000.avi,0.999712849502974
id00548__00015_id00368_kohcgdsg29u__d48aafe96d,id00548,id00368,-,fsgan,C,FakeVideo-RealAudio,Caucasian (European),men,00015_id00368_KohcGDsg29U.mp4,FakeVideo-RealAudio/Caucasian (European)/men/id00548,FakeVideo-RealAudio/Caucasian (European)/men/id00548/00015_id00368_KohcGDsg29U.mp4,/Users/jeevikakiran/Documents/USC/Multimodal/Project/FakeAVCeleb_v1.2/FakeAVCeleb_v1.2/FakeVideo-RealAudio/Caucasian (European)/men/id00548/00015_id00368_KohcGDsg29U.mp4,1,1,0,1,FAKE,train,0.0,3.935931205749512,8.847959518432617,1.0,ok,,/Users/jeevikakiran/Documents/USC/Multimodal/Project/syncnet_work_pretrained/pycrop/id00548__00015_id00368_kohcgdsg29u__d48aafe96d/00000.avi,0.03574992834806365
id00415__00017__abeffd79ea,id00415,-,-,real,A,RealVideo-RealAudio,Caucasian (European),men,00017.mp4,RealVideo-RealAudio/Caucasian (European)/men/id00415,RealVideo-RealAudio/Caucasian (European)/men/id00415/00017.mp4,/Users/jeevikakiran/Documents/USC/Multimodal/Project/FakeAVCeleb_v1.2/FakeAVCeleb_v1.2/RealVideo-RealAudio/Caucasian (European)/men/id00415/00017.mp4,1,0,0,0,REAL,train,1.0,6.308198928833008,7.452349662780762,1.0,ok,,/Users/jeevikakiran/Documents/USC/Multimodal/Project/syncnet_work_pretrained/pycrop/id00415__00017__abeffd79ea/00000.avi,0.1193601523113523
id04582__00180_id06445_nwtdqoxebdy_id04530_wavtolip__219bb85d93,id04582,id06445,id04530,fsgan-wav2lip,D,FakeVideo-FakeAudio,Asian (South),women,00180_id06445_NWtdqOxEbDY_id04530_wavtolip.mp4,FakeVideo-FakeAudio/Asian (South)/women/id04582,FakeVideo-FakeAudio/Asian (South)/women/id04582/00180_id06445_NWtdqOxEbDY_id04530_wavtolip.mp4,/Users/jeevikakiran/Documents/USC/Multimodal/Project/FakeAVCeleb_v1.2/FakeAVCeleb_v1.2/FakeVideo-FakeAudio/Asian (South)/women/id04582/00180_id06445_NWtdqOxEbDY_id04530_wavtolip.mp4,1,1,1,1,FAKE,train,-2.0,9.441902160644531,6.480156421661377,1.0,ok,,/Users/jeevikakiran/Documents/USC/Multimodal/Project/syncnet_work_pretrained/pycrop/id04582__00180_id06445_nwtdqoxebdy_id04530_wavtolip__219bb85d93/00000.avi,0.7372739700961564
id00680__00110__cd94c721b0,id00680,-,-,real,A,RealVideo-RealAudio,Caucasian (American),women,00110.mp4,RealVideo-RealAudio/Caucasian (American)/women/id00680,RealVideo-RealAudio/Caucasian (American)/women/id00680/00110.mp4,/Users/jeevikakiran/Documents/USC/Multimodal/Project/FakeAVCeleb_v1.2/FakeAVCeleb_v1.2/RealVideo-RealAudio/Caucasian (American)/women/id00680/00110.mp4,1,0,0,0,REAL,train,-2.0,5.750215530395508,7.741700172424316,1.0,ok,,/Users/jeevikakiran/Documents/USC/Multimodal/Project/syncnet_work_pretrained/pycrop/id00680__00110__cd94c721b0/00000.avi,0.1439918631862754
id00484__00202__0d943e5f27,id00484,-,-,real,A,RealVideo-RealAudio,Caucasian (European),women,00202.mp4,RealVideo-RealAudio/Caucasian (European)/women/id00484,RealVideo-RealAudio/Caucasian (European)/women/id00484/00202.mp4,/Users/jeevikakiran/Documents/USC/Multimodal/Project/FakeAVCeleb_v1.2/FakeAVCeleb_v1.2/RealVideo-RealAudio/Caucasian (European)/women/id00484/00202.mp4,1,0,0,0,REAL,train,-2.0,6.54594612121582,7.512985706329346,1.0,ok,,/Users/jeevikakiran/Documents/USC/Multimodal/Project/syncnet_work_pretrained/pycrop/id00484__00202__0d943e5f27/00000.avi,0.2491809279758578
id00042__00028_id00287_2npfyjymspm_id00262_wavtolip__0536997ebd,id00042,id00287,id00262,fsgan-wav2lip,D,FakeVideo-FakeAudio,Caucasian (European),women,00028_id00287_2NpfYjyMsPM_id00262_wavtolip.mp4,FakeVideo-FakeAudio/Caucasian (European)/women/id00042,FakeVideo-FakeAudio/Caucasian (European)/women/id00042/00028_id00287_2NpfYjyMsPM_id00262_wavtolip.mp4,/Users/jeevikakiran/Documents/USC/Multimodal/Project/FakeAVCeleb_v1.2/FakeAVCeleb_v1.2/FakeVideo-FakeAudio/Caucasian (European)/women/id00042/00028_id00287_2NpfYjyMsPM_id00262_wavtolip.mp4,1,1,1,1,FAKE,train,-2.0,6.490115165710449,8.01719856262207,1.0,ok,,/Users/jeevikakiran/Documents/USC/Multimodal/Project/syncnet_work_pretrained/pycrop/id00042__00028_id00287_2npfyjymspm_id00262_wavtolip__0536997ebd/00000.avi,0.4189923151197948
id01683__00052__53d3da2c22,id01683,-,-,real,A,RealVideo-RealAudio,Asian (East),men,00052.mp4,RealVideo-RealAudio/Asian (East)/men/id01683,RealVideo-RealAudio/Asian (East)/men/id01683/00052.mp4,/Users/jeevikakiran/Documents/USC/Multimodal/Project/FakeAVCeleb_v1.2/FakeAVCeleb_v1.2/RealVideo-RealAudio/Asian (East)/men/id01683/00052.mp4,1,0,0,0,REAL,train,0.0,5.296623229980469,8.953889846801758,1.0,ok,,/Users/jeevikakiran/Documents/USC/Multimodal/Project/syncnet_work_pretrained/pycrop/id01683__00052__53d3da2c22/00000.avi,0.2151615978057593
id06467__00010__604d7b195e,id06467,-,-,real,A,RealVideo-RealAudio,Asian (East),men,00010.mp4,RealVideo-RealAudio/Asian (East)/men/id06467,RealVideo-RealAudio/Asian (East)/men/id06467/00010.mp4,/Users/jeevikakiran/Documents/USC/Multimodal/Project/FakeAVCeleb_v1.2/FakeAVCeleb_v1.2/RealVideo-RealAudio/Asian (East)/men/id06467/00010.mp4,1,0,0,0,REAL,train,-2.0,7.043251037597656,7.662209987640381,1.0,ok,,/Users/jeevikakiran/Documents/USC/Multimodal/Project/syncnet_work_pretrained/pycrop/id06467__00010__604d7b195e/00000.avi,0.45381008211058826
id00020__00206__ed4bd71d18,id00020,-,-,real,A,RealVideo-RealAudio,Caucasian (American),men,00206.mp4,RealVideo-RealAudio/Caucasian (American)/men/id00020,RealVideo-RealAudio/Caucasian (American)/men/id00020/00206.mp4,/Users/jeevikakiran/Documents/USC/Multimodal/Project/FakeAVCeleb_v1.2/FakeAVCeleb_v1.2/RealVideo-RealAudio/Caucasian (American)/men/id00020/00206.mp4,1,0,0,0,REAL,train,0.0,7.438052177429199,7.304444313049316,1.0,ok,,/Users/jeevikakiran/Documents/USC/Multimodal/Project/syncnet_work_pretrained/pycrop/id00020__00206__ed4bd71d18/00000.avi,0.22968854043790424
id09175__00072_fake__5f0ed20932,id09175,fake.mp4,-,rtvc,B,RealVideo-FakeAudio,Asian (East),women,00072_fake.mp4,RealVideo-FakeAudio/Asian (East)/women/id09175,RealVideo-FakeAudio/Asian (East)/women/id09175/00072_fake.mp4,/Users/jeevikakiran/Documents/USC/Multimodal/Project/FakeAVCeleb_v1.2/FakeAVCeleb_v1.2/RealVideo-FakeAudio/Asian (East)/women/id09175/00072_fake.mp4,1,0,1,1,FAKE,val,10.0,0.992950439453125,13.988561630249023,1.0,ok,,/Users/jeevikakiran/Documents/USC/Multimodal/Project/syncnet_work_pretrained/pycrop/id09175__00072_fake__5f0ed20932/00000.avi,0.9979494427071606
id00126__00173_fake__2db0c4adc0,id00126,fake.mp4,-,rtvc,B,RealVideo-FakeAudio,Asian (East),men,00173_fake.mp4,RealVideo-FakeAudio/Asian (East)/men/id00126,RealVideo-FakeAudio/Asian (East)/men/id00126/00173_fake.mp4,/Users/jeevikakiran/Documents/USC/Multimodal/Project/FakeAVCeleb_v1.2/FakeAVCeleb_v1.2/RealVideo-FakeAudio/Asian (East)/men/id00126/00173_fake.mp4,1,0,1,1,FAKE,train,2.0,0.704193115234375,14.376021385192873,1.0,ok,,/Users/jeevikakiran/Documents/USC/Multimodal/Project/syncnet_work_pretrained/pycrop/id00126__00173_fake__2db0c4adc0/00000.avi,0.9343750415795523
id00577__00010_fake__96b61f77c7,id00577,fake.mp4,-,rtvc,B,RealVideo-FakeAudio,African,women,00010_fake.mp4,RealVideo-FakeAudio/African/women/id00577,RealVideo-FakeAudio/African/women/id00577/00010_fake.mp4,/Users/jeevikakiran/Documents/USC/Multimodal/Project/FakeAVCeleb_v1.2/FakeAVCeleb_v1.2/RealVideo-FakeAudio/African/women/id00577/00010_fake.mp4,1,0,1,1,FAKE,train,15.0,3.3132410049438477,8.949692726135254,2.0,ok,,/Users/jeevikakiran/Documents/USC/Multimodal/Project/syncnet_work_pretrained/pycrop/id00577__00010_fake__96b61f77c7/00001.avi,0.9595312067799218
id01156__00078__510299279f,id01156,-,-,real,A,RealVideo-RealAudio,Caucasian (European),men,00078.mp4,RealVideo-RealAudio/Caucasian (European)/men/id01156,RealVideo-RealAudio/Caucasian (European)/men/id01156/00078.mp4,/Users/jeevikakiran/Documents/USC/Multimodal/Project/FakeAVCeleb_v1.2/FakeAVCeleb_v1.2/RealVideo-RealAudio/Caucasian (European)/men/id01156/00078.mp4,1,0,0,0,REAL,train,-2.0,6.547209739685059,8.108901023864746,1.0,ok,,/Users/jeevikakiran/Documents/USC/Multimodal/Project/syncnet_work_pretrained/pycrop/id01156__00078__510299279f/00000.avi,0.4760884838243568
id01211__00023__a80d35715d,id01211,-,-,real,A,RealVideo-RealAudio,Caucasian (American),men,00023.mp4,RealVideo-RealAudio/Caucasian (American)/men/id01211,RealVideo-RealAudio/Caucasian (American)/men/id01211/00023.mp4,/Users/jeevikakiran/Documents/USC/Multimodal/Project/FakeAVCeleb_v1.2/FakeAVCeleb_v1.2/RealVideo-RealAudio/Caucasian (American)/men/id01211/00023.mp4,1,0,0,0,REAL,val,-1.0,3.733389854431152,8.96888256072998,1.0,ok,,/Users/jeevikakiran/Documents/USC/Multimodal/Project/syncnet_work_pretrained/pycrop/id01211__00023__a80d35715d/00000.avi,0.05279502784064465
id00403__00052_id00374_w1qi7y9agtc_id00271_wavtolip__35d7da4d4b,id00403,id00374,id00271,fsgan-wav2lip,D,FakeVideo-FakeAudio,Caucasian (European),women,00052_id00374_w1qI7y9AGTc_id00271_wavtolip.mp4,FakeVideo-FakeAudio/Caucasian (European)/women/id00403,FakeVideo-FakeAudio/Caucasian (European)/women/id00403/00052_id00374_w1qI7y9AGTc_id00271_wavtolip.mp4,/Users/jeevikakiran/Documents/USC/Multimodal/Project/FakeAVCeleb_v1.2/FakeAVCeleb_v1.2/FakeVideo-FakeAudio/Caucasian (European)/women/id00403/00052_id00374_w1qI7y9AGTc_id00271_wavtolip.mp4,1,1,1,1,FAKE,train,-2.0,8.018209457397461,7.123099327087402,1.0,ok,,/Users/jeevikakiran/Documents/USC/Multimodal/Project/syncnet_work_pretrained/pycrop/id00403__00052_id00374_w1qi7y9agtc_id00271_wavtolip__35d7da4d4b/00000.avi,0.5524213082914421
id07689__00028__1a299f29f3,id07689,-,-,real,A,RealVideo-RealAudio,Asian (South),women,00028.mp4,RealVideo-RealAudio/Asian (South)/women/id07689,RealVideo-RealAudio/Asian (South)/women/id07689/00028.mp4,/Users/jeevikakiran/Documents/USC/Multimodal/Project/FakeAVCeleb_v1.2/FakeAVCeleb_v1.2/RealVideo-RealAudio/Asian (South)/women/id07689/00028.mp4,1,0,0,0,REAL,val,-2.0,4.539789199829102,9.3209810256958,1.0,ok,,/Users/jeevikakiran/Documents/USC/Multimodal/Project/syncnet_work_pretrained/pycrop/id07689__00028__1a299f29f3/00000.avi,0.3233693585021274
id00434__00046__b8f7e09aed,id00434,-,-,real,A,RealVideo-RealAudio,Caucasian (European),women,00046.mp4,RealVideo-RealAudio/Caucasian (European)/women/id00434,RealVideo-RealAudio/Caucasian (European)/women/id00434/00046.mp4,/Users/jeevikakiran/Documents/USC/Multimodal/Project/FakeAVCeleb_v1.2/FakeAVCeleb_v1.2/RealVideo-RealAudio/Caucasian (European)/women/id00434/00046.mp4,1,0,0,0,REAL,train,-2.0,5.126342296600342,7.961395263671875,1.0,ok,,/Users/jeevikakiran/Documents/USC/Multimodal/Project/syncnet_work_pretrained/pycrop/id00434__00046__b8f7e09aed/00000.avi,0.09559437626690107
id03707__00055__c1ce43a802,id03707,-,-,real,A,RealVideo-RealAudio,Caucasian (American),women,00055.mp4,RealVideo-RealAudio/Caucasian (American)/women/id03707,RealVideo-RealAudio/Caucasian (American)/women/id03707/00055.mp4,/Users/jeevikakiran/Documents/USC/Multimodal/Project/FakeAVCeleb_v1.2/FakeAVCeleb_v1.2/RealVideo-RealAudio/Caucasian (American)/women/id03707/00055.mp4,1,0,0,0,REAL,train,-3.0,9.313270568847656,6.731753349304199,1.0,ok,,/Users/jeevikakiran/Documents/USC/Multimodal/Project/syncnet_work_pretrained/pycrop/id03707__00055__c1ce43a802/00000.avi,0.8530870846737378
id00897__00005_id00330_zcffggsiz_s__f4c8b78aeb,id00897,id00330,-,fsgan,C,FakeVideo-RealAudio,Caucasian (European),women,00005_id00330_zCFFgGSIZ_s.mp4,FakeVideo-RealAudio/Caucasian (European)/women/id00897,FakeVideo-RealAudio/Caucasian (European)/women/id00897/00005_id00330_zCFFgGSIZ_s.mp4,/Users/jeevikakiran/Documents/USC/Multimodal/Project/FakeAVCeleb_v1.2/FakeAVCeleb_v1.2/FakeVideo-RealAudio/Caucasian (European)/women/id00897/00005_id00330_zCFFgGSIZ_s.mp4,1,1,0,1,FAKE,train,1.0,3.959080696105957,9.45472812652588,1.0,ok,,/Users/jeevikakiran/Documents/USC/Multimodal/Project/syncnet_work_pretrained/pycrop/id00897__00005_id00330_zcffggsiz_s__f4c8b78aeb/00000.avi,0.14615756213836487
id06470__00052_id00056_wavtolip__4f4944a329,id06470,id00056,-,wav2lip,D,FakeVideo-FakeAudio,Asian (East),men,00052_id00056_wavtolip.mp4,FakeVideo-FakeAudio/Asian (East)/men/id06470,FakeVideo-FakeAudio/Asian (East)/men/id06470/00052_id00056_wavtolip.mp4,/Users/jeevikakiran/Documents/USC/Multimodal/Project/FakeAVCeleb_v1.2/FakeAVCeleb_v1.2/FakeVideo-FakeAudio/Asian (East)/men/id06470/00052_id00056_wavtolip.mp4,1,1,1,1,FAKE,train,-2.0,7.905293941497803,6.9626617431640625,1.0,ok,,/Users/jeevikakiran/Documents/USC/Multimodal/Project/syncnet_work_pretrained/pycrop/id06470__00052_id00056_wavtolip__4f4944a329/00000.avi,0.44732999748481117
id02508__00083_fake__b69a765a91,id02508,fake.mp4,-,rtvc,B,RealVideo-FakeAudio,African,women,00083_fake.mp4,RealVideo-FakeAudio/African/women/id02508,RealVideo-FakeAudio/African/women/id02508/00083_fake.mp4,/Users/jeevikakiran/Documents/USC/Multimodal/Project/FakeAVCeleb_v1.2/FakeAVCeleb_v1.2/RealVideo-FakeAudio/African/women/id02508/00083_fake.mp4,1,0,1,1,FAKE,train,-11.0,2.887448310852051,11.983597755432127,1.0,ok,,/Users/jeevikakiran/Documents/USC/Multimodal/Project/syncnet_work_pretrained/pycrop/id02508__00083_fake__b69a765a91/00000.avi,0.9970290741738247
id00832__00078__ad2727166f,id00832,-,-,real,A,RealVideo-RealAudio,African,women,00078.mp4,RealVideo-RealAudio/African/women/id00832,RealVideo-RealAudio/African/women/id00832/00078.mp4,/Users/jeevikakiran/Documents/USC/Multimodal/Project/FakeAVCeleb_v1.2/FakeAVCeleb_v1.2/RealVideo-RealAudio/African/women/id00832/00078.mp4,1,0,0,0,REAL,train,2.0,5.9354634284973145,7.610598087310791,1.0,ok,,/Users/jeevikakiran/Documents/USC/Multimodal/Project/syncnet_work_pretrained/pycrop/id00832__00078__ad2727166f/00000.avi,0.14732916088412906
id00694__00340__1b9d1358e9,id00694,-,-,real,A,RealVideo-RealAudio,Caucasian (European),men,00340.mp4,RealVideo-RealAudio/Caucasian (European)/men/id00694,RealVideo-RealAudio/Caucasian (European)/men/id00694/00340.mp4,/Users/jeevikakiran/Documents/USC/Multimodal/Project/FakeAVCeleb_v1.2/FakeAVCeleb_v1.2/RealVideo-RealAudio/Caucasian (European)/men/id00694/00340.mp4,1,0,0,0,REAL,train,-1.0,5.7816162109375,8.960740089416504,1.0,ok,,/Users/jeevikakiran/Documents/USC/Multimodal/Project/syncnet_work_pretrained/pycrop/id00694__00340__1b9d1358e9/00000.avi,0.46051492356085344
id05235__00052__12ea99b1ed,id05235,-,-,real,A,RealVideo-RealAudio,African,women,00052.mp4,RealVideo-RealAudio/African/women/id05235,RealVideo-RealAudio/African/women/id05235/00052.mp4,/Users/jeevikakiran/Documents/USC/Multimodal/Project/FakeAVCeleb_v1.2/FakeAVCeleb_v1.2/RealVideo-RealAudio/African/women/id05235/00052.mp4,1,0,0,0,REAL,train,0.0,6.406513690948486,7.975538730621338,1.0,ok,,/Users/jeevikakiran/Documents/USC/Multimodal/Project/syncnet_work_pretrained/pycrop/id05235__00052__12ea99b1ed/00000.avi,0.18864136809929213
id00266__00470__863a01a8f9,id00266,-,-,real,A,RealVideo-RealAudio,Caucasian (European),men,00470.mp4,RealVideo-RealAudio/Caucasian (European)/men/id00266,RealVideo-RealAudio/Caucasian (European)/men/id00266/00470.mp4,/Users/jeevikakiran/Documents/USC/Multimodal/Project/FakeAVCeleb_v1.2/FakeAVCeleb_v1.2/RealVideo-RealAudio/Caucasian (European)/men/id00266/00470.mp4,1,0,0,0,REAL,train,2.0,7.210520744323731,7.124905586242676,1.0,ok,,/Users/jeevikakiran/Documents/USC/Multimodal/Project/syncnet_work_pretrained/pycrop/id00266__00470__863a01a8f9/00000.avi,0.29567353734657725
id00137__00025_fake__fb6c322340,id00137,fake.mp4,-,rtvc,B,RealVideo-FakeAudio,Asian (East),women,00025_fake.mp4,RealVideo-FakeAudio/Asian (East)/women/id00137,RealVideo-FakeAudio/Asian (East)/women/id00137/00025_fake.mp4,/Users/jeevikakiran/Documents/USC/Multimodal/Project/FakeAVCeleb_v1.2/FakeAVCeleb_v1.2/RealVideo-FakeAudio/Asian (East)/women/id00137/00025_fake.mp4,1,0,1,1,FAKE,train,11.0,2.887929916381836,12.026795387268066,1.0,ok,,/Users/jeevikakiran/Documents/USC/Multimodal/Project/syncnet_work_pretrained/pycrop/id00137__00025_fake__fb6c322340/00000.avi,0.9972391301623258
id09181__00048__918499f4d7,id09181,-,-,real,A,RealVideo-RealAudio,Asian (East),women,00048.mp4,RealVideo-RealAudio/Asian (East)/women/id09181,RealVideo-RealAudio/Asian (East)/women/id09181/00048.mp4,/Users/jeevikakiran/Documents/USC/Multimodal/Project/FakeAVCeleb_v1.2/FakeAVCeleb_v1.2/RealVideo-RealAudio/Asian (East)/women/id09181/00048.mp4,1,0,0,0,REAL,train,-1.0,6.971925735473633,7.334230422973633,1.0,ok,,/Users/jeevikakiran/Documents/USC/Multimodal/Project/syncnet_work_pretrained/pycrop/id09181__00048__918499f4d7/00000.avi,0.21263832759889686
id06065__00160__7939fac555,id06065,-,-,real,A,RealVideo-RealAudio,Asian (East),women,00160.mp4,RealVideo-RealAudio/Asian (East)/women/id06065,RealVideo-RealAudio/Asian (East)/women/id06065/00160.mp4,/Users/jeevikakiran/Documents/USC/Multimodal/Project/FakeAVCeleb_v1.2/FakeAVCeleb_v1.2/RealVideo-RealAudio/Asian (East)/women/id06065/00160.mp4,1,0,0,0,REAL,train,-2.0,5.42591667175293,8.446995735168457,1.0,ok,,/Users/jeevikakiran/Documents/USC/Multimodal/Project/syncnet_work_pretrained/pycrop/id06065__00160__7939fac555/00000.avi,0.2637417219809737
id06591__00021_fake__6eeedc5ae5,id06591,fake.mp4,-,rtvc,B,RealVideo-FakeAudio,Asian (East),men,00021_fake.mp4,RealVideo-FakeAudio/Asian (East)/men/id06591,RealVideo-FakeAudio/Asian (East)/men/id06591/00021_fake.mp4,/Users/jeevikakiran/Documents/USC/Multimodal/Project/FakeAVCeleb_v1.2/FakeAVCeleb_v1.2/RealVideo-FakeAudio/Asian (East)/men/id06591/00021_fake.mp4,1,0,1,1,FAKE,train,7.0,1.270033836364746,12.49689483642578,1.0,ok,,/Users/jeevikakiran/Documents/USC/Multimodal/Project/syncnet_work_pretrained/pycrop/id06591__00021_fake__6eeedc5ae5/00000.avi,0.9319434734216668
id00021__00010_id00021_wavtolip__a38cf09c5b,id00021,id00021,-,wav2lip,D,FakeVideo-FakeAudio,Caucasian (American),men,00010_id00021_wavtolip.mp4,FakeVideo-FakeAudio/Caucasian (American)/men/id00021,FakeVideo-FakeAudio/Caucasian (American)/men/id00021/00010_id00021_wavtolip.mp4,/Users/jeevikakiran/Documents/USC/Multimodal/Project/FakeAVCeleb_v1.2/FakeAVCeleb_v1.2/FakeVideo-FakeAudio/Caucasian (American)/men/id00021/00010_id00021_wavtolip.mp4,1,1,1,1,FAKE,train,-2.0,6.231801986694336,8.983026504516602,1.0,ok,,/Users/jeevikakiran/Documents/USC/Multimodal/Project/syncnet_work_pretrained/pycrop/id00021__00010_id00021_wavtolip__a38cf09c5b/00000.avi,0.722518690738875
id07182__00040__c004691801,id07182,-,-,real,A,RealVideo-RealAudio,Asian (South),men,00040.mp4,RealVideo-RealAudio/Asian (South)/men/id07182,RealVideo-RealAudio/Asian (South)/men/id07182/00040.mp4,/Users/jeevikakiran/Documents/USC/Multimodal/Project/FakeAVCeleb_v1.2/FakeAVCeleb_v1.2/RealVideo-RealAudio/Asian (South)/men/id07182/00040.mp4,1,0,0,0,REAL,train,-2.0,3.661013603210449,9.928698539733888,1.0,ok,,/Users/jeevikakiran/Documents/USC/Multimodal/Project/syncnet_work_pretrained/pycrop/id07182__00040__c004691801/00000.avi,0.2912092767670278
id00945__00107_fake__43cc4dff59,id00945,fake.mp4,-,rtvc,B,RealVideo-FakeAudio,Caucasian (American),men,00107_fake.mp4,RealVideo-FakeAudio/Caucasian (American)/men/id00945,RealVideo-FakeAudio/Caucasian (American)/men/id00945/00107_fake.mp4,/Users/jeevikakiran/Documents/USC/Multimodal/Project/FakeAVCeleb_v1.2/FakeAVCeleb_v1.2/RealVideo-FakeAudio/Caucasian (American)/men/id00945/00107_fake.mp4,1,0,1,1,FAKE,train,-7.0,0.5405235290527344,13.665131568908691,1.0,ok,,/Users/jeevikakiran/Documents/USC/Multimodal/Project/syncnet_work_pretrained/pycrop/id00945__00107_fake__43cc4dff59/00000.avi,0.9736980178284972
id00225__00078_id00185_1lsgwpwnl1m_id00559_wavtolip__bad82a6800,id00225,id00185,id00559,fsgan-wav2lip,D,FakeVideo-FakeAudio,Caucasian (European),men,00078_id00185_1lsGWpwnl1M_id00559_wavtolip.mp4,FakeVideo-FakeAudio/Caucasian (European)/men/id00225,FakeVideo-FakeAudio/Caucasian (European)/men/id00225/00078_id00185_1lsGWpwnl1M_id00559_wavtolip.mp4,/Users/jeevikakiran/Documents/USC/Multimodal/Project/FakeAVCeleb_v1.2/FakeAVCeleb_v1.2/FakeVideo-FakeAudio/Caucasian (European)/men/id00225/00078_id00185_1lsGWpwnl1M_id00559_wavtolip.mp4,1,1,1,1,FAKE,train,-2.0,8.611990928649902,6.252234935760498,1.0,ok,,/Users/jeevikakiran/Documents/USC/Multimodal/Project/syncnet_work_pretrained/pycrop/id00225__00078_id00185_1lsgwpwnl1m_id00559_wavtolip__bad82a6800/00000.avi,0.38603598453445837
id01052__00076_fake__def790c397,id01052,fake.mp4,-,rtvc,B,RealVideo-FakeAudio,Caucasian (European),men,00076_fake.mp4,RealVideo-FakeAudio/Caucasian (European)/men/id01052,RealVideo-FakeAudio/Caucasian (European)/men/id01052/00076_fake.mp4,/Users/jeevikakiran/Documents/USC/Multimodal/Project/FakeAVCeleb_v1.2/FakeAVCeleb_v1.2/RealVideo-FakeAudio/Caucasian (European)/men/id01052/00076_fake.mp4,1,0,1,1,FAKE,train,15.0,2.3983726501464844,13.210330963134766,1.0,ok,,/Users/jeevikakiran/Documents/USC/Multimodal/Project/syncnet_work_pretrained/pycrop/id01052__00076_fake__def790c397/00000.avi,0.9998917004296196
id02807__00032__702e20b7a6,id02807,-,-,real,A,RealVideo-RealAudio,Asian (East),women,00032.mp4,RealVideo-RealAudio/Asian (East)/women/id02807,RealVideo-RealAudio/Asian (East)/women/id02807/00032.mp4,/Users/jeevikakiran/Documents/USC/Multimodal/Project/FakeAVCeleb_v1.2/FakeAVCeleb_v1.2/RealVideo-RealAudio/Asian (East)/women/id02807/00032.mp4,1,0,0,0,REAL,train,-1.0,6.751702785491943,7.507643699645996,1.0,ok,,/Users/jeevikakiran/Documents/USC/Multimodal/Project/syncnet_work_pretrained/pycrop/id02807__00032__702e20b7a6/00000.avi,0.21226145984428543
id00594__00005_id00694_wavtolip__b1960637a1,id00594,id00694,-,wav2lip,D,FakeVideo-FakeAudio,Caucasian (European),men,00005_id00694_wavtolip.mp4,FakeVideo-FakeAudio/Caucasian (European)/men/id00594,FakeVideo-FakeAudio/Caucasian (European)/men/id00594/00005_id00694_wavtolip.mp4,/Users/jeevikakiran/Documents/USC/Multimodal/Project/FakeAVCeleb_v1.2/FakeAVCeleb_v1.2/FakeVideo-FakeAudio/Caucasian (European)/men/id00594/00005_id00694_wavtolip.mp4,1,1,1,1,FAKE,train,-2.0,8.083211898803711,6.589791297912598,1.0,ok,,/Users/jeevikakiran/Documents/USC/Multimodal/Project/syncnet_work_pretrained/pycrop/id00594__00005_id00694_wavtolip__b1960637a1/00000.avi,0.35378763814960484
id01452__00001__f8d2f58f3c,id01452,-,-,real,A,RealVideo-RealAudio,African,men,00001.mp4,RealVideo-RealAudio/African/men/id01452,RealVideo-RealAudio/African/men/id01452/00001.mp4,/Users/jeevikakiran/Documents/USC/Multimodal/Project/FakeAVCeleb_v1.2/FakeAVCeleb_v1.2/RealVideo-RealAudio/African/men/id01452/00001.mp4,1,0,0,0,REAL,train,-3.0,4.705622673034668,8.24061107635498,1.0,ok,,/Users/jeevikakiran/Documents/USC/Multimodal/Project/syncnet_work_pretrained/pycrop/id01452__00001__f8d2f58f3c/00000.avi,0.1341805974945997
id01610__00090__f683538f3c,id01610,-,-,real,A,RealVideo-RealAudio,African,men,00090.mp4,RealVideo-RealAudio/African/men/id01610,RealVideo-RealAudio/African/men/id01610/00090.mp4,/Users/jeevikakiran/Documents/USC/Multimodal/Project/FakeAVCeleb_v1.2/FakeAVCeleb_v1.2/RealVideo-RealAudio/African/men/id01610/00090.mp4,1,0,0,0,REAL,train,-2.0,6.575918197631836,7.706464767456055,1.0,ok,,/Users/jeevikakiran/Documents/USC/Multimodal/Project/syncnet_work_pretrained/pycrop/id01610__00090__f683538f3c/00000.avi,0.32379895038551704
id00241__00015_id00063_cvzbxc2rjpm_id00594_wavtolip__d062864238,id00241,id00063,id00594,fsgan-wav2lip,D,FakeVideo-FakeAudio,Caucasian (European),men,00015_id00063_cVZBXC2rjPM_id00594_wavtolip.mp4,FakeVideo-FakeAudio/Caucasian (European)/men/id00241,FakeVideo-FakeAudio/Caucasian (European)/men/id00241/00015_id00063_cVZBXC2rjPM_id00594_wavtolip.mp4,/Users/jeevikakiran/Documents/USC/Multimodal/Project/FakeAVCeleb_v1.2/FakeAVCeleb_v1.2/FakeVideo-FakeAudio/Caucasian (European)/men/id00241/00015_id00063_cVZBXC2rjPM_id00594_wavtolip.mp4,1,1,1,1,FAKE,train,-2.0,6.857542514801025,7.76619291305542,1.0,ok,,/Users/jeevikakiran/Documents/USC/Multimodal/Project/syncnet_work_pretrained/pycrop/id00241__00015_id00063_cvzbxc2rjpm_id00594_wavtolip__d062864238/00000.avi,0.43573601628856196
id00761__00072__b4b3818c55,id00761,-,-,real,A,RealVideo-RealAudio,African,men,00072.mp4,RealVideo-RealAudio/African/men/id00761,RealVideo-RealAudio/African/men/id00761/00072.mp4,/Users/jeevikakiran/Documents/USC/Multimodal/Project/FakeAVCeleb_v1.2/FakeAVCeleb_v1.2/RealVideo-RealAudio/African/men/id00761/00072.mp4,1,0,0,0,REAL,train,0.0,6.190739631652832,8.232251167297363,1.0,ok,,/Users/jeevikakiran/Documents/USC/Multimodal/Project/syncnet_work_pretrained/pycrop/id00761__00072__b4b3818c55/00000.avi,0.21171893166372704
id04222__00078__bfc1640a83,id04222,-,-,real,A,RealVideo-RealAudio,Asian (East),men,00078.mp4,RealVideo-RealAudio/Asian (East)/men/id04222,RealVideo-RealAudio/Asian (East)/men/id04222/00078.mp4,/Users/jeevikakiran/Documents/USC/Multimodal/Project/FakeAVCeleb_v1.2/FakeAVCeleb_v1.2/RealVideo-RealAudio/Asian (East)/men/id04222/00078.mp4,1,0,0,0,REAL,train,-1.0,5.562636375427246,7.936355590820312,1.0,ok,,/Users/jeevikakiran/Documents/USC/Multimodal/Project/syncnet_work_pretrained/pycrop/id04222__00078__bfc1640a83/00000.avi,0.10155401261356616
id00694__00340_id00265_dzq57foxxr4__6c5b2085cc,id00694,id00265,-,fsgan,C,FakeVideo-RealAudio,Caucasian (European),men,00340_id00265_dZq57FoxXR4.mp4,FakeVideo-RealAudio/Caucasian (European)/men/id00694,FakeVideo-RealAudio/Caucasian (European)/men/id00694/00340_id00265_dZq57FoxXR4.mp4,/Users/jeevikakiran/Documents/USC/Multimodal/Project/FakeAVCeleb_v1.2/FakeAVCeleb_v1.2/FakeVideo-RealAudio/Caucasian (European)/men/id00694/00340_id00265_dZq57FoxXR4.mp4,1,1,0,1,FAKE,train,-1.0,4.789934158325195,9.104387283325195,1.0,ok,,/Users/jeevikakiran/Documents/USC/Multimodal/Project/syncnet_work_pretrained/pycrop/id00694__00340_id00265_dzq57foxxr4__6c5b2085cc/00000.avi,0.22378700454258227
id09171__00092__8fcaa380eb,id09171,-,-,real,A,RealVideo-RealAudio,Asian (East),women,00092.mp4,RealVideo-RealAudio/Asian (East)/women/id09171,RealVideo-RealAudio/Asian (East)/women/id09171/00092.mp4,/Users/jeevikakiran/Documents/USC/Multimodal/Project/FakeAVCeleb_v1.2/FakeAVCeleb_v1.2/RealVideo-RealAudio/Asian (East)/women/id09171/00092.mp4,1,0,0,0,REAL,train,-2.0,6.595682144165039,8.060142517089844,1.0,ok,,/Users/jeevikakiran/Documents/USC/Multimodal/Project/syncnet_work_pretrained/pycrop/id09171__00092__8fcaa380eb/00000.avi,0.4717570982060629
id00568__00384__41551f6cde,id00568,-,-,real,A,RealVideo-RealAudio,African,women,00384.mp4,RealVideo-RealAudio/African/women/id00568,RealVideo-RealAudio/African/women/id00568/00384.mp4,/Users/jeevikakiran/Documents/USC/Multimodal/Project/FakeAVCeleb_v1.2/FakeAVCeleb_v1.2/RealVideo-RealAudio/African/women/id00568/00384.mp4,1,0,0,0,REAL,train,0.0,5.674144744873047,8.946681022644043,1.0,ok,,/Users/jeevikakiran/Documents/USC/Multimodal/Project/syncnet_work_pretrained/pycrop/id00568__00384__41551f6cde/00000.avi,0.30986449843948427
id03168__03168_2_id06269_wavtolip__e0d91be479,id03168,2,-,faceswap-wav2lip,D,FakeVideo-FakeAudio,Asian (East),men,03168_2_id06269_wavtolip.mp4,FakeVideo-FakeAudio/Asian (East)/men/id03168,FakeVideo-FakeAudio/Asian (East)/men/id03168/03168_2_id06269_wavtolip.mp4,/Users/jeevikakiran/Documents/USC/Multimodal/Project/FakeAVCeleb_v1.2/FakeAVCeleb_v1.2/FakeVideo-FakeAudio/Asian (East)/men/id03168/03168_2_id06269_wavtolip.mp4,1,1,1,1,FAKE,train,-2.0,8.196207046508789,6.690470218658447,1.0,ok,,/Users/jeevikakiran/Documents/USC/Multimodal/Project/syncnet_work_pretrained/pycrop/id03168__03168_2_id06269_wavtolip__e0d91be479/00000.avi,0.43014954395619237
id01589__00017__e3aa519ce5,id01589,-,-,real,A,RealVideo-RealAudio,Asian (East),men,00017.mp4,RealVideo-RealAudio/Asian (East)/men/id01589,RealVideo-RealAudio/Asian (East)/men/id01589/00017.mp4,/Users/jeevikakiran/Documents/USC/Multimodal/Project/FakeAVCeleb_v1.2/FakeAVCeleb_v1.2/RealVideo-RealAudio/Asian (East)/men/id01589/00017.mp4,1,0,0,0,REAL,train,0.0,4.767538547515869,7.533767223358154,1.0,ok,,/Users/jeevikakiran/Documents/USC/Multimodal/Project/syncnet_work_pretrained/pycrop/id01589__00017__e3aa519ce5/00000.avi,0.012141499411973245
id05631__00073_id09174_wavtolip__374d543b19,id05631,id09174,-,wav2lip,D,FakeVideo-FakeAudio,Asian (East),women,00073_id09174_wavtolip.mp4,FakeVideo-FakeAudio/Asian (East)/women/id05631,FakeVideo-FakeAudio/Asian (East)/women/id05631/00073_id09174_wavtolip.mp4,/Users/jeevikakiran/Documents/USC/Multimodal/Project/FakeAVCeleb_v1.2/FakeAVCeleb_v1.2/FakeVideo-FakeAudio/Asian (East)/women/id05631/00073_id09174_wavtolip.mp4,1,1,1,1,FAKE,val,-2.0,7.87673807144165,6.7395219802856445,1.0,ok,,/Users/jeevikakiran/Documents/USC/Multimodal/Project/syncnet_work_pretrained/pycrop/id05631__00073_id09174_wavtolip__374d543b19/00000.avi,0.34836431303648596
id01637__00002_id00166_wavtolip__6b5f61bedd,id01637,id00166,-,wav2lip,C,FakeVideo-RealAudio,African,men,00002_id00166_wavtolip.mp4,FakeVideo-RealAudio/African/men/id01637,FakeVideo-RealAudio/African/men/id01637/00002_id00166_wavtolip.mp4,/Users/jeevikakiran/Documents/USC/Multimodal/Project/FakeAVCeleb_v1.2/FakeAVCeleb_v1.2/FakeVideo-RealAudio/African/men/id01637/00002_id00166_wavtolip.mp4,1,1,0,1,FAKE,train,-2.0,6.288266181945801,7.726784706115723,1.0,ok,,/Users/jeevikakiran/Documents/USC/Multimodal/Project/syncnet_work_pretrained/pycrop/id01637__00002_id00166_wavtolip__6b5f61bedd/00000.avi,0.2521376062779259
id02051__00015_id01236_wavtolip__8ab2ebbcf0,id02051,id01236,-,wav2lip,D,FakeVideo-FakeAudio,African,men,00015_id01236_wavtolip.mp4,FakeVideo-FakeAudio/African/men/id02051,FakeVideo-FakeAudio/African/men/id02051/00015_id01236_wavtolip.mp4,/Users/jeevikakiran/Documents/USC/Multimodal/Project/FakeAVCeleb_v1.2/FakeAVCeleb_v1.2/FakeVideo-FakeAudio/African/men/id02051/00015_id01236_wavtolip.mp4,1,1,1,1,FAKE,train,-2.0,9.08344268798828,5.9054975509643555,1.0,ok,,/Users/jeevikakiran/Documents/USC/Multimodal/Project/syncnet_work_pretrained/pycrop/id02051__00015_id01236_wavtolip__8ab2ebbcf0/00000.avi,0.39703526090698527
id04245__00072_fake__aeeee42a08,id04245,fake.mp4,-,rtvc,B,RealVideo-FakeAudio,African,women,00072_fake.mp4,RealVideo-FakeAudio/African/women/id04245,RealVideo-FakeAudio/African/women/id04245/00072_fake.mp4,/Users/jeevikakiran/Documents/USC/Multimodal/Project/FakeAVCeleb_v1.2/FakeAVCeleb_v1.2/RealVideo-FakeAudio/African/women/id04245/00072_fake.mp4,1,0,1,1,FAKE,train,-11.0,0.723301887512207,13.068082809448242,1.0,ok,,/Users/jeevikakiran/Documents/USC/Multimodal/Project/syncnet_work_pretrained/pycrop/id04245__00072_fake__aeeee42a08/00000.avi,0.9914065984942486
id02617__00028__3d04521bc2,id02617,-,-,real,A,RealVideo-RealAudio,African,women,00028.mp4,RealVideo-RealAudio/African/women/id02617,RealVideo-RealAudio/African/women/id02617/00028.mp4,/Users/jeevikakiran/Documents/USC/Multimodal/Project/FakeAVCeleb_v1.2/FakeAVCeleb_v1.2/RealVideo-RealAudio/African/women/id02617/00028.mp4,1,0,0,0,REAL,train,1.0,5.793848991394043,8.198599815368652,1.0,ok,,/Users/jeevikakiran/Documents/USC/Multimodal/Project/syncnet_work_pretrained/pycrop/id02617__00028__3d04521bc2/00000.avi,0.19341672462786969
id07236__00143_id07051_d1c0pl2ap_4_id01026_wavtolip__e64253d6ef,id07236,id07051,id01026,fsgan-wav2lip,D,FakeVideo-FakeAudio,Asian (South),women,00143_id07051_d1c0Pl2aP_4_id01026_wavtolip.mp4,FakeVideo-FakeAudio/Asian (South)/women/id07236,FakeVideo-FakeAudio/Asian (South)/women/id07236/00143_id07051_d1c0Pl2aP_4_id01026_wavtolip.mp4,/Users/jeevikakiran/Documents/USC/Multimodal/Project/FakeAVCeleb_v1.2/FakeAVCeleb_v1.2/FakeVideo-FakeAudio/Asian (South)/women/id07236/00143_id07051_d1c0Pl2aP_4_id01026_wavtolip.mp4,1,1,1,1,FAKE,train,-2.0,7.703166007995605,6.621827125549316,1.0,ok,,/Users/jeevikakiran/Documents/USC/Multimodal/Project/syncnet_work_pretrained/pycrop/id07236__00143_id07051_d1c0pl2ap_4_id01026_wavtolip__e64253d6ef/00000.avi,0.2578347815345499
id00062__00278__4dd67c14c5,id00062,-,-,real,A,RealVideo-RealAudio,Caucasian (American),men,00278.mp4,RealVideo-RealAudio/Caucasian (American)/men/id00062,RealVideo-RealAudio/Caucasian (American)/men/id00062/00278.mp4,/Users/jeevikakiran/Documents/USC/Multimodal/Project/FakeAVCeleb_v1.2/FakeAVCeleb_v1.2/RealVideo-RealAudio/Caucasian (American)/men/id00062/00278.mp4,1,0,0,0,REAL,train,2.0,7.678721904754639,7.115720272064209,1.0,ok,,/Users/jeevikakiran/Documents/USC/Multimodal/Project/syncnet_work_pretrained/pycrop/id00062__00278__4dd67c14c5/00000.avi,0.43620807657045074
id07051__00083__0143b7cab5,id07051,-,-,real,A,RealVideo-RealAudio,Asian (South),women,00083.mp4,RealVideo-RealAudio/Asian (South)/women/id07051,RealVideo-RealAudio/Asian (South)/women/id07051/00083.mp4,/Users/jeevikakiran/Documents/USC/Multimodal/Project/FakeAVCeleb_v1.2/FakeAVCeleb_v1.2/RealVideo-RealAudio/Asian (South)/women/id07051/00083.mp4,1,0,0,0,REAL,val,1.0,5.731234550476074,8.868537902832031,1.0,ok,,/Users/jeevikakiran/Documents/USC/Multimodal/Project/syncnet_work_pretrained/pycrop/id07051__00083__0143b7cab5/00000.avi,0.4058093224485927
id00732__00118_id07233_wavtolip__ba15fb3830,id00732,id07233,-,wav2lip,D,FakeVideo-FakeAudio,Asian (South),men,00118_id07233_wavtolip.mp4,FakeVideo-FakeAudio/Asian (South)/men/id00732,FakeVideo-FakeAudio/Asian (South)/men/id00732/00118_id07233_wavtolip.mp4,/Users/jeevikakiran/Documents/USC/Multimodal/Project/FakeAVCeleb_v1.2/FakeAVCeleb_v1.2/FakeVideo-FakeAudio/Asian (South)/men/id00732/00118_id07233_wavtolip.mp4,1,1,1,1,FAKE,train,-2.0,5.324563980102539,8.040855407714844,1.0,ok,,/Users/jeevikakiran/Documents/USC/Multimodal/Project/syncnet_work_pretrained/pycrop/id00732__00118_id07233_wavtolip__ba15fb3830/00000.avi,0.13614774146949943
id00841__00078_id00291_wavtolip__7d3a81fabc,id00841,id00291,-,wav2lip,C,FakeVideo-RealAudio,Caucasian (American),women,00078_id00291_wavtolip.mp4,FakeVideo-RealAudio/Caucasian (American)/women/id00841,FakeVideo-RealAudio/Caucasian (American)/women/id00841/00078_id00291_wavtolip.mp4,/Users/jeevikakiran/Documents/USC/Multimodal/Project/FakeAVCeleb_v1.2/FakeAVCeleb_v1.2/FakeVideo-RealAudio/Caucasian (American)/women/id00841/00078_id00291_wavtolip.mp4,1,1,0,1,FAKE,train,-2.0,8.701642990112305,7.084329128265381,1.0,ok,,/Users/jeevikakiran/Documents/USC/Multimodal/Project/syncnet_work_pretrained/pycrop/id00841__00078_id00291_wavtolip__7d3a81fabc/00000.avi,0.7427194731848671
id08402__00092__61b54b11fa,id08402,-,-,real,A,RealVideo-RealAudio,Asian (East),women,00092.mp4,RealVideo-RealAudio/Asian (East)/women/id08402,RealVideo-RealAudio/Asian (East)/women/id08402/00092.mp4,/Users/jeevikakiran/Documents/USC/Multimodal/Project/FakeAVCeleb_v1.2/FakeAVCeleb_v1.2/RealVideo-RealAudio/Asian (East)/women/id08402/00092.mp4,1,0,0,0,REAL,train,-2.0,7.218748092651367,8.034847259521484,1.0,ok,,/Users/jeevikakiran/Documents/USC/Multimodal/Project/syncnet_work_pretrained/pycrop/id08402__00092__61b54b11fa/00000.avi,0.6634053907421339
id07901__00040__1dbdae5c1a,id07901,-,-,real,A,RealVideo-RealAudio,Asian (East),women,00040.mp4,RealVideo-RealAudio/Asian (East)/women/id07901,RealVideo-RealAudio/Asian (East)/women/id07901/00040.mp4,/Users/jeevikakiran/Documents/USC/Multimodal/Project/FakeAVCeleb_v1.2/FakeAVCeleb_v1.2/RealVideo-RealAudio/Asian (East)/women/id07901/00040.mp4,1,0,0,0,REAL,val,-4.0,5.402800559997559,8.622603416442871,1.0,ok,,/Users/jeevikakiran/Documents/USC/Multimodal/Project/syncnet_work_pretrained/pycrop/id07901__00040__1dbdae5c1a/00000.avi,0.5469798913384315
id03678__00078_id00018_sap_fjurhlc_id03668_wavtolip__190bc24405,id03678,id00018,id03668,fsgan-wav2lip,D,FakeVideo-FakeAudio,Caucasian (American),men,00078_id00018_sap-FjURHlc_id03668_wavtolip.mp4,FakeVideo-FakeAudio/Caucasian (American)/men/id03678,FakeVideo-FakeAudio/Caucasian (American)/men/id03678/00078_id00018_sap-FjURHlc_id03668_wavtolip.mp4,/Users/jeevikakiran/Documents/USC/Multimodal/Project/FakeAVCeleb_v1.2/FakeAVCeleb_v1.2/FakeVideo-FakeAudio/Caucasian (American)/men/id03678/00078_id00018_sap-FjURHlc_id03668_wavtolip.mp4,1,1,1,1,FAKE,train,-2.0,8.895039558410645,6.249322414398193,1.0,ok,,/Users/jeevikakiran/Documents/USC/Multimodal/Project/syncnet_work_pretrained/pycrop/id03678__00078_id00018_sap_fjurhlc_id03668_wavtolip__190bc24405/00000.avi,0.47753532672763543
id01972__00078__4711f706eb,id01972,-,-,real,A,RealVideo-RealAudio,African,men,00078.mp4,RealVideo-RealAudio/African/men/id01972,RealVideo-RealAudio/African/men/id01972/00078.mp4,/Users/jeevikakiran/Documents/USC/Multimodal/Project/FakeAVCeleb_v1.2/FakeAVCeleb_v1.2/RealVideo-RealAudio/African/men/id01972/00078.mp4,1,0,0,0,REAL,val,0.0,4.373224258422852,8.103918075561523,1.0,ok,,/Users/jeevikakiran/Documents/USC/Multimodal/Project/syncnet_work_pretrained/pycrop/id01972__00078__4711f706eb/00000.avi,0.018618647432400336
id02301__00092_id00829_amevvaubq2y_faceswap_id02508_wavtolip__bd88188a4d,id02301,id00829,faceswap,faceswap-wav2lip,D,FakeVideo-FakeAudio,African,women,00092_id00829_aMEvVaUBq2Y_faceswap_id02508_wavtolip.mp4,FakeVideo-FakeAudio/African/women/id02301,FakeVideo-FakeAudio/African/women/id02301/00092_id00829_aMEvVaUBq2Y_faceswap_id02508_wavtolip.mp4,/Users/jeevikakiran/Documents/USC/Multimodal/Project/FakeAVCeleb_v1.2/FakeAVCeleb_v1.2/FakeVideo-FakeAudio/African/women/id02301/00092_id00829_aMEvVaUBq2Y_faceswap_id02508_wavtolip.mp4,1,1,1,1,FAKE,train,-2.0,7.774181842803955,7.324326038360596,1.0,ok,,/Users/jeevikakiran/Documents/USC/Multimodal/Project/syncnet_work_pretrained/pycrop/id02301__00092_id00829_amevvaubq2y_faceswap_id02508_wavtolip__bd88188a4d/00000.avi,0.5555856545812493
id00192__00078__83a1715310,id00192,-,-,real,A,RealVideo-RealAudio,Caucasian (European),men,00078.mp4,RealVideo-RealAudio/Caucasian (European)/men/id00192,RealVideo-RealAudio/Caucasian (European)/men/id00192/00078.mp4,/Users/jeevikakiran/Documents/USC/Multimodal/Project/FakeAVCeleb_v1.2/FakeAVCeleb_v1.2/RealVideo-RealAudio/Caucasian (European)/men/id00192/00078.mp4,1,0,0,0,REAL,val,-2.0,6.29548454284668,7.512372970581055,1.0,ok,,/Users/jeevikakiran/Documents/USC/Multimodal/Project/syncnet_work_pretrained/pycrop/id00192__00078__83a1715310/00000.avi,0.19164034348983736
id04073__00021_id00529_xtx2geqn_dq__52dcf5f30b,id04073,id00529,-,fsgan,C,FakeVideo-RealAudio,Caucasian (American),men,00021_id00529_xtx2GeQN-DQ.mp4,FakeVideo-RealAudio/Caucasian (American)/men/id04073,FakeVideo-RealAudio/Caucasian (American)/men/id04073/00021_id00529_xtx2GeQN-DQ.mp4,/Users/jeevikakiran/Documents/USC/Multimodal/Project/FakeAVCeleb_v1.2/FakeAVCeleb_v1.2/FakeVideo-RealAudio/Caucasian (American)/men/id04073/00021_id00529_xtx2GeQN-DQ.mp4,1,1,0,1,FAKE,train,0.0,4.9154462814331055,8.725196838378906,1.0,ok,,/Users/jeevikakiran/Documents/USC/Multimodal/Project/syncnet_work_pretrained/pycrop/id04073__00021_id00529_xtx2geqn_dq__52dcf5f30b/00000.avi,0.10061678628535828
id02071__00195__ce13456f45,id02071,-,-,real,A,RealVideo-RealAudio,African,women,00195.mp4,RealVideo-RealAudio/African/women/id02071,RealVideo-RealAudio/African/women/id02071/00195.mp4,/Users/jeevikakiran/Documents/USC/Multimodal/Project/FakeAVCeleb_v1.2/FakeAVCeleb_v1.2/RealVideo-RealAudio/African/women/id02071/00195.mp4,1,0,0,0,REAL,train,-3.0,3.992569923400879,9.556811332702637,1.0,ok,,/Users/jeevikakiran/Documents/USC/Multimodal/Project/syncnet_work_pretrained/pycrop/id02071__00195__ce13456f45/00000.avi,0.35474430859684886
id06060__00219__344684ecbb,id06060,-,-,real,A,RealVideo-RealAudio,Asian (East),women,00219.mp4,RealVideo-RealAudio/Asian (East)/women/id06060,RealVideo-RealAudio/Asian (East)/women/id06060/00219.mp4,/Users/jeevikakiran/Documents/USC/Multimodal/Project/FakeAVCeleb_v1.2/FakeAVCeleb_v1.2/RealVideo-RealAudio/Asian (East)/women/id06060/00219.mp4,1,0,0,0,REAL,train,-2.0,4.195033073425293,8.947229385375977,1.0,ok,,/Users/jeevikakiran/Documents/USC/Multimodal/Project/syncnet_work_pretrained/pycrop/id06060__00219__344684ecbb/00000.avi,0.1381616804666614
id02301__00092__b0224fd5cd,id02301,-,-,real,A,RealVideo-RealAudio,African,women,00092.mp4,RealVideo-RealAudio/African/women/id02301,RealVideo-RealAudio/African/women/id02301/00092.mp4,/Users/jeevikakiran/Documents/USC/Multimodal/Project/FakeAVCeleb_v1.2/FakeAVCeleb_v1.2/RealVideo-RealAudio/African/women/id02301/00092.mp4,1,0,0,0,REAL,train,1.0,5.757641792297363,8.34985065460205,1.0,ok,,/Users/jeevikakiran/Documents/USC/Multimodal/Project/syncnet_work_pretrained/pycrop/id02301__00092__b0224fd5cd/00000.avi,0.2277228927178671
id00368__00078__da58301d69,id00368,-,-,real,A,RealVideo-RealAudio,Caucasian (European),men,00078.mp4,RealVideo-RealAudio/Caucasian (European)/men/id00368,RealVideo-RealAudio/Caucasian (European)/men/id00368/00078.mp4,/Users/jeevikakiran/Documents/USC/Multimodal/Project/FakeAVCeleb_v1.2/FakeAVCeleb_v1.2/RealVideo-RealAudio/Caucasian (European)/men/id00368/00078.mp4,1,0,0,0,REAL,train,-2.0,4.8429155349731445,8.963239669799805,1.0,ok,,/Users/jeevikakiran/Documents/USC/Multimodal/Project/syncnet_work_pretrained/pycrop/id00368__00078__da58301d69/00000.avi,0.28168595436766
id00848__00028_id01225_wavtolip__876f85d447,id00848,id01225,-,wav2lip,D,FakeVideo-FakeAudio,Caucasian (American),women,00028_id01225_wavtolip.mp4,FakeVideo-FakeAudio/Caucasian (American)/women/id00848,FakeVideo-FakeAudio/Caucasian (American)/women/id00848/00028_id01225_wavtolip.mp4,/Users/jeevikakiran/Documents/USC/Multimodal/Project/FakeAVCeleb_v1.2/FakeAVCeleb_v1.2/FakeVideo-FakeAudio/Caucasian (American)/women/id00848/00028_id01225_wavtolip.mp4,1,1,1,1,FAKE,val,-2.0,8.594255447387695,6.026423454284668,1.0,ok,,/Users/jeevikakiran/Documents/USC/Multimodal/Project/syncnet_work_pretrained/pycrop/id00848__00028_id01225_wavtolip__876f85d447/00000.avi,0.29550448181982036
id00548__00015_fake__d5816bd8e5,id00548,fake.mp4,-,rtvc,B,RealVideo-FakeAudio,Caucasian (European),men,00015_fake.mp4,RealVideo-FakeAudio/Caucasian (European)/men/id00548,RealVideo-FakeAudio/Caucasian (European)/men/id00548/00015_fake.mp4,/Users/jeevikakiran/Documents/USC/Multimodal/Project/FakeAVCeleb_v1.2/FakeAVCeleb_v1.2/RealVideo-FakeAudio/Caucasian (European)/men/id00548/00015_fake.mp4,1,0,1,1,FAKE,train,9.0,1.9373083114624023,12.887314796447754,1.0,ok,,/Users/jeevikakiran/Documents/USC/Multimodal/Project/syncnet_work_pretrained/pycrop/id00548__00015_fake__d5816bd8e5/00000.avi,0.9940531823272764
id03965__00051_id00740_wavtolip__f8e19471ef,id03965,id00740,-,wav2lip,C,FakeVideo-RealAudio,Asian (East),men,00051_id00740_wavtolip.mp4,FakeVideo-RealAudio/Asian (East)/men/id03965,FakeVideo-RealAudio/Asian (East)/men/id03965/00051_id00740_wavtolip.mp4,/Users/jeevikakiran/Documents/USC/Multimodal/Project/FakeAVCeleb_v1.2/FakeAVCeleb_v1.2/FakeVideo-RealAudio/Asian (East)/men/id03965/00051_id00740_wavtolip.mp4,1,1,0,1,FAKE,train,-2.0,7.461781978607178,7.138561248779297,1.0,ok,,/Users/jeevikakiran/Documents/USC/Multimodal/Project/syncnet_work_pretrained/pycrop/id03965__00051_id00740_wavtolip__f8e19471ef/00000.avi,0.37554408566778785
id03815__00118_id03559_pgetxl1qbzm__9af7b9292b,id03815,id03559,-,fsgan,C,FakeVideo-RealAudio,Asian (South),women,00118_id03559_pgetxl1qbzM.mp4,FakeVideo-RealAudio/Asian (South)/women/id03815,FakeVideo-RealAudio/Asian (South)/women/id03815/00118_id03559_pgetxl1qbzM.mp4,/Users/jeevikakiran/Documents/USC/Multimodal/Project/FakeAVCeleb_v1.2/FakeAVCeleb_v1.2/FakeVideo-RealAudio/Asian (South)/women/id03815/00118_id03559_pgetxl1qbzM.mp4,1,1,0,1,FAKE,train,-2.0,4.350857734680176,8.835566520690918,1.0,ok,,/Users/jeevikakiran/Documents/USC/Multimodal/Project/syncnet_work_pretrained/pycrop/id03815__00118_id03559_pgetxl1qbzm__9af7b9292b/00000.avi,0.14058745482507204
id00594__00005__3caa01b39a,id00594,-,-,real,A,RealVideo-RealAudio,Caucasian (European),men,00005.mp4,RealVideo-RealAudio/Caucasian (European)/men/id00594,RealVideo-RealAudio/Caucasian (European)/men/id00594/00005.mp4,/Users/jeevikakiran/Documents/USC/Multimodal/Project/FakeAVCeleb_v1.2/FakeAVCeleb_v1.2/RealVideo-RealAudio/Caucasian (European)/men/id00594/00005.mp4,1,0,0,0,REAL,train,-3.0,5.748261451721191,7.184139251708984,1.0,ok,,/Users/jeevikakiran/Documents/USC/Multimodal/Project/syncnet_work_pretrained/pycrop/id00594__00005__3caa01b39a/00000.avi,0.09525135645627429
id00806__00005__7f87f8985f,id00806,-,-,real,A,RealVideo-RealAudio,Caucasian (European),women,00005.mp4,RealVideo-RealAudio/Caucasian (European)/women/id00806,RealVideo-RealAudio/Caucasian (European)/women/id00806/00005.mp4,/Users/jeevikakiran/Documents/USC/Multimodal/Project/FakeAVCeleb_v1.2/FakeAVCeleb_v1.2/RealVideo-RealAudio/Caucasian (European)/women/id00806/00005.mp4,1,0,0,0,REAL,val,-3.0,7.075096607208252,7.362353801727295,1.0,ok,,/Users/jeevikakiran/Documents/USC/Multimodal/Project/syncnet_work_pretrained/pycrop/id00806__00005__7f87f8985f/00000.avi,0.4566633701465707
id00080__00281__6f97ef10ba,id00080,-,-,real,A,RealVideo-RealAudio,Asian (South),women,00281.mp4,RealVideo-RealAudio/Asian (South)/women/id00080,RealVideo-RealAudio/Asian (South)/women/id00080/00281.mp4,/Users/jeevikakiran/Documents/USC/Multimodal/Project/FakeAVCeleb_v1.2/FakeAVCeleb_v1.2/RealVideo-RealAudio/Asian (South)/women/id00080/00281.mp4,1,0,0,0,REAL,val,-1.0,4.621410369873047,8.636312484741211,1.0,ok,,/Users/jeevikakiran/Documents/USC/Multimodal/Project/syncnet_work_pretrained/pycrop/id00080__00281__6f97ef10ba/00000.avi,0.09455579379018846
id06437__00028_id06438_vf3xbvgyqya_id07008_wavtolip__891703f3fe,id06437,id06438,id07008,fsgan-wav2lip,D,FakeVideo-FakeAudio,Asian (South),women,00028_id06438_vf3xBVgYqYA_id07008_wavtolip.mp4,FakeVideo-FakeAudio/Asian (South)/women/id06437,FakeVideo-FakeAudio/Asian (South)/women/id06437/00028_id06438_vf3xBVgYqYA_id07008_wavtolip.mp4,/Users/jeevikakiran/Documents/USC/Multimodal/Project/FakeAVCeleb_v1.2/FakeAVCeleb_v1.2/FakeVideo-FakeAudio/Asian (South)/women/id06437/00028_id06438_vf3xBVgYqYA_id07008_wavtolip.mp4,1,1,1,1,FAKE,val,-2.0,8.586273193359375,6.443603515625,1.0,ok,,/Users/jeevikakiran/Documents/USC/Multimodal/Project/syncnet_work_pretrained/pycrop/id06437__00028_id06438_vf3xbvgyqya_id07008_wavtolip__891703f3fe/00000.avi,0.45623287145766117
id03889__00052__e1b5449c2f,id03889,-,-,real,A,RealVideo-RealAudio,Asian (East),men,00052.mp4,RealVideo-RealAudio/Asian (East)/men/id03889,RealVideo-RealAudio/Asian (East)/men/id03889/00052.mp4,/Users/jeevikakiran/Documents/USC/Multimodal/Project/FakeAVCeleb_v1.2/FakeAVCeleb_v1.2/RealVideo-RealAudio/Asian (East)/men/id03889/00052.mp4,1,0,0,0,REAL,train,-1.0,4.494720458984375,8.845990180969238,1.0,ok,,/Users/jeevikakiran/Documents/USC/Multimodal/Project/syncnet_work_pretrained/pycrop/id03889__00052__e1b5449c2f/00000.avi,0.11154525067390832
id03668__00143_id00243_owweixm3ozq__d5470451fb,id03668,id00243,-,fsgan,C,FakeVideo-RealAudio,Caucasian (American),men,00143_id00243_oWwEIXM3oZQ.mp4,FakeVideo-RealAudio/Caucasian (American)/men/id03668,FakeVideo-RealAudio/Caucasian (American)/men/id03668/00143_id00243_oWwEIXM3oZQ.mp4,/Users/jeevikakiran/Documents/USC/Multimodal/Project/FakeAVCeleb_v1.2/FakeAVCeleb_v1.2/FakeVideo-RealAudio/Caucasian (American)/men/id03668/00143_id00243_oWwEIXM3oZQ.mp4,1,1,0,1,FAKE,train,1.0,5.136054992675781,9.069894790649414,1.0,ok,,/Users/jeevikakiran/Documents/USC/Multimodal/Project/syncnet_work_pretrained/pycrop/id03668__00143_id00243_owweixm3ozq__d5470451fb/00000.avi,0.301854647484061
id07163__00141__561e8d526f,id07163,-,-,real,A,RealVideo-RealAudio,Asian (South),men,00141.mp4,RealVideo-RealAudio/Asian (South)/men/id07163,RealVideo-RealAudio/Asian (South)/men/id07163/00141.mp4,/Users/jeevikakiran/Documents/USC/Multimodal/Project/FakeAVCeleb_v1.2/FakeAVCeleb_v1.2/RealVideo-RealAudio/Asian (South)/men/id07163/00141.mp4,1,0,0,0,REAL,train,0.0,5.9140753746032715,7.974433898925781,1.0,ok,,/Users/jeevikakiran/Documents/USC/Multimodal/Project/syncnet_work_pretrained/pycrop/id07163__00141__561e8d526f/00000.avi,0.10715848658468724
id03649__00001_id00634_z5t9ojizdqg__687bc6267a,id03649,id00634,-,fsgan,C,FakeVideo-RealAudio,Caucasian (European),women,00001_id00634_z5t9oJizDQg.mp4,FakeVideo-RealAudio/Caucasian (European)/women/id03649,FakeVideo-RealAudio/Caucasian (European)/women/id03649/00001_id00634_z5t9oJizDQg.mp4,/Users/jeevikakiran/Documents/USC/Multimodal/Project/FakeAVCeleb_v1.2/FakeAVCeleb_v1.2/FakeVideo-RealAudio/Caucasian (European)/women/id03649/00001_id00634_z5t9oJizDQg.mp4,1,1,0,1,FAKE,train,-5.0,3.3847789764404297,10.825352668762209,1.0,ok,,/Users/jeevikakiran/Documents/USC/Multimodal/Project/syncnet_work_pretrained/pycrop/id03649__00001_id00634_z5t9ojizdqg__687bc6267a/00000.avi,0.8426692992098055
id04547__00052__6930f03469,id04547,-,-,real,A,RealVideo-RealAudio,African,women,00052.mp4,RealVideo-RealAudio/African/women/id04547,RealVideo-RealAudio/African/women/id04547/00052.mp4,/Users/jeevikakiran/Documents/USC/Multimodal/Project/FakeAVCeleb_v1.2/FakeAVCeleb_v1.2/RealVideo-RealAudio/African/women/id04547/00052.mp4,1,0,0,0,REAL,train,-1.0,7.487463474273682,6.81115198135376,1.0,ok,,/Users/jeevikakiran/Documents/USC/Multimodal/Project/syncnet_work_pretrained/pycrop/id04547__00052__6930f03469/00000.avi,0.18220820866491208
id01783__00015__41413f4f57,id01783,-,-,real,A,RealVideo-RealAudio,African,women,00015.mp4,RealVideo-RealAudio/African/women/id01783,RealVideo-RealAudio/African/women/id01783/00015.mp4,/Users/jeevikakiran/Documents/USC/Multimodal/Project/FakeAVCeleb_v1.2/FakeAVCeleb_v1.2/RealVideo-RealAudio/African/women/id01783/00015.mp4,1,0,0,0,REAL,train,-3.0,6.30382776260376,7.962083339691162,1.0,ok,,/Users/jeevikakiran/Documents/USC/Multimodal/Project/syncnet_work_pretrained/pycrop/id01783__00015__41413f4f57/00000.avi,0.45152810452769837
id00476__00109_id01779_wavtolip__b04f70a241,id00476,id01779,-,wav2lip,C,FakeVideo-RealAudio,African,men,00109_id01779_wavtolip.mp4,FakeVideo-RealAudio/African/men/id00476,FakeVideo-RealAudio/African/men/id00476/00109_id01779_wavtolip.mp4,/Users/jeevikakiran/Documents/USC/Multimodal/Project/FakeAVCeleb_v1.2/FakeAVCeleb_v1.2/FakeVideo-RealAudio/African/men/id00476/00109_id01779_wavtolip.mp4,1,1,0,1,FAKE,train,-2.0,8.25501537322998,6.668736457824707,1.0,ok,,/Users/jeevikakiran/Documents/USC/Multimodal/Project/syncnet_work_pretrained/pycrop/id00476__00109_id01779_wavtolip__b04f70a241/00000.avi,0.4404905540599099
id00520__00187_id00183_z2dhzllpwuq__b4aa8952d5,id00520,id00183,-,fsgan,C,FakeVideo-RealAudio,Caucasian (European),men,00187_id00183_z2DhZllPWUQ.mp4,FakeVideo-RealAudio/Caucasian (European)/men/id00520,FakeVideo-RealAudio/Caucasian (European)/men/id00520/00187_id00183_z2DhZllPWUQ.mp4,/Users/jeevikakiran/Documents/USC/Multimodal/Project/FakeAVCeleb_v1.2/FakeAVCeleb_v1.2/FakeVideo-RealAudio/Caucasian (European)/men/id00520/00187_id00183_z2DhZllPWUQ.mp4,1,1,0,1,FAKE,train,-2.0,5.150486946105957,8.703364372253418,1.0,ok,,/Users/jeevikakiran/Documents/USC/Multimodal/Project/syncnet_work_pretrained/pycrop/id00520__00187_id00183_z2dhzllpwuq__b4aa8952d5/00000.avi,0.27631749754710644
id00068__00004__75dcdd62ae,id00068,-,-,real,A,RealVideo-RealAudio,Caucasian (European),women,00004.mp4,RealVideo-RealAudio/Caucasian (European)/women/id00068,RealVideo-RealAudio/Caucasian (European)/women/id00068/00004.mp4,/Users/jeevikakiran/Documents/USC/Multimodal/Project/FakeAVCeleb_v1.2/FakeAVCeleb_v1.2/RealVideo-RealAudio/Caucasian (European)/women/id00068/00004.mp4,1,0,0,0,REAL,train,-2.0,4.175066947937012,8.280923843383789,1.0,ok,,/Users/jeevikakiran/Documents/USC/Multimodal/Project/syncnet_work_pretrained/pycrop/id00068__00004__75dcdd62ae/00000.avi,0.04825803063922501
id09116__00026_fake__8048608da7,id09116,fake.mp4,-,rtvc,B,RealVideo-FakeAudio,Asian (East),women,00026_fake.mp4,RealVideo-FakeAudio/Asian (East)/women/id09116,RealVideo-FakeAudio/Asian (East)/women/id09116/00026_fake.mp4,/Users/jeevikakiran/Documents/USC/Multimodal/Project/FakeAVCeleb_v1.2/FakeAVCeleb_v1.2/RealVideo-FakeAudio/Asian (East)/women/id09116/00026_fake.mp4,1,0,1,1,FAKE,train,4.0,0.9508180618286132,13.233461380004885,1.0,ok,,/Users/jeevikakiran/Documents/USC/Multimodal/Project/syncnet_work_pretrained/pycrop/id09116__00026_fake__8048608da7/00000.avi,0.8816193194295632
id00763__00074__e9c43c2e44,id00763,-,-,real,A,RealVideo-RealAudio,Asian (East),women,00074.mp4,RealVideo-RealAudio/Asian (East)/women/id00763,RealVideo-RealAudio/Asian (East)/women/id00763/00074.mp4,/Users/jeevikakiran/Documents/USC/Multimodal/Project/FakeAVCeleb_v1.2/FakeAVCeleb_v1.2/RealVideo-RealAudio/Asian (East)/women/id00763/00074.mp4,1,0,0,0,REAL,train,0.0,6.0606184005737305,8.562675476074219,1.0,ok,,/Users/jeevikakiran/Documents/USC/Multimodal/Project/syncnet_work_pretrained/pycrop/id00763__00074__e9c43c2e44/00000.avi,0.2826703458687212
id03656__00052_id00220_wavtolip__a88f49cd53,id03656,id00220,-,wav2lip,D,FakeVideo-FakeAudio,African,women,00052_id00220_wavtolip.mp4,FakeVideo-FakeAudio/African/women/id03656,FakeVideo-FakeAudio/African/women/id03656/00052_id00220_wavtolip.mp4,/Users/jeevikakiran/Documents/USC/Multimodal/Project/FakeAVCeleb_v1.2/FakeAVCeleb_v1.2/FakeVideo-FakeAudio/African/women/id03656/00052_id00220_wavtolip.mp4,1,1,1,1,FAKE,train,-2.0,9.230730056762695,6.640156269073486,1.0,ok,,/Users/jeevikakiran/Documents/USC/Multimodal/Project/syncnet_work_pretrained/pycrop/id03656__00052_id00220_wavtolip__a88f49cd53/00000.avi,0.7347933490415025
id00179__00143_id04073_kt7b07wfwym_id00087_wavtolip__1dc39c23ad,id00179,id04073,id00087,fsgan-wav2lip,D,FakeVideo-FakeAudio,Caucasian (American),men,00143_id04073_KT7B07WFWyM_id00087_wavtolip.mp4,FakeVideo-FakeAudio/Caucasian (American)/men/id00179,FakeVideo-FakeAudio/Caucasian (American)/men/id00179/00143_id04073_KT7B07WFWyM_id00087_wavtolip.mp4,/Users/jeevikakiran/Documents/USC/Multimodal/Project/FakeAVCeleb_v1.2/FakeAVCeleb_v1.2/FakeVideo-FakeAudio/Caucasian (American)/men/id00179/00143_id04073_KT7B07WFWyM_id00087_wavtolip.mp4,1,1,1,1,FAKE,train,-2.0,7.323182106018066,7.681663513183594,1.0,ok,,/Users/jeevikakiran/Documents/USC/Multimodal/Project/syncnet_work_pretrained/pycrop/id00179__00143_id04073_kt7b07wfwym_id00087_wavtolip__1dc39c23ad/00000.avi,0.5553634631195951
id04727__00007_id01036_wavtolip__b0bdcb3068,id04727,id01036,-,wav2lip,D,FakeVideo-FakeAudio,African,men,00007_id01036_wavtolip.mp4,FakeVideo-FakeAudio/African/men/id04727,FakeVideo-FakeAudio/African/men/id04727/00007_id01036_wavtolip.mp4,/Users/jeevikakiran/Documents/USC/Multimodal/Project/FakeAVCeleb_v1.2/FakeAVCeleb_v1.2/FakeVideo-FakeAudio/African/men/id04727/00007_id01036_wavtolip.mp4,1,1,1,1,FAKE,train,-2.0,5.719305992126465,8.98382568359375,1.0,ok,,/Users/jeevikakiran/Documents/USC/Multimodal/Project/syncnet_work_pretrained/pycrop/id04727__00007_id01036_wavtolip__b0bdcb3068/00000.avi,0.5676102855892848
id04561__00248_fake__7f1fc9a2ed,id04561,fake.mp4,-,rtvc,B,RealVideo-FakeAudio,Asian (South),men,00248_fake.mp4,RealVideo-FakeAudio/Asian (South)/men/id04561,RealVideo-FakeAudio/Asian (South)/men/id04561/00248_fake.mp4,/Users/jeevikakiran/Documents/USC/Multimodal/Project/FakeAVCeleb_v1.2/FakeAVCeleb_v1.2/RealVideo-FakeAudio/Asian (South)/men/id04561/00248_fake.mp4,1,0,1,1,FAKE,val,6.0,0.6169042587280273,11.991589546203612,1.0,ok,,/Users/jeevikakiran/Documents/USC/Multimodal/Project/syncnet_work_pretrained/pycrop/id04561__00248_fake__7f1fc9a2ed/00000.avi,0.6022538400098035
id00458__00072__7cb4a954a2,id00458,-,-,real,A,RealVideo-RealAudio,Caucasian (American),women,00072.mp4,RealVideo-RealAudio/Caucasian (American)/women/id00458,RealVideo-RealAudio/Caucasian (American)/women/id00458/00072.mp4,/Users/jeevikakiran/Documents/USC/Multimodal/Project/FakeAVCeleb_v1.2/FakeAVCeleb_v1.2/RealVideo-RealAudio/Caucasian (American)/women/id00458/00072.mp4,1,0,0,0,REAL,train,-1.0,6.504177093505859,8.066469192504883,1.0,ok,,/Users/jeevikakiran/Documents/USC/Multimodal/Project/syncnet_work_pretrained/pycrop/id00458__00072__7cb4a954a2/00000.avi,0.3318574178088418
id08613__00074_fake__2ef0670992,id08613,fake.mp4,-,rtvc,B,RealVideo-FakeAudio,Asian (East),men,00074_fake.mp4,RealVideo-FakeAudio/Asian (East)/men/id08613,RealVideo-FakeAudio/Asian (East)/men/id08613/00074_fake.mp4,/Users/jeevikakiran/Documents/USC/Multimodal/Project/FakeAVCeleb_v1.2/FakeAVCeleb_v1.2/RealVideo-FakeAudio/Asian (East)/men/id08613/00074_fake.mp4,1,0,1,1,FAKE,val,-2.0,1.267746925354004,12.99301815032959,1.0,ok,,/Users/jeevikakiran/Documents/USC/Multimodal/Project/syncnet_work_pretrained/pycrop/id08613__00074_fake__2ef0670992/00000.avi,0.745883485814456
id02316__00094_id00987_wavtolip__6ca2c6e9d6,id02316,id00987,-,wav2lip,D,FakeVideo-FakeAudio,African,men,00094_id00987_wavtolip.mp4,FakeVideo-FakeAudio/African/men/id02316,FakeVideo-FakeAudio/African/men/id02316/00094_id00987_wavtolip.mp4,/Users/jeevikakiran/Documents/USC/Multimodal/Project/FakeAVCeleb_v1.2/FakeAVCeleb_v1.2/FakeVideo-FakeAudio/African/men/id02316/00094_id00987_wavtolip.mp4,1,1,1,1,FAKE,train,-2.0,6.622063636779785,8.29584789276123,1.0,ok,,/Users/jeevikakiran/Documents/USC/Multimodal/Project/syncnet_work_pretrained/pycrop/id02316__00094_id00987_wavtolip__6ca2c6e9d6/00000.avi,0.5793175824362481
id01521__00109_id01452_wavtolip__9a36f10bae,id01521,id01452,-,wav2lip,C,FakeVideo-RealAudio,African,men,00109_id01452_wavtolip.mp4,FakeVideo-RealAudio/African/men/id01521,FakeVideo-RealAudio/African/men/id01521/00109_id01452_wavtolip.mp4,/Users/jeevikakiran/Documents/USC/Multimodal/Project/FakeAVCeleb_v1.2/FakeAVCeleb_v1.2/FakeVideo-RealAudio/African/men/id01521/00109_id01452_wavtolip.mp4,1,1,0,1,FAKE,train,-2.0,3.927231788635254,10.370015144348145,1.0,ok,,/Users/jeevikakiran/Documents/USC/Multimodal/Project/syncnet_work_pretrained/pycrop/id01521__00109_id01452_wavtolip__9a36f10bae/00000.avi,0.5527145543654576
id04705__00408_fake__c7eb3eeaf0,id04705,fake.mp4,-,rtvc,B,RealVideo-FakeAudio,African,women,00408_fake.mp4,RealVideo-FakeAudio/African/women/id04705,RealVideo-FakeAudio/African/women/id04705/00408_fake.mp4,/Users/jeevikakiran/Documents/USC/Multimodal/Project/FakeAVCeleb_v1.2/FakeAVCeleb_v1.2/RealVideo-FakeAudio/African/women/id04705/00408_fake.mp4,1,0,1,1,FAKE,train,5.0,1.6972055435180664,12.689535140991213,1.0,ok,,/Users/jeevikakiran/Documents/USC/Multimodal/Project/syncnet_work_pretrained/pycrop/id04705__00408_fake__c7eb3eeaf0/00000.avi,0.9285266714965517
id06535__00183_id04687_wavtolip__52ac32bba8,id06535,id04687,-,wav2lip,C,FakeVideo-RealAudio,Asian (East),men,00183_id04687_wavtolip.mp4,FakeVideo-RealAudio/Asian (East)/men/id06535,FakeVideo-RealAudio/Asian (East)/men/id06535/00183_id04687_wavtolip.mp4,/Users/jeevikakiran/Documents/USC/Multimodal/Project/FakeAVCeleb_v1.2/FakeAVCeleb_v1.2/FakeVideo-RealAudio/Asian (East)/men/id06535/00183_id04687_wavtolip.mp4,1,1,0,1,FAKE,train,-2.0,7.273952484130859,7.874301433563232,1.0,ok,,/Users/jeevikakiran/Documents/USC/Multimodal/Project/syncnet_work_pretrained/pycrop/id06535__00183_id04687_wavtolip__52ac32bba8/00000.avi,0.6181051361800879
id04437__00002__a742dcfbb4,id04437,-,-,real,A,RealVideo-RealAudio,African,women,00002.mp4,RealVideo-RealAudio/African/women/id04437,RealVideo-RealAudio/African/women/id04437/00002.mp4,/Users/jeevikakiran/Documents/USC/Multimodal/Project/FakeAVCeleb_v1.2/FakeAVCeleb_v1.2/RealVideo-RealAudio/African/women/id04437/00002.mp4,1,0,0,0,REAL,train,-3.0,5.201433181762695,8.043091773986816,1.0,ok,,/Users/jeevikakiran/Documents/USC/Multimodal/Project/syncnet_work_pretrained/pycrop/id04437__00002__a742dcfbb4/00000.avi,0.17742320333945685
id06753__00021__5af4aded5b,id06753,-,-,real,A,RealVideo-RealAudio,Asian (South),men,00021.mp4,RealVideo-RealAudio/Asian (South)/men/id06753,RealVideo-RealAudio/Asian (South)/men/id06753/00021.mp4,/Users/jeevikakiran/Documents/USC/Multimodal/Project/FakeAVCeleb_v1.2/FakeAVCeleb_v1.2/RealVideo-RealAudio/Asian (South)/men/id06753/00021.mp4,1,0,0,0,REAL,train,-1.0,6.156970977783203,7.909084796905518,1.0,ok,,/Users/jeevikakiran/Documents/USC/Multimodal/Project/syncnet_work_pretrained/pycrop/id06753__00021__5af4aded5b/00000.avi,0.19305481063664034
id01216__00025__bb51ef5bab,id01216,-,-,real,A,RealVideo-RealAudio,Caucasian (American),women,00025.mp4,RealVideo-RealAudio/Caucasian (American)/women/id01216,RealVideo-RealAudio/Caucasian (American)/women/id01216/00025.mp4,/Users/jeevikakiran/Documents/USC/Multimodal/Project/FakeAVCeleb_v1.2/FakeAVCeleb_v1.2/RealVideo-RealAudio/Caucasian (American)/women/id01216/00025.mp4,1,0,0,0,REAL,train,-1.0,7.790944576263428,7.437332630157471,1.0,ok,,/Users/jeevikakiran/Documents/USC/Multimodal/Project/syncnet_work_pretrained/pycrop/id01216__00025__bb51ef5bab/00000.avi,0.49038817961693776
id00685__00146_fake__595717963f,id00685,fake.mp4,-,rtvc,B,RealVideo-FakeAudio,Asian (South),men,00146_fake.mp4,RealVideo-FakeAudio/Asian (South)/men/id00685,RealVideo-FakeAudio/Asian (South)/men/id00685/00146_fake.mp4,/Users/jeevikakiran/Documents/USC/Multimodal/Project/FakeAVCeleb_v1.2/FakeAVCeleb_v1.2/RealVideo-FakeAudio/Asian (South)/men/id00685/00146_fake.mp4,1,0,1,1,FAKE,train,11.0,0.6174354553222656,13.56218433380127,1.0,ok,,/Users/jeevikakiran/Documents/USC/Multimodal/Project/syncnet_work_pretrained/pycrop/id00685__00146_fake__595717963f/00000.avi,0.9956798880292903
id00100__00028_id00180_wavtolip__e5bdf87ba8,id00100,id00180,-,wav2lip,D,FakeVideo-FakeAudio,Caucasian (American),women,00028_id00180_wavtolip.mp4,FakeVideo-FakeAudio/Caucasian (American)/women/id00100,FakeVideo-FakeAudio/Caucasian (American)/women/id00100/00028_id00180_wavtolip.mp4,/Users/jeevikakiran/Documents/USC/Multimodal/Project/FakeAVCeleb_v1.2/FakeAVCeleb_v1.2/FakeVideo-FakeAudio/Caucasian (American)/women/id00100/00028_id00180_wavtolip.mp4,1,1,1,1,FAKE,train,-2.0,8.62367057800293,6.296025276184082,1.0,ok,,/Users/jeevikakiran/Documents/USC/Multimodal/Project/syncnet_work_pretrained/pycrop/id00100__00028_id00180_wavtolip__e5bdf87ba8/00000.avi,0.40746065001395665
id09116__00026__65d186684b,id09116,-,-,real,A,RealVideo-RealAudio,Asian (East),women,00026.mp4,RealVideo-RealAudio/Asian (East)/women/id09116,RealVideo-RealAudio/Asian (East)/women/id09116/00026.mp4,/Users/jeevikakiran/Documents/USC/Multimodal/Project/FakeAVCeleb_v1.2/FakeAVCeleb_v1.2/RealVideo-RealAudio/Asian (East)/women/id09116/00026.mp4,1,0,0,0,REAL,train,-3.0,5.139202117919922,8.779767990112305,1.0,ok,,/Users/jeevikakiran/Documents/USC/Multimodal/Project/syncnet_work_pretrained/pycrop/id09116__00026__65d186684b/00000.avi,0.4075433249326464
id00379__00043_fake__8e5c3f3f20,id00379,fake.mp4,-,rtvc,B,RealVideo-FakeAudio,Caucasian (European),women,00043_fake.mp4,RealVideo-FakeAudio/Caucasian (European)/women/id00379,RealVideo-FakeAudio/Caucasian (European)/women/id00379/00043_fake.mp4,/Users/jeevikakiran/Documents/USC/Multimodal/Project/FakeAVCeleb_v1.2/FakeAVCeleb_v1.2/RealVideo-FakeAudio/Caucasian (European)/women/id00379/00043_fake.mp4,1,0,1,1,FAKE,train,-9.0,1.2497339248657229,13.553170204162598,1.0,ok,,/Users/jeevikakiran/Documents/USC/Multimodal/Project/syncnet_work_pretrained/pycrop/id00379__00043_fake__8e5c3f3f20/00000.avi,0.995140116139651
id04562__00221__43df3f3db1,id04562,-,-,real,A,RealVideo-RealAudio,Asian (South),men,00221.mp4,RealVideo-RealAudio/Asian (South)/men/id04562,RealVideo-RealAudio/Asian (South)/men/id04562/00221.mp4,/Users/jeevikakiran/Documents/USC/Multimodal/Project/FakeAVCeleb_v1.2/FakeAVCeleb_v1.2/RealVideo-RealAudio/Asian (South)/men/id04562/00221.mp4,1,0,0,0,REAL,train,-2.0,5.386837005615234,8.355080604553223,1.0,ok,,/Users/jeevikakiran/Documents/USC/Multimodal/Project/syncnet_work_pretrained/pycrop/id04562__00221__43df3f3db1/00000.avi,0.22547511916783688
id00634__00078_id00897_wavtolip__924fb4bdd4,id00634,id00897,-,wav2lip,C,FakeVideo-RealAudio,Caucasian (European),women,00078_id00897_wavtolip.mp4,FakeVideo-RealAudio/Caucasian (European)/women/id00634,FakeVideo-RealAudio/Caucasian (European)/women/id00634/00078_id00897_wavtolip.mp4,/Users/jeevikakiran/Documents/USC/Multimodal/Project/FakeAVCeleb_v1.2/FakeAVCeleb_v1.2/FakeVideo-RealAudio/Caucasian (European)/women/id00634/00078_id00897_wavtolip.mp4,1,1,0,1,FAKE,train,-2.0,7.005398750305176,8.002861022949219,1.0,ok,,/Users/jeevikakiran/Documents/USC/Multimodal/Project/syncnet_work_pretrained/pycrop/id00634__00078_id00897_wavtolip__924fb4bdd4/00000.avi,0.58391305997115
id02587__00020__46a4a16407,id02587,-,-,real,A,RealVideo-RealAudio,Asian (East),women,00020.mp4,RealVideo-RealAudio/Asian (East)/women/id02587,RealVideo-RealAudio/Asian (East)/women/id02587/00020.mp4,/Users/jeevikakiran/Documents/USC/Multimodal/Project/FakeAVCeleb_v1.2/FakeAVCeleb_v1.2/RealVideo-RealAudio/Asian (East)/women/id02587/00020.mp4,1,0,0,0,REAL,train,0.0,5.2082109451293945,8.242905616760254,1.0,ok,,/Users/jeevikakiran/Documents/USC/Multimodal/Project/syncnet_work_pretrained/pycrop/id02587__00020__46a4a16407/00000.avi,0.06835614711766255
id06535__00183__2fb8eb7f01,id06535,-,-,real,A,RealVideo-RealAudio,Asian (East),men,00183.mp4,RealVideo-RealAudio/Asian (East)/men/id06535,RealVideo-RealAudio/Asian (East)/men/id06535/00183.mp4,/Users/jeevikakiran/Documents/USC/Multimodal/Project/FakeAVCeleb_v1.2/FakeAVCeleb_v1.2/RealVideo-RealAudio/Asian (East)/men/id06535/00183.mp4,1,0,0,0,REAL,train,-2.0,6.545933246612549,7.955528736114502,1.0,ok,,/Users/jeevikakiran/Documents/USC/Multimodal/Project/syncnet_work_pretrained/pycrop/id06535__00183__2fb8eb7f01/00000.avi,0.4118711208802229
id00458__00072_id00190_wavtolip__9ff900ebba,id00458,id00190,-,wav2lip,D,FakeVideo-FakeAudio,Caucasian (American),women,00072_id00190_wavtolip.mp4,FakeVideo-FakeAudio/Caucasian (American)/women/id00458,FakeVideo-FakeAudio/Caucasian (American)/women/id00458/00072_id00190_wavtolip.mp4,/Users/jeevikakiran/Documents/USC/Multimodal/Project/FakeAVCeleb_v1.2/FakeAVCeleb_v1.2/FakeVideo-FakeAudio/Caucasian (American)/women/id00458/00072_id00190_wavtolip.mp4,1,1,1,1,FAKE,train,-2.0,8.80028247833252,6.538458347320557,1.0,ok,,/Users/jeevikakiran/Documents/USC/Multimodal/Project/syncnet_work_pretrained/pycrop/id00458__00072_id00190_wavtolip__9ff900ebba/00000.avi,0.5673635121317095
id07200__00045_id00745_eodnd1ul7ve_id07195_wavtolip__14e7ccffdd,id07200,id00745,id07195,fsgan-wav2lip,D,FakeVideo-FakeAudio,Asian (South),men,00045_id00745_eODND1ul7vE_id07195_wavtolip.mp4,FakeVideo-FakeAudio/Asian (South)/men/id07200,FakeVideo-FakeAudio/Asian (South)/men/id07200/00045_id00745_eODND1ul7vE_id07195_wavtolip.mp4,/Users/jeevikakiran/Documents/USC/Multimodal/Project/FakeAVCeleb_v1.2/FakeAVCeleb_v1.2/FakeVideo-FakeAudio/Asian (South)/men/id07200/00045_id00745_eODND1ul7vE_id07195_wavtolip.mp4,1,1,1,1,FAKE,train,-2.0,7.759473323822021,6.3152875900268555,1.0,ok,,/Users/jeevikakiran/Documents/USC/Multimodal/Project/syncnet_work_pretrained/pycrop/id07200__00045_id00745_eodnd1ul7ve_id07195_wavtolip__14e7ccffdd/00000.avi,0.1825558823515897
id07463__00028__d914ecf547,id07463,-,-,real,A,RealVideo-RealAudio,Asian (South),men,00028.mp4,RealVideo-RealAudio/Asian (South)/men/id07463,RealVideo-RealAudio/Asian (South)/men/id07463/00028.mp4,/Users/jeevikakiran/Documents/USC/Multimodal/Project/FakeAVCeleb_v1.2/FakeAVCeleb_v1.2/RealVideo-RealAudio/Asian (South)/men/id07463/00028.mp4,1,0,0,0,REAL,train,-2.0,6.292380332946777,8.173210144042969,1.0,ok,,/Users/jeevikakiran/Documents/USC/Multimodal/Project/syncnet_work_pretrained/pycrop/id07463__00028__d914ecf547/00000.avi,0.41862590479658185
id00253__00021_fake__8dfab0e2c9,id00253,fake.mp4,-,rtvc,B,RealVideo-FakeAudio,Caucasian (European),men,00021_fake.mp4,RealVideo-FakeAudio/Caucasian (European)/men/id00253,RealVideo-FakeAudio/Caucasian (European)/men/id00253/00021_fake.mp4,/Users/jeevikakiran/Documents/USC/Multimodal/Project/FakeAVCeleb_v1.2/FakeAVCeleb_v1.2/RealVideo-FakeAudio/Caucasian (European)/men/id00253/00021_fake.mp4,1,0,1,1,FAKE,train,8.0,1.7283878326416016,13.051790237426758,1.0,ok,,/Users/jeevikakiran/Documents/USC/Multimodal/Project/syncnet_work_pretrained/pycrop/id00253__00021_fake__8dfab0e2c9/00000.avi,0.990452463944024
id03858__00092_id00496_wavtolip__f19ee9f579,id03858,id00496,-,wav2lip,C,FakeVideo-RealAudio,Caucasian (European),women,00092_id00496_wavtolip.mp4,FakeVideo-RealAudio/Caucasian (European)/women/id03858,FakeVideo-RealAudio/Caucasian (European)/women/id03858/00092_id00496_wavtolip.mp4,/Users/jeevikakiran/Documents/USC/Multimodal/Project/FakeAVCeleb_v1.2/FakeAVCeleb_v1.2/FakeVideo-RealAudio/Caucasian (European)/women/id03858/00092_id00496_wavtolip.mp4,1,1,0,1,FAKE,train,-2.0,7.377160549163818,7.77919340133667,1.0,ok,,/Users/jeevikakiran/Documents/USC/Multimodal/Project/syncnet_work_pretrained/pycrop/id03858__00092_id00496_wavtolip__f19ee9f579/00000.avi,0.6128288632592939
id00761__00072_id01835_uzbwa0qfxxa_faceswap_id00761_wavtolip__b3abcf64ac,id00761,id01835,faceswap,faceswap-wav2lip,D,FakeVideo-FakeAudio,African,men,00072_id01835_UZbWA0QfXXA_faceswap_id00761_wavtolip.mp4,FakeVideo-FakeAudio/African/men/id00761,FakeVideo-FakeAudio/African/men/id00761/00072_id01835_UZbWA0QfXXA_faceswap_id00761_wavtolip.mp4,/Users/jeevikakiran/Documents/USC/Multimodal/Project/FakeAVCeleb_v1.2/FakeAVCeleb_v1.2/FakeVideo-FakeAudio/African/men/id00761/00072_id01835_UZbWA0QfXXA_faceswap_id00761_wavtolip.mp4,1,1,1,1,FAKE,train,-2.0,5.767892837524414,8.003194808959961,1.0,ok,,/Users/jeevikakiran/Documents/USC/Multimodal/Project/syncnet_work_pretrained/pycrop/id00761__00072_id01835_uzbwa0qfxxa_faceswap_id00761_wavtolip__b3abcf64ac/00000.avi,0.21121863728874615
id04701__00017_fake__2f73722204,id04701,fake.mp4,-,rtvc,B,RealVideo-FakeAudio,Asian (East),women,00017_fake.mp4,RealVideo-FakeAudio/Asian (East)/women/id04701,RealVideo-FakeAudio/Asian (East)/women/id04701/00017_fake.mp4,/Users/jeevikakiran/Documents/USC/Multimodal/Project/FakeAVCeleb_v1.2/FakeAVCeleb_v1.2/RealVideo-FakeAudio/Asian (East)/women/id04701/00017_fake.mp4,1,0,1,1,FAKE,train,-11.0,1.8210115432739256,13.788006782531738,1.0,ok,,/Users/jeevikakiran/Documents/USC/Multimodal/Project/syncnet_work_pretrained/pycrop/id04701__00017_fake__2f73722204/00000.avi,0.9994088160922523
id04057__00015__d8ed208369,id04057,-,-,real,A,RealVideo-RealAudio,Asian (East),women,00015.mp4,RealVideo-RealAudio/Asian (East)/women/id04057,RealVideo-RealAudio/Asian (East)/women/id04057/00015.mp4,/Users/jeevikakiran/Documents/USC/Multimodal/Project/FakeAVCeleb_v1.2/FakeAVCeleb_v1.2/RealVideo-RealAudio/Asian (East)/women/id04057/00015.mp4,1,0,0,0,REAL,train,2.0,6.907752990722656,7.943336486816406,1.0,ok,,/Users/jeevikakiran/Documents/USC/Multimodal/Project/syncnet_work_pretrained/pycrop/id04057__00015__d8ed208369/00000.avi,0.5268905592185554
id00325__00015_fake__5e65e7fe60,id00325,fake.mp4,-,rtvc,B,RealVideo-FakeAudio,Caucasian (European),women,00015_fake.mp4,RealVideo-FakeAudio/Caucasian (European)/women/id00325,RealVideo-FakeAudio/Caucasian (European)/women/id00325/00015_fake.mp4,/Users/jeevikakiran/Documents/USC/Multimodal/Project/FakeAVCeleb_v1.2/FakeAVCeleb_v1.2/RealVideo-FakeAudio/Caucasian (European)/women/id00325/00015_fake.mp4,1,0,1,1,FAKE,val,4.0,1.525491714477539,13.81434440612793,1.0,ok,,/Users/jeevikakiran/Documents/USC/Multimodal/Project/syncnet_work_pretrained/pycrop/id00325__00015_fake__5e65e7fe60/00000.avi,0.977191497241235
id00183__00015_id00305_wavtolip__ef182112ef,id00183,id00305,-,wav2lip,D,FakeVideo-FakeAudio,Caucasian (European),men,00015_id00305_wavtolip.mp4,FakeVideo-FakeAudio/Caucasian (European)/men/id00183,FakeVideo-FakeAudio/Caucasian (European)/men/id00183/00015_id00305_wavtolip.mp4,/Users/jeevikakiran/Documents/USC/Multimodal/Project/FakeAVCeleb_v1.2/FakeAVCeleb_v1.2/FakeVideo-FakeAudio/Caucasian (European)/men/id00183/00015_id00305_wavtolip.mp4,1,1,1,1,FAKE,train,-2.0,5.918005466461182,7.579010963439941,1.0,ok,,/Users/jeevikakiran/Documents/USC/Multimodal/Project/syncnet_work_pretrained/pycrop/id00183__00015_id00305_wavtolip__ef182112ef/00000.avi,0.13795475274268656
id00577__00010__cfd37c228f,id00577,-,-,real,A,RealVideo-RealAudio,African,women,00010.mp4,RealVideo-RealAudio/African/women/id00577,RealVideo-RealAudio/African/women/id00577/00010.mp4,/Users/jeevikakiran/Documents/USC/Multimodal/Project/FakeAVCeleb_v1.2/FakeAVCeleb_v1.2/RealVideo-RealAudio/African/women/id00577/00010.mp4,1,0,0,0,REAL,train,-1.0,7.737466335296631,6.629514694213867,1.0,ok,,/Users/jeevikakiran/Documents/USC/Multimodal/Project/syncnet_work_pretrained/pycrop/id00577__00010__cfd37c228f/00000.avi,0.18645555688454188
id00777__00160__d5aec0e085,id00777,-,-,real,A,RealVideo-RealAudio,Caucasian (American),men,00160.mp4,RealVideo-RealAudio/Caucasian (American)/men/id00777,RealVideo-RealAudio/Caucasian (American)/men/id00777/00160.mp4,/Users/jeevikakiran/Documents/USC/Multimodal/Project/FakeAVCeleb_v1.2/FakeAVCeleb_v1.2/RealVideo-RealAudio/Caucasian (American)/men/id00777/00160.mp4,1,0,0,0,REAL,val,0.0,7.383790969848633,7.899216651916504,1.0,ok,,/Users/jeevikakiran/Documents/USC/Multimodal/Project/syncnet_work_pretrained/pycrop/id00777__00160__d5aec0e085/00000.avi,0.4306791907361397
id02561__02561__e3315ae0f7,id02561,-,-,real,A,RealVideo-RealAudio,Asian (East),men,02561.mp4,RealVideo-RealAudio/Asian (East)/men/id02561,RealVideo-RealAudio/Asian (East)/men/id02561/02561.mp4,/Users/jeevikakiran/Documents/USC/Multimodal/Project/FakeAVCeleb_v1.2/FakeAVCeleb_v1.2/RealVideo-RealAudio/Asian (East)/men/id02561/02561.mp4,1,0,0,0,REAL,train,-2.0,7.649144172668457,7.027017593383789,1.0,ok,,/Users/jeevikakiran/Documents/USC/Multimodal/Project/syncnet_work_pretrained/pycrop/id02561__02561__e3315ae0f7/00000.avi,0.3903476139439809
id01528__00017__26e70d0cef,id01528,-,-,real,A,RealVideo-RealAudio,African,men,00017.mp4,RealVideo-RealAudio/African/men/id01528,RealVideo-RealAudio/African/men/id01528/00017.mp4,/Users/jeevikakiran/Documents/USC/Multimodal/Project/FakeAVCeleb_v1.2/FakeAVCeleb_v1.2/RealVideo-RealAudio/African/men/id01528/00017.mp4,1,0,0,0,REAL,train,0.0,7.459578514099121,7.090897083282471,1.0,ok,,/Users/jeevikakiran/Documents/USC/Multimodal/Project/syncnet_work_pretrained/pycrop/id01528__00017__26e70d0cef/00000.avi,0.17630334815163665
id02808__00056__9d4291bf8d,id02808,-,-,real,A,RealVideo-RealAudio,African,women,00056.mp4,RealVideo-RealAudio/African/women/id02808,RealVideo-RealAudio/African/women/id02808/00056.mp4,/Users/jeevikakiran/Documents/USC/Multimodal/Project/FakeAVCeleb_v1.2/FakeAVCeleb_v1.2/RealVideo-RealAudio/African/women/id02808/00056.mp4,1,0,0,0,REAL,val,-4.0,6.818700790405273,8.6740083694458,1.0,ok,,/Users/jeevikakiran/Documents/USC/Multimodal/Project/syncnet_work_pretrained/pycrop/id02808__00056__9d4291bf8d/00000.avi,0.8976245080544126
id02268__00036__4d71943712,id02268,-,-,real,A,RealVideo-RealAudio,African,men,00036.mp4,RealVideo-RealAudio/African/men/id02268,RealVideo-RealAudio/African/men/id02268/00036.mp4,/Users/jeevikakiran/Documents/USC/Multimodal/Project/FakeAVCeleb_v1.2/FakeAVCeleb_v1.2/RealVideo-RealAudio/African/men/id02268/00036.mp4,1,0,0,0,REAL,train,0.0,6.094331741333008,8.524560928344727,1.0,ok,,/Users/jeevikakiran/Documents/USC/Multimodal/Project/syncnet_work_pretrained/pycrop/id02268__00036__4d71943712/00000.avi,0.2787986972627999
id08652__00006__2197cf1e33,id08652,-,-,real,A,RealVideo-RealAudio,Asian (East),men,00006.mp4,RealVideo-RealAudio/Asian (East)/men/id08652,RealVideo-RealAudio/Asian (East)/men/id08652/00006.mp4,/Users/jeevikakiran/Documents/USC/Multimodal/Project/FakeAVCeleb_v1.2/FakeAVCeleb_v1.2/RealVideo-RealAudio/Asian (East)/men/id08652/00006.mp4,1,0,0,0,REAL,train,-1.0,4.512983322143555,8.78637981414795,1.0,ok,,/Users/jeevikakiran/Documents/USC/Multimodal/Project/syncnet_work_pretrained/pycrop/id08652__00006__2197cf1e33/00000.avi,0.10422019775753949
id03656__00052_id05251_wavtolip__89170759da,id03656,id05251,-,wav2lip,C,FakeVideo-RealAudio,African,women,00052_id05251_wavtolip.mp4,FakeVideo-RealAudio/African/women/id03656,FakeVideo-RealAudio/African/women/id03656/00052_id05251_wavtolip.mp4,/Users/jeevikakiran/Documents/USC/Multimodal/Project/FakeAVCeleb_v1.2/FakeAVCeleb_v1.2/FakeVideo-RealAudio/African/women/id03656/00052_id05251_wavtolip.mp4,1,1,0,1,FAKE,train,-2.0,8.60060977935791,6.650047302246094,1.0,ok,,/Users/jeevikakiran/Documents/USC/Multimodal/Project/syncnet_work_pretrained/pycrop/id03656__00052_id05251_wavtolip__89170759da/00000.avi,0.5478633612829357
id06388__00005__3f5e20c408,id06388,-,-,real,A,RealVideo-RealAudio,Asian (East),women,00005.mp4,RealVideo-RealAudio/Asian (East)/women/id06388,RealVideo-RealAudio/Asian (East)/women/id06388/00005.mp4,/Users/jeevikakiran/Documents/USC/Multimodal/Project/FakeAVCeleb_v1.2/FakeAVCeleb_v1.2/RealVideo-RealAudio/Asian (East)/women/id06388/00005.mp4,1,0,0,0,REAL,train,-2.0,6.987325191497803,7.988337993621826,2.0,ok,,/Users/jeevikakiran/Documents/USC/Multimodal/Project/syncnet_work_pretrained/pycrop/id06388__00005__3f5e20c408/00000.avi,0.5720330067875985
id01026__00083_fake__ece5aa8fba,id01026,fake.mp4,-,rtvc,B,RealVideo-FakeAudio,Asian (South),women,00083_fake.mp4,RealVideo-FakeAudio/Asian (South)/women/id01026,RealVideo-FakeAudio/Asian (South)/women/id01026/00083_fake.mp4,/Users/jeevikakiran/Documents/USC/Multimodal/Project/FakeAVCeleb_v1.2/FakeAVCeleb_v1.2/RealVideo-FakeAudio/Asian (South)/women/id01026/00083_fake.mp4,1,0,1,1,FAKE,val,8.0,2.2690372467041016,12.340380668640137,1.0,ok,,/Users/jeevikakiran/Documents/USC/Multimodal/Project/syncnet_work_pretrained/pycrop/id01026__00083_fake__ece5aa8fba/00000.avi,0.9847129182949732
id00383__00171_fake__d4ad3b8716,id00383,fake.mp4,-,rtvc,B,RealVideo-FakeAudio,Caucasian (American),women,00171_fake.mp4,RealVideo-FakeAudio/Caucasian (American)/women/id00383,RealVideo-FakeAudio/Caucasian (American)/women/id00383/00171_fake.mp4,/Users/jeevikakiran/Documents/USC/Multimodal/Project/FakeAVCeleb_v1.2/FakeAVCeleb_v1.2/RealVideo-FakeAudio/Caucasian (American)/women/id00383/00171_fake.mp4,1,0,1,1,FAKE,train,12.0,1.098099708557129,13.131624221801758,1.0,ok,,/Users/jeevikakiran/Documents/USC/Multimodal/Project/syncnet_work_pretrained/pycrop/id00383__00171_fake__d4ad3b8716/00000.avi,0.99707654376471
id04582__00180_id07689_wavtolip__e8339aec1d,id04582,id07689,-,wav2lip,C,FakeVideo-RealAudio,Asian (South),women,00180_id07689_wavtolip.mp4,FakeVideo-RealAudio/Asian (South)/women/id04582,FakeVideo-RealAudio/Asian (South)/women/id04582/00180_id07689_wavtolip.mp4,/Users/jeevikakiran/Documents/USC/Multimodal/Project/FakeAVCeleb_v1.2/FakeAVCeleb_v1.2/FakeVideo-RealAudio/Asian (South)/women/id04582/00180_id07689_wavtolip.mp4,1,1,0,1,FAKE,train,-2.0,7.250220775604248,7.662022113800049,1.0,ok,,/Users/jeevikakiran/Documents/USC/Multimodal/Project/syncnet_work_pretrained/pycrop/id04582__00180_id07689_wavtolip__e8339aec1d/00000.avi,0.5228657488339506
id07338__00003__8ad5f6a510,id07338,-,-,real,A,RealVideo-RealAudio,Asian (East),men,00003.mp4,RealVideo-RealAudio/Asian (East)/men/id07338,RealVideo-RealAudio/Asian (East)/men/id07338/00003.mp4,/Users/jeevikakiran/Documents/USC/Multimodal/Project/FakeAVCeleb_v1.2/FakeAVCeleb_v1.2/RealVideo-RealAudio/Asian (East)/men/id07338/00003.mp4,1,0,0,0,REAL,train,-1.0,4.367480278015137,8.9734468460083,1.0,ok,,/Users/jeevikakiran/Documents/USC/Multimodal/Project/syncnet_work_pretrained/pycrop/id07338__00003__8ad5f6a510/00000.avi,0.11605286434413477
id01171__00053_id00761_wavtolip__6ed61d6a7b,id01171,id00761,-,wav2lip,C,FakeVideo-RealAudio,African,men,00053_id00761_wavtolip.mp4,FakeVideo-RealAudio/African/men/id01171,FakeVideo-RealAudio/African/men/id01171/00053_id00761_wavtolip.mp4,/Users/jeevikakiran/Documents/USC/Multimodal/Project/FakeAVCeleb_v1.2/FakeAVCeleb_v1.2/FakeVideo-RealAudio/African/men/id01171/00053_id00761_wavtolip.mp4,1,1,0,1,FAKE,train,-2.0,6.421219825744629,8.130697250366211,1.0,ok,,/Users/jeevikakiran/Documents/USC/Multimodal/Project/syncnet_work_pretrained/pycrop/id01171__00053_id00761_wavtolip__6ed61d6a7b/00000.avi,0.443334676768391
id00519__00028__cc4c987755,id00519,-,-,real,A,RealVideo-RealAudio,Caucasian (European),men,00028.mp4,RealVideo-RealAudio/Caucasian (European)/men/id00519,RealVideo-RealAudio/Caucasian (European)/men/id00519/00028.mp4,/Users/jeevikakiran/Documents/USC/Multimodal/Project/FakeAVCeleb_v1.2/FakeAVCeleb_v1.2/RealVideo-RealAudio/Caucasian (European)/men/id00519/00028.mp4,1,0,0,0,REAL,train,-2.0,5.277374267578125,9.01356315612793,1.0,ok,,/Users/jeevikakiran/Documents/USC/Multimodal/Project/syncnet_work_pretrained/pycrop/id00519__00028__cc4c987755/00000.avi,0.4330403908975467
id00461__00043_id03815_wavtolip__483b59d59e,id00461,id03815,-,wav2lip,D,FakeVideo-FakeAudio,Asian (South),women,00043_id03815_wavtolip.mp4,FakeVideo-FakeAudio/Asian (South)/women/id00461,FakeVideo-FakeAudio/Asian (South)/women/id00461/00043_id03815_wavtolip.mp4,/Users/jeevikakiran/Documents/USC/Multimodal/Project/FakeAVCeleb_v1.2/FakeAVCeleb_v1.2/FakeVideo-FakeAudio/Asian (South)/women/id00461/00043_id03815_wavtolip.mp4,1,1,1,1,FAKE,train,-2.0,8.649112701416016,6.162725925445557,1.0,ok,,/Users/jeevikakiran/Documents/USC/Multimodal/Project/syncnet_work_pretrained/pycrop/id00461__00043_id03815_wavtolip__483b59d59e/00000.avi,0.3623124805058994
id00261__00048__c30f891da1,id00261,-,-,real,A,RealVideo-RealAudio,Caucasian (American),women,00048.mp4,RealVideo-RealAudio/Caucasian (American)/women/id00261,RealVideo-RealAudio/Caucasian (American)/women/id00261/00048.mp4,/Users/jeevikakiran/Documents/USC/Multimodal/Project/FakeAVCeleb_v1.2/FakeAVCeleb_v1.2/RealVideo-RealAudio/Caucasian (American)/women/id00261/00048.mp4,1,0,0,0,REAL,train,-1.0,5.701808929443359,8.515290260314941,1.0,ok,,/Users/jeevikakiran/Documents/USC/Multimodal/Project/syncnet_work_pretrained/pycrop/id00261__00048__c30f891da1/00000.avi,0.26565046895191485
id00752__00340_fake__35eee40224,id00752,fake.mp4,-,rtvc,B,RealVideo-FakeAudio,Caucasian (American),women,00340_fake.mp4,RealVideo-FakeAudio/Caucasian (American)/women/id00752,RealVideo-FakeAudio/Caucasian (American)/women/id00752/00340_fake.mp4,/Users/jeevikakiran/Documents/USC/Multimodal/Project/FakeAVCeleb_v1.2/FakeAVCeleb_v1.2/RealVideo-FakeAudio/Caucasian (American)/women/id00752/00340_fake.mp4,1,0,1,1,FAKE,train,-2.0,1.43438720703125,13.062808990478516,1.0,ok,,/Users/jeevikakiran/Documents/USC/Multimodal/Project/syncnet_work_pretrained/pycrop/id00752__00340_fake__35eee40224/00000.avi,0.8049737567224756
id06334__00015__a56249c67f,id06334,-,-,real,A,RealVideo-RealAudio,Asian (South),men,00015.mp4,RealVideo-RealAudio/Asian (South)/men/id06334,RealVideo-RealAudio/Asian (South)/men/id06334/00015.mp4,/Users/jeevikakiran/Documents/USC/Multimodal/Project/FakeAVCeleb_v1.2/FakeAVCeleb_v1.2/RealVideo-RealAudio/Asian (South)/men/id06334/00015.mp4,1,0,0,0,REAL,train,-1.0,4.813124656677246,8.440479278564453,1.0,ok,,/Users/jeevikakiran/Documents/USC/Multimodal/Project/syncnet_work_pretrained/pycrop/id06334__00015__a56249c67f/00000.avi,0.08842746536001873
id03344__00114_fake__32215051f9,id03344,fake.mp4,-,rtvc,B,RealVideo-FakeAudio,Asian (South),men,00114_fake.mp4,RealVideo-FakeAudio/Asian (South)/men/id03344,RealVideo-FakeAudio/Asian (South)/men/id03344/00114_fake.mp4,/Users/jeevikakiran/Documents/USC/Multimodal/Project/FakeAVCeleb_v1.2/FakeAVCeleb_v1.2/RealVideo-FakeAudio/Asian (South)/men/id03344/00114_fake.mp4,1,0,1,1,FAKE,train,11.0,1.2302513122558594,11.71311378479004,1.0,ok,,/Users/jeevikakiran/Documents/USC/Multimodal/Project/syncnet_work_pretrained/pycrop/id03344__00114_fake__32215051f9/00000.avi,0.9585326759371776
id02619__00015__3252f32434,id02619,-,-,real,A,RealVideo-RealAudio,Asian (South),women,00015.mp4,RealVideo-RealAudio/Asian (South)/women/id02619,RealVideo-RealAudio/Asian (South)/women/id02619/00015.mp4,/Users/jeevikakiran/Documents/USC/Multimodal/Project/FakeAVCeleb_v1.2/FakeAVCeleb_v1.2/RealVideo-RealAudio/Asian (South)/women/id02619/00015.mp4,1,0,0,0,REAL,train,-1.0,4.90910005569458,7.901776313781738,1.0,ok,,/Users/jeevikakiran/Documents/USC/Multimodal/Project/syncnet_work_pretrained/pycrop/id02619__00015__3252f32434/00000.avi,0.04255342875204131
id00241__00015__d52cff9229,id00241,-,-,real,A,RealVideo-RealAudio,Caucasian (European),men,00015.mp4,RealVideo-RealAudio/Caucasian (European)/men/id00241,RealVideo-RealAudio/Caucasian (European)/men/id00241/00015.mp4,/Users/jeevikakiran/Documents/USC/Multimodal/Project/FakeAVCeleb_v1.2/FakeAVCeleb_v1.2/RealVideo-RealAudio/Caucasian (European)/men/id00241/00015.mp4,1,0,0,0,REAL,train,-3.0,4.937835693359375,8.237852096557617,1.0,ok,,/Users/jeevikakiran/Documents/USC/Multimodal/Project/syncnet_work_pretrained/pycrop/id00241__00015__d52cff9229/00000.avi,0.17390324283958908
id00087__00002_id04216_wavtolip__bde20e975d,id00087,id04216,-,wav2lip,C,FakeVideo-RealAudio,Caucasian (American),men,00002_id04216_wavtolip.mp4,FakeVideo-RealAudio/Caucasian (American)/men/id00087,FakeVideo-RealAudio/Caucasian (American)/men/id00087/00002_id04216_wavtolip.mp4,/Users/jeevikakiran/Documents/USC/Multimodal/Project/FakeAVCeleb_v1.2/FakeAVCeleb_v1.2/FakeVideo-RealAudio/Caucasian (American)/men/id00087/00002_id04216_wavtolip.mp4,1,1,0,1,FAKE,train,-2.0,10.04761028289795,5.734789848327637,1.0,ok,,/Users/jeevikakiran/Documents/USC/Multimodal/Project/syncnet_work_pretrained/pycrop/id00087__00002_id04216_wavtolip__bde20e975d/00000.avi,0.6422455511590749
id01178__00028__1b803c44dd,id01178,-,-,real,A,RealVideo-RealAudio,African,women,00028.mp4,RealVideo-RealAudio/African/women/id01178,RealVideo-RealAudio/African/women/id01178/00028.mp4,/Users/jeevikakiran/Documents/USC/Multimodal/Project/FakeAVCeleb_v1.2/FakeAVCeleb_v1.2/RealVideo-RealAudio/African/women/id01178/00028.mp4,1,0,0,0,REAL,val,-1.0,6.355226516723633,8.336155891418457,1.0,ok,,/Users/jeevikakiran/Documents/USC/Multimodal/Project/syncnet_work_pretrained/pycrop/id01178__00028__1b803c44dd/00000.avi,0.3907504025932372
id01838__00126_fake__fe51c4a2c2,id01838,fake.mp4,-,rtvc,B,RealVideo-FakeAudio,African,women,00126_fake.mp4,RealVideo-FakeAudio/African/women/id01838,RealVideo-FakeAudio/African/women/id01838/00126_fake.mp4,/Users/jeevikakiran/Documents/USC/Multimodal/Project/FakeAVCeleb_v1.2/FakeAVCeleb_v1.2/RealVideo-FakeAudio/African/women/id01838/00126_fake.mp4,1,0,1,1,FAKE,train,6.0,2.092465400695801,12.639008522033691,1.0,ok,,/Users/jeevikakiran/Documents/USC/Multimodal/Project/syncnet_work_pretrained/pycrop/id01838__00126_fake__fe51c4a2c2/00000.avi,0.9702036673625009
id02342__00191_id02005_7_egh9mw5y4_id00944_wavtolip__1529418786,id02342,id02005,Egh9mW5y4,fsgan-wav2lip,D,FakeVideo-FakeAudio,African,men,00191_id02005_7_Egh9mW5y4_id00944_wavtolip.mp4,FakeVideo-FakeAudio/African/men/id02342,FakeVideo-FakeAudio/African/men/id02342/00191_id02005_7_Egh9mW5y4_id00944_wavtolip.mp4,/Users/jeevikakiran/Documents/USC/Multimodal/Project/FakeAVCeleb_v1.2/FakeAVCeleb_v1.2/FakeVideo-FakeAudio/African/men/id02342/00191_id02005_7_Egh9mW5y4_id00944_wavtolip.mp4,1,1,1,1,FAKE,train,-2.0,7.605039119720459,7.074100494384766,1.0,ok,,/Users/jeevikakiran/Documents/USC/Multimodal/Project/syncnet_work_pretrained/pycrop/id02342__00191_id02005_7_egh9mw5y4_id00944_wavtolip__1529418786/00000.avi,0.39521144138773184
id00373__00028_id00328_ytkncbjsecu__6ab743306b,id00373,id00328,-,fsgan,C,FakeVideo-RealAudio,Caucasian (European),women,00028_id00328_ytKnCbJSEcU.mp4,FakeVideo-RealAudio/Caucasian (European)/women/id00373,FakeVideo-RealAudio/Caucasian (European)/women/id00373/00028_id00328_ytKnCbJSEcU.mp4,/Users/jeevikakiran/Documents/USC/Multimodal/Project/FakeAVCeleb_v1.2/FakeAVCeleb_v1.2/FakeVideo-RealAudio/Caucasian (European)/women/id00373/00028_id00328_ytKnCbJSEcU.mp4,1,1,0,1,FAKE,train,-4.0,5.296229362487793,8.368654251098633,1.0,ok,,/Users/jeevikakiran/Documents/USC/Multimodal/Project/syncnet_work_pretrained/pycrop/id00373__00028_id00328_ytkncbjsecu__6ab743306b/00000.avi,0.405464223885589
id00491__00122_id00188_e_vm5fb3ida_id00325_wavtolip__d13c24d28a,id00491,id00188,id00325,fsgan-wav2lip,D,FakeVideo-FakeAudio,Caucasian (European),women,00122_id00188_e-vm5FB3idA_id00325_wavtolip.mp4,FakeVideo-FakeAudio/Caucasian (European)/women/id00491,FakeVideo-FakeAudio/Caucasian (European)/women/id00491/00122_id00188_e-vm5FB3idA_id00325_wavtolip.mp4,/Users/jeevikakiran/Documents/USC/Multimodal/Project/FakeAVCeleb_v1.2/FakeAVCeleb_v1.2/FakeVideo-FakeAudio/Caucasian (European)/women/id00491/00122_id00188_e-vm5FB3idA_id00325_wavtolip.mp4,1,1,1,1,FAKE,train,-2.0,7.977714538574219,7.450045108795166,1.0,ok,,/Users/jeevikakiran/Documents/USC/Multimodal/Project/syncnet_work_pretrained/pycrop/id00491__00122_id00188_e_vm5fb3ida_id00325_wavtolip__d13c24d28a/00000.avi,0.669945620987342
id01048__00160_2_id01182_wavtolip__4175344391,id01048,2,-,faceswap-wav2lip,D,FakeVideo-FakeAudio,Caucasian (American),men,00160_2_id01182_wavtolip.mp4,FakeVideo-FakeAudio/Caucasian (American)/men/id01048,FakeVideo-FakeAudio/Caucasian (American)/men/id01048/00160_2_id01182_wavtolip.mp4,/Users/jeevikakiran/Documents/USC/Multimodal/Project/FakeAVCeleb_v1.2/FakeAVCeleb_v1.2/FakeVideo-FakeAudio/Caucasian (American)/men/id01048/00160_2_id01182_wavtolip.mp4,1,1,1,1,FAKE,train,-2.0,5.948415756225586,7.532870292663574,1.0,ok,,/Users/jeevikakiran/Documents/USC/Multimodal/Project/syncnet_work_pretrained/pycrop/id01048__00160_2_id01182_wavtolip__4175344391/00000.avi,0.1335969741885146
id00381__00030_fake__249588be16,id00381,fake.mp4,-,rtvc,B,RealVideo-FakeAudio,Caucasian (American),women,00030_fake.mp4,RealVideo-FakeAudio/Caucasian (American)/women/id00381,RealVideo-FakeAudio/Caucasian (American)/women/id00381/00030_fake.mp4,/Users/jeevikakiran/Documents/USC/Multimodal/Project/FakeAVCeleb_v1.2/FakeAVCeleb_v1.2/RealVideo-FakeAudio/Caucasian (American)/women/id00381/00030_fake.mp4,1,0,1,1,FAKE,train,-5.0,4.164493560791016,9.854085922241213,2.0,ok,,/Users/jeevikakiran/Documents/USC/Multimodal/Project/syncnet_work_pretrained/pycrop/id00381__00030_fake__249588be16/00001.avi,0.7471180935903845
id00417__00069_id03897_wavtolip__6783707ba4,id00417,id03897,-,wav2lip,C,FakeVideo-RealAudio,Asian (South),women,00069_id03897_wavtolip.mp4,FakeVideo-RealAudio/Asian (South)/women/id00417,FakeVideo-RealAudio/Asian (South)/women/id00417/00069_id03897_wavtolip.mp4,/Users/jeevikakiran/Documents/USC/Multimodal/Project/FakeAVCeleb_v1.2/FakeAVCeleb_v1.2/FakeVideo-RealAudio/Asian (South)/women/id00417/00069_id03897_wavtolip.mp4,1,1,0,1,FAKE,train,-2.0,4.182198524475098,9.986778259277344,2.0,ok,,/Users/jeevikakiran/Documents/USC/Multimodal/Project/syncnet_work_pretrained/pycrop/id00417__00069_id03897_wavtolip__6783707ba4/00000.avi,0.4766053848729092
id09175__00072__e9f1d51b65,id09175,-,-,real,A,RealVideo-RealAudio,Asian (East),women,00072.mp4,RealVideo-RealAudio/Asian (East)/women/id09175,RealVideo-RealAudio/Asian (East)/women/id09175/00072.mp4,/Users/jeevikakiran/Documents/USC/Multimodal/Project/FakeAVCeleb_v1.2/FakeAVCeleb_v1.2/RealVideo-RealAudio/Asian (East)/women/id09175/00072.mp4,1,0,0,0,REAL,train,1.0,6.678342819213867,7.341725349426269,1.0,ok,,/Users/jeevikakiran/Documents/USC/Multimodal/Project/syncnet_work_pretrained/pycrop/id09175__00072__e9f1d51b65/00000.avi,0.1558344643137405
id01245__00028_id02466_wavtolip__4116e18e1a,id01245,id02466,-,wav2lip,C,FakeVideo-RealAudio,Caucasian (American),women,00028_id02466_wavtolip.mp4,FakeVideo-RealAudio/Caucasian (American)/women/id01245,FakeVideo-RealAudio/Caucasian (American)/women/id01245/00028_id02466_wavtolip.mp4,/Users/jeevikakiran/Documents/USC/Multimodal/Project/FakeAVCeleb_v1.2/FakeAVCeleb_v1.2/FakeVideo-RealAudio/Caucasian (American)/women/id01245/00028_id02466_wavtolip.mp4,1,1,0,1,FAKE,val,-2.0,7.288468360900879,7.612301349639893,1.0,ok,,/Users/jeevikakiran/Documents/USC/Multimodal/Project/syncnet_work_pretrained/pycrop/id01245__00028_id02466_wavtolip__4116e18e1a/00000.avi,0.5147055504663952
id00292__00072__04707cb96d,id00292,-,-,real,A,RealVideo-RealAudio,Caucasian (European),men,00072.mp4,RealVideo-RealAudio/Caucasian (European)/men/id00292,RealVideo-RealAudio/Caucasian (European)/men/id00292/00072.mp4,/Users/jeevikakiran/Documents/USC/Multimodal/Project/FakeAVCeleb_v1.2/FakeAVCeleb_v1.2/RealVideo-RealAudio/Caucasian (European)/men/id00292/00072.mp4,1,0,0,0,REAL,train,1.0,6.4511823654174805,7.599167346954346,1.0,ok,,/Users/jeevikakiran/Documents/USC/Multimodal/Project/syncnet_work_pretrained/pycrop/id00292__00072__04707cb96d/00000.avi,0.17374680293153685
id00253__00021__afd4cde503,id00253,-,-,real,A,RealVideo-RealAudio,Caucasian (European),men,00021.mp4,RealVideo-RealAudio/Caucasian (European)/men/id00253,RealVideo-RealAudio/Caucasian (European)/men/id00253/00021.mp4,/Users/jeevikakiran/Documents/USC/Multimodal/Project/FakeAVCeleb_v1.2/FakeAVCeleb_v1.2/RealVideo-RealAudio/Caucasian (European)/men/id00253/00021.mp4,1,0,0,0,REAL,train,-3.0,7.8456950187683105,7.129856586456299,1.0,ok,,/Users/jeevikakiran/Documents/USC/Multimodal/Project/syncnet_work_pretrained/pycrop/id00253__00021__afd4cde503/00000.avi,0.6143702347254483
id00328__00092__26d6e5e891,id00328,-,-,real,A,RealVideo-RealAudio,Caucasian (European),women,00092.mp4,RealVideo-RealAudio/Caucasian (European)/women/id00328,RealVideo-RealAudio/Caucasian (European)/women/id00328/00092.mp4,/Users/jeevikakiran/Documents/USC/Multimodal/Project/FakeAVCeleb_v1.2/FakeAVCeleb_v1.2/RealVideo-RealAudio/Caucasian (European)/women/id00328/00092.mp4,1,0,0,0,REAL,train,-1.0,5.616654872894287,7.88955020904541,1.0,ok,,/Users/jeevikakiran/Documents/USC/Multimodal/Project/syncnet_work_pretrained/pycrop/id00328__00092__26d6e5e891/00000.avi,0.10094878386872407
id05920__00161__235f0a0c41,id05920,-,-,real,A,RealVideo-RealAudio,Asian (South),women,00161.mp4,RealVideo-RealAudio/Asian (South)/women/id05920,RealVideo-RealAudio/Asian (South)/women/id05920/00161.mp4,/Users/jeevikakiran/Documents/USC/Multimodal/Project/FakeAVCeleb_v1.2/FakeAVCeleb_v1.2/RealVideo-RealAudio/Asian (South)/women/id05920/00161.mp4,1,0,0,0,REAL,train,-2.0,5.83288049697876,7.688259601593018,1.0,ok,,/Users/jeevikakiran/Documents/USC/Multimodal/Project/syncnet_work_pretrained/pycrop/id05920__00161__235f0a0c41/00000.avi,0.14653840609435675
id00169__00021__e8d744860b,id00169,-,-,real,A,RealVideo-RealAudio,Caucasian (American),men,00021.mp4,RealVideo-RealAudio/Caucasian (American)/men/id00169,RealVideo-RealAudio/Caucasian (American)/men/id00169/00021.mp4,/Users/jeevikakiran/Documents/USC/Multimodal/Project/FakeAVCeleb_v1.2/FakeAVCeleb_v1.2/RealVideo-RealAudio/Caucasian (American)/men/id00169/00021.mp4,1,0,0,0,REAL,train,0.0,6.642919063568115,7.259493350982666,1.0,ok,,/Users/jeevikakiran/Documents/USC/Multimodal/Project/syncnet_work_pretrained/pycrop/id00169__00021__e8d744860b/00000.avi,0.08701779817096146
id07210__00005_fake__ddb82af84f,id07210,fake.mp4,-,rtvc,B,RealVideo-FakeAudio,Asian (South),men,00005_fake.mp4,RealVideo-FakeAudio/Asian (South)/men/id07210,RealVideo-FakeAudio/Asian (South)/men/id07210/00005_fake.mp4,/Users/jeevikakiran/Documents/USC/Multimodal/Project/FakeAVCeleb_v1.2/FakeAVCeleb_v1.2/RealVideo-FakeAudio/Asian (South)/men/id07210/00005_fake.mp4,1,0,1,1,FAKE,train,0.0,0.9137363433837892,12.806495666503906,1.0,ok,,/Users/jeevikakiran/Documents/USC/Multimodal/Project/syncnet_work_pretrained/pycrop/id07210__00005_fake__ddb82af84f/00000.avi,0.34035799934267313
id06437__00028__e9d7ad52d4,id06437,-,-,real,A,RealVideo-RealAudio,Asian (South),women,00028.mp4,RealVideo-RealAudio/Asian (South)/women/id06437,RealVideo-RealAudio/Asian (South)/women/id06437/00028.mp4,/Users/jeevikakiran/Documents/USC/Multimodal/Project/FakeAVCeleb_v1.2/FakeAVCeleb_v1.2/RealVideo-RealAudio/Asian (South)/women/id06437/00028.mp4,1,0,0,0,REAL,train,-1.0,5.595279693603516,8.39083194732666,1.0,ok,,/Users/jeevikakiran/Documents/USC/Multimodal/Project/syncnet_work_pretrained/pycrop/id06437__00028__e9d7ad52d4/00000.avi,0.20270668860630728
id00332__00293__8cd97296f4,id00332,-,-,real,A,RealVideo-RealAudio,Caucasian (European),women,00293.mp4,RealVideo-RealAudio/Caucasian (European)/women/id00332,RealVideo-RealAudio/Caucasian (European)/women/id00332/00293.mp4,/Users/jeevikakiran/Documents/USC/Multimodal/Project/FakeAVCeleb_v1.2/FakeAVCeleb_v1.2/RealVideo-RealAudio/Caucasian (European)/women/id00332/00293.mp4,1,0,0,0,REAL,train,-1.0,7.056653022766113,6.966805934906006,1.0,ok,,/Users/jeevikakiran/Documents/USC/Multimodal/Project/syncnet_work_pretrained/pycrop/id00332__00293__8cd97296f4/00000.avi,0.13995616882130968
id00579__00030__6e9ca83e32,id00579,-,-,real,A,RealVideo-RealAudio,Asian (East),women,00030.mp4,RealVideo-RealAudio/Asian (East)/women/id00579,RealVideo-RealAudio/Asian (East)/women/id00579/00030.mp4,/Users/jeevikakiran/Documents/USC/Multimodal/Project/FakeAVCeleb_v1.2/FakeAVCeleb_v1.2/RealVideo-RealAudio/Asian (East)/women/id00579/00030.mp4,1,0,0,0,REAL,val,-2.0,6.203956604003906,8.543572425842285,1.0,ok,,/Users/jeevikakiran/Documents/USC/Multimodal/Project/syncnet_work_pretrained/pycrop/id00579__00030__6e9ca83e32/00000.avi,0.5444201283328268
id01451__00099__46b05db6f5,id01451,-,-,real,A,RealVideo-RealAudio,Asian (East),women,00099.mp4,RealVideo-RealAudio/Asian (East)/women/id01451,RealVideo-RealAudio/Asian (East)/women/id01451/00099.mp4,/Users/jeevikakiran/Documents/USC/Multimodal/Project/FakeAVCeleb_v1.2/FakeAVCeleb_v1.2/RealVideo-RealAudio/Asian (East)/women/id01451/00099.mp4,1,0,0,0,REAL,train,1.0,7.560945987701416,6.655453681945801,1.0,ok,,/Users/jeevikakiran/Documents/USC/Multimodal/Project/syncnet_work_pretrained/pycrop/id01451__00099__46b05db6f5/00000.avi,0.1589853237888859
id06438__00110_id00488_wavtolip__228632b728,id06438,id00488,-,wav2lip,C,FakeVideo-RealAudio,Asian (South),women,00110_id00488_wavtolip.mp4,FakeVideo-RealAudio/Asian (South)/women/id06438,FakeVideo-RealAudio/Asian (South)/women/id06438/00110_id00488_wavtolip.mp4,/Users/jeevikakiran/Documents/USC/Multimodal/Project/FakeAVCeleb_v1.2/FakeAVCeleb_v1.2/FakeVideo-RealAudio/Asian (South)/women/id06438/00110_id00488_wavtolip.mp4,1,1,0,1,FAKE,val,-2.0,7.612468242645264,7.578408241271973,1.0,ok,,/Users/jeevikakiran/Documents/USC/Multimodal/Project/syncnet_work_pretrained/pycrop/id06438__00110_id00488_wavtolip__228632b728/00000.avi,0.6071817725515475
id07383__00011_id06061_tckvmwr97vo__8837b1755b,id07383,id06061,-,fsgan,C,FakeVideo-RealAudio,Asian (East),women,00011_id06061_TckvmWR97vo.mp4,FakeVideo-RealAudio/Asian (East)/women/id07383,FakeVideo-RealAudio/Asian (East)/women/id07383/00011_id06061_TckvmWR97vo.mp4,/Users/jeevikakiran/Documents/USC/Multimodal/Project/FakeAVCeleb_v1.2/FakeAVCeleb_v1.2/FakeVideo-RealAudio/Asian (East)/women/id07383/00011_id06061_TckvmWR97vo.mp4,1,1,0,1,FAKE,train,-1.0,5.543313980102539,8.87642765045166,1.0,ok,,/Users/jeevikakiran/Documents/USC/Multimodal/Project/syncnet_work_pretrained/pycrop/id07383__00011_id06061_tckvmwr97vo__8837b1755b/00000.avi,0.3498659692414211
id07078__00405__87c1725073,id07078,-,-,real,A,RealVideo-RealAudio,Asian (South),women,00405.mp4,RealVideo-RealAudio/Asian (South)/women/id07078,RealVideo-RealAudio/Asian (South)/women/id07078/00405.mp4,/Users/jeevikakiran/Documents/USC/Multimodal/Project/FakeAVCeleb_v1.2/FakeAVCeleb_v1.2/RealVideo-RealAudio/Asian (South)/women/id07078/00405.mp4,1,0,0,0,REAL,train,-9.0,4.98402214050293,9.278668403625488,1.0,ok,,/Users/jeevikakiran/Documents/USC/Multimodal/Project/syncnet_work_pretrained/pycrop/id07078__00405__87c1725073/00000.avi,0.957265814374331
id06437__00028_id07008_wavtolip__5a7c657537,id06437,id07008,-,wav2lip,C,FakeVideo-RealAudio,Asian (South),women,00028_id07008_wavtolip.mp4,FakeVideo-RealAudio/Asian (South)/women/id06437,FakeVideo-RealAudio/Asian (South)/women/id06437/00028_id07008_wavtolip.mp4,/Users/jeevikakiran/Documents/USC/Multimodal/Project/FakeAVCeleb_v1.2/FakeAVCeleb_v1.2/FakeVideo-RealAudio/Asian (South)/women/id06437/00028_id07008_wavtolip.mp4,1,1,0,1,FAKE,val,-2.0,9.56672191619873,5.972650527954102,1.0,ok,,/Users/jeevikakiran/Documents/USC/Multimodal/Project/syncnet_work_pretrained/pycrop/id06437__00028_id07008_wavtolip__5a7c657537/00000.avi,0.5848201821344622
id00589__00130__f98f761625,id00589,-,-,real,A,RealVideo-RealAudio,Caucasian (European),women,00130.mp4,RealVideo-RealAudio/Caucasian (European)/women/id00589,RealVideo-RealAudio/Caucasian (European)/women/id00589/00130.mp4,/Users/jeevikakiran/Documents/USC/Multimodal/Project/FakeAVCeleb_v1.2/FakeAVCeleb_v1.2/RealVideo-RealAudio/Caucasian (European)/women/id00589/00130.mp4,1,0,0,0,REAL,train,-1.0,5.949434280395508,8.953232765197754,1.0,ok,,/Users/jeevikakiran/Documents/USC/Multimodal/Project/syncnet_work_pretrained/pycrop/id00589__00130__f98f761625/00000.avi,0.5134392138022611
id00919__00063_id00171_wavtolip__63a9485cab,id00919,id00171,-,wav2lip,D,FakeVideo-FakeAudio,Caucasian (European),men,00063_id00171_wavtolip.mp4,FakeVideo-FakeAudio/Caucasian (European)/men/id00919,FakeVideo-FakeAudio/Caucasian (European)/men/id00919/00063_id00171_wavtolip.mp4,/Users/jeevikakiran/Documents/USC/Multimodal/Project/FakeAVCeleb_v1.2/FakeAVCeleb_v1.2/FakeVideo-FakeAudio/Caucasian (European)/men/id00919/00063_id00171_wavtolip.mp4,1,1,1,1,FAKE,train,-2.0,6.605062007904053,7.352510929107666,1.0,ok,,/Users/jeevikakiran/Documents/USC/Multimodal/Project/syncnet_work_pretrained/pycrop/id00919__00063_id00171_wavtolip__63a9485cab/00000.avi,0.21507154217013907
id03371__00430_fake__4d18bf2c17,id03371,fake.mp4,-,rtvc,B,RealVideo-FakeAudio,Caucasian (European),women,00430_fake.mp4,RealVideo-FakeAudio/Caucasian (European)/women/id03371,RealVideo-FakeAudio/Caucasian (European)/women/id03371/00430_fake.mp4,/Users/jeevikakiran/Documents/USC/Multimodal/Project/FakeAVCeleb_v1.2/FakeAVCeleb_v1.2/RealVideo-FakeAudio/Caucasian (European)/women/id03371/00430_fake.mp4,1,0,1,1,FAKE,train,-7.0,3.149846076965332,12.092865943908691,1.0,ok,,/Users/jeevikakiran/Documents/USC/Multimodal/Project/syncnet_work_pretrained/pycrop/id03371__00430_fake__4d18bf2c17/00000.avi,0.9884815466757606
id01201__00028__ff5484565e,id01201,-,-,real,A,RealVideo-RealAudio,Caucasian (American),men,00028.mp4,RealVideo-RealAudio/Caucasian (American)/men/id01201,RealVideo-RealAudio/Caucasian (American)/men/id01201/00028.mp4,/Users/jeevikakiran/Documents/USC/Multimodal/Project/FakeAVCeleb_v1.2/FakeAVCeleb_v1.2/RealVideo-RealAudio/Caucasian (American)/men/id01201/00028.mp4,1,0,0,0,REAL,train,-1.0,7.4337286949157715,7.199345588684082,1.0,ok,,/Users/jeevikakiran/Documents/USC/Multimodal/Project/syncnet_work_pretrained/pycrop/id01201__00028__ff5484565e/00000.avi,0.28529359562087503
id00234__00063__19591230a6,id00234,-,-,real,A,RealVideo-RealAudio,Caucasian (European),women,00063.mp4,RealVideo-RealAudio/Caucasian (European)/women/id00234,RealVideo-RealAudio/Caucasian (European)/women/id00234/00063.mp4,/Users/jeevikakiran/Documents/USC/Multimodal/Project/FakeAVCeleb_v1.2/FakeAVCeleb_v1.2/RealVideo-RealAudio/Caucasian (European)/women/id00234/00063.mp4,1,0,0,0,REAL,train,-2.0,5.430726051330566,9.09097957611084,1.0,ok,,/Users/jeevikakiran/Documents/USC/Multimodal/Project/syncnet_work_pretrained/pycrop/id00234__00063__19591230a6/00000.avi,0.5166229848512969
id00373__00028__ddda3a4f12,id00373,-,-,real,A,RealVideo-RealAudio,Caucasian (European),women,00028.mp4,RealVideo-RealAudio/Caucasian (European)/women/id00373,RealVideo-RealAudio/Caucasian (European)/women/id00373/00028.mp4,/Users/jeevikakiran/Documents/USC/Multimodal/Project/FakeAVCeleb_v1.2/FakeAVCeleb_v1.2/RealVideo-RealAudio/Caucasian (European)/women/id00373/00028.mp4,1,0,0,0,REAL,val,-4.0,7.219307899475098,7.150871276855469,1.0,ok,,/Users/jeevikakiran/Documents/USC/Multimodal/Project/syncnet_work_pretrained/pycrop/id00373__00028__ddda3a4f12/00000.avi,0.5342726443498297
id03965__00051_fake__3c96d09230,id03965,fake.mp4,-,rtvc,B,RealVideo-FakeAudio,Asian (East),men,00051_fake.mp4,RealVideo-FakeAudio/Asian (East)/men/id03965,RealVideo-FakeAudio/Asian (East)/men/id03965/00051_fake.mp4,/Users/jeevikakiran/Documents/USC/Multimodal/Project/FakeAVCeleb_v1.2/FakeAVCeleb_v1.2/RealVideo-FakeAudio/Asian (East)/men/id03965/00051_fake.mp4,1,0,1,1,FAKE,train,-5.0,1.4596481323242188,11.76491355895996,1.0,ok,,/Users/jeevikakiran/Documents/USC/Multimodal/Project/syncnet_work_pretrained/pycrop/id03965__00051_fake__3c96d09230/00000.avi,0.6650626964503815
id06065__00160_id06158_c6fphdeweza__a3fdc8a423,id06065,id06158,-,fsgan,C,FakeVideo-RealAudio,Asian (East),women,00160_id06158_C6FpHdewEzA.mp4,FakeVideo-RealAudio/Asian (East)/women/id06065,FakeVideo-RealAudio/Asian (East)/women/id06065/00160_id06158_C6FpHdewEzA.mp4,/Users/jeevikakiran/Documents/USC/Multimodal/Project/FakeAVCeleb_v1.2/FakeAVCeleb_v1.2/FakeVideo-RealAudio/Asian (East)/women/id06065/00160_id06158_C6FpHdewEzA.mp4,1,1,0,1,FAKE,train,-2.0,3.537020683288574,10.508118629455566,1.0,ok,,/Users/jeevikakiran/Documents/USC/Multimodal/Project/syncnet_work_pretrained/pycrop/id06065__00160_id06158_c6fphdeweza__a3fdc8a423/00000.avi,0.48055864062669895
id01163__00195_fake__379ebdf4a6,id01163,fake.mp4,-,rtvc,B,RealVideo-FakeAudio,Caucasian (American),men,00195_fake.mp4,RealVideo-FakeAudio/Caucasian (American)/men/id01163,RealVideo-FakeAudio/Caucasian (American)/men/id01163/00195_fake.mp4,/Users/jeevikakiran/Documents/USC/Multimodal/Project/FakeAVCeleb_v1.2/FakeAVCeleb_v1.2/RealVideo-FakeAudio/Caucasian (American)/men/id01163/00195_fake.mp4,1,0,1,1,FAKE,train,-5.0,1.9272356033325195,12.388357162475586,1.0,ok,,/Users/jeevikakiran/Documents/USC/Multimodal/Project/syncnet_work_pretrained/pycrop/id01163__00195_fake__379ebdf4a6/00000.avi,0.9140455550733119
id03556__00043_id00575_ipfjcajq84y__91f6a74976,id03556,id00575,-,fsgan,C,FakeVideo-RealAudio,Caucasian (American),women,00043_id00575_iPfJcAJQ84Y.mp4,FakeVideo-RealAudio/Caucasian (American)/women/id03556,FakeVideo-RealAudio/Caucasian (American)/women/id03556/00043_id00575_iPfJcAJQ84Y.mp4,/Users/jeevikakiran/Documents/USC/Multimodal/Project/FakeAVCeleb_v1.2/FakeAVCeleb_v1.2/FakeVideo-RealAudio/Caucasian (American)/women/id03556/00043_id00575_iPfJcAJQ84Y.mp4,1,1,0,1,FAKE,train,-3.0,4.515802383422852,8.227596282958984,1.0,ok,,/Users/jeevikakiran/Documents/USC/Multimodal/Project/syncnet_work_pretrained/pycrop/id03556__00043_id00575_ipfjcajq84y__91f6a74976/00000.avi,0.10521098609999356
id00306__00015_id01058_2dkbojf3wyo_faceswap_id00535_wavtolip__85a9f56ce4,id00306,id01058,faceswap,faceswap-wav2lip,D,FakeVideo-FakeAudio,Caucasian (European),men,00015_id01058_2DKbOjf3Wyo_faceswap_id00535_wavtolip.mp4,FakeVideo-FakeAudio/Caucasian (European)/men/id00306,FakeVideo-FakeAudio/Caucasian (European)/men/id00306/00015_id01058_2DKbOjf3Wyo_faceswap_id00535_wavtolip.mp4,/Users/jeevikakiran/Documents/USC/Multimodal/Project/FakeAVCeleb_v1.2/FakeAVCeleb_v1.2/FakeVideo-FakeAudio/Caucasian (European)/men/id00306/00015_id01058_2DKbOjf3Wyo_faceswap_id00535_wavtolip.mp4,1,1,1,1,FAKE,train,-2.0,7.815208435058594,7.674927711486816,1.0,ok,,/Users/jeevikakiran/Documents/USC/Multimodal/Project/syncnet_work_pretrained/pycrop/id00306__00015_id01058_2dkbojf3wyo_faceswap_id00535_wavtolip__85a9f56ce4/00000.avi,0.7047084530655352
id03781__00113__8bfcf35012,id03781,-,-,real,A,RealVideo-RealAudio,Caucasian (American),women,00113.mp4,RealVideo-RealAudio/Caucasian (American)/women/id03781,RealVideo-RealAudio/Caucasian (American)/women/id03781/00113.mp4,/Users/jeevikakiran/Documents/USC/Multimodal/Project/FakeAVCeleb_v1.2/FakeAVCeleb_v1.2/RealVideo-RealAudio/Caucasian (American)/women/id03781/00113.mp4,1,0,0,0,REAL,train,0.0,3.829517364501953,9.355856895446776,1.0,ok,,/Users/jeevikakiran/Documents/USC/Multimodal/Project/syncnet_work_pretrained/pycrop/id03781__00113__8bfcf35012/00000.avi,0.07042093637537251
id02493__00073__18eec1f8bc,id02493,-,-,real,A,RealVideo-RealAudio,Asian (East),men,00073.mp4,RealVideo-RealAudio/Asian (East)/men/id02493,RealVideo-RealAudio/Asian (East)/men/id02493/00073.mp4,/Users/jeevikakiran/Documents/USC/Multimodal/Project/FakeAVCeleb_v1.2/FakeAVCeleb_v1.2/RealVideo-RealAudio/Asian (East)/men/id02493/00073.mp4,1,0,0,0,REAL,train,0.0,5.567889213562012,8.061845779418945,1.0,ok,,/Users/jeevikakiran/Documents/USC/Multimodal/Project/syncnet_work_pretrained/pycrop/id02493__00073__18eec1f8bc/00000.avi,0.08045806072809161
id00685__00146__4d761860b7,id00685,-,-,real,A,RealVideo-RealAudio,Asian (South),men,00146.mp4,RealVideo-RealAudio/Asian (South)/men/id00685,RealVideo-RealAudio/Asian (South)/men/id00685/00146.mp4,/Users/jeevikakiran/Documents/USC/Multimodal/Project/FakeAVCeleb_v1.2/FakeAVCeleb_v1.2/RealVideo-RealAudio/Asian (South)/men/id00685/00146.mp4,1,0,0,0,REAL,val,-2.0,5.911185264587402,8.2808837890625,1.0,ok,,/Users/jeevikakiran/Documents/USC/Multimodal/Project/syncnet_work_pretrained/pycrop/id00685__00146__4d761860b7/00000.avi,0.3413818320493779
id00946__00126__2456c32440,id00946,-,-,real,A,RealVideo-RealAudio,Caucasian (European),men,00126.mp4,RealVideo-RealAudio/Caucasian (European)/men/id00946,RealVideo-RealAudio/Caucasian (European)/men/id00946/00126.mp4,/Users/jeevikakiran/Documents/USC/Multimodal/Project/FakeAVCeleb_v1.2/FakeAVCeleb_v1.2/RealVideo-RealAudio/Caucasian (European)/men/id00946/00126.mp4,1,0,0,0,REAL,train,-1.0,6.351755142211914,7.440958976745605,1.0,ok,,/Users/jeevikakiran/Documents/USC/Multimodal/Project/syncnet_work_pretrained/pycrop/id00946__00126__2456c32440/00000.avi,0.12353168676831328
id01215__00001__44c9c21f9f,id01215,-,-,real,A,RealVideo-RealAudio,Asian (East),men,00001.mp4,RealVideo-RealAudio/Asian (East)/men/id01215,RealVideo-RealAudio/Asian (East)/men/id01215/00001.mp4,/Users/jeevikakiran/Documents/USC/Multimodal/Project/FakeAVCeleb_v1.2/FakeAVCeleb_v1.2/RealVideo-RealAudio/Asian (East)/men/id01215/00001.mp4,1,0,0,0,REAL,val,3.0,2.223238945007324,10.481789588928224,1.0,ok,,/Users/jeevikakiran/Documents/USC/Multimodal/Project/syncnet_work_pretrained/pycrop/id01215__00001__44c9c21f9f/00000.avi,0.19678227153035696
id01005__00028_id00841_fpseficagxk_id00025_wavtolip__ff0c4cd3aa,id01005,id00841,id00025,fsgan-wav2lip,D,FakeVideo-FakeAudio,Caucasian (American),women,00028_id00841_fpsEfICAgxk_id00025_wavtolip.mp4,FakeVideo-FakeAudio/Caucasian (American)/women/id01005,FakeVideo-FakeAudio/Caucasian (American)/women/id01005/00028_id00841_fpsEfICAgxk_id00025_wavtolip.mp4,/Users/jeevikakiran/Documents/USC/Multimodal/Project/FakeAVCeleb_v1.2/FakeAVCeleb_v1.2/FakeVideo-FakeAudio/Caucasian (American)/women/id01005/00028_id00841_fpsEfICAgxk_id00025_wavtolip.mp4,1,1,1,1,FAKE,val,-2.0,6.616034984588623,7.785284042358398,2.0,ok,,/Users/jeevikakiran/Documents/USC/Multimodal/Project/syncnet_work_pretrained/pycrop/id01005__00028_id00841_fpseficagxk_id00025_wavtolip__ff0c4cd3aa/00001.avi,0.36594603515360635
id03656__00052__1f0b842ac7,id03656,-,-,real,A,RealVideo-RealAudio,African,women,00052.mp4,RealVideo-RealAudio/African/women/id03656,RealVideo-RealAudio/African/women/id03656/00052.mp4,/Users/jeevikakiran/Documents/USC/Multimodal/Project/FakeAVCeleb_v1.2/FakeAVCeleb_v1.2/RealVideo-RealAudio/African/women/id03656/00052.mp4,1,0,0,0,REAL,val,-1.0,5.602644920349121,8.328866004943848,1.0,ok,,/Users/jeevikakiran/Documents/USC/Multimodal/Project/syncnet_work_pretrained/pycrop/id03656__00052__1f0b842ac7/00000.avi,0.18783117277223912
id01598__00044__c12721510d,id01598,-,-,real,A,RealVideo-RealAudio,African,men,00044.mp4,RealVideo-RealAudio/African/men/id01598,RealVideo-RealAudio/African/men/id01598/00044.mp4,/Users/jeevikakiran/Documents/USC/Multimodal/Project/FakeAVCeleb_v1.2/FakeAVCeleb_v1.2/RealVideo-RealAudio/African/men/id01598/00044.mp4,1,0,0,0,REAL,train,3.0,4.388410568237305,8.83483600616455,1.0,ok,,/Users/jeevikakiran/Documents/USC/Multimodal/Project/syncnet_work_pretrained/pycrop/id01598__00044__c12721510d/00000.avi,0.21644347820127194
id00519__00028_id02567_wavtolip__9d37ac4a17,id00519,id02567,-,wav2lip,D,FakeVideo-FakeAudio,Caucasian (European),men,00028_id02567_wavtolip.mp4,FakeVideo-FakeAudio/Caucasian (European)/men/id00519,FakeVideo-FakeAudio/Caucasian (European)/men/id00519/00028_id02567_wavtolip.mp4,/Users/jeevikakiran/Documents/USC/Multimodal/Project/FakeAVCeleb_v1.2/FakeAVCeleb_v1.2/FakeVideo-FakeAudio/Caucasian (European)/men/id00519/00028_id02567_wavtolip.mp4,1,1,1,1,FAKE,train,-2.0,8.221689224243164,7.323453426361084,1.0,ok,,/Users/jeevikakiran/Documents/USC/Multimodal/Project/syncnet_work_pretrained/pycrop/id00519__00028_id02567_wavtolip__9d37ac4a17/00000.avi,0.6944494063040818
id01683__00052_2__975eb2dc15,id01683,2.mp4,-,faceswap,C,FakeVideo-RealAudio,Asian (East),men,00052_2.mp4,FakeVideo-RealAudio/Asian (East)/men/id01683,FakeVideo-RealAudio/Asian (East)/men/id01683/00052_2.mp4,/Users/jeevikakiran/Documents/USC/Multimodal/Project/FakeAVCeleb_v1.2/FakeAVCeleb_v1.2/FakeVideo-RealAudio/Asian (East)/men/id01683/00052_2.mp4,1,1,0,1,FAKE,train,-1.0,4.322149276733398,8.952751159667969,1.0,ok,,/Users/jeevikakiran/Documents/USC/Multimodal/Project/syncnet_work_pretrained/pycrop/id01683__00052_2__975eb2dc15/00000.avi,0.10659795718091852
id00701__00092_id01779_wavtolip__1558d9eb2b,id00701,id01779,-,wav2lip,D,FakeVideo-FakeAudio,African,men,00092_id01779_wavtolip.mp4,FakeVideo-FakeAudio/African/men/id00701,FakeVideo-FakeAudio/African/men/id00701/00092_id01779_wavtolip.mp4,/Users/jeevikakiran/Documents/USC/Multimodal/Project/FakeAVCeleb_v1.2/FakeAVCeleb_v1.2/FakeVideo-FakeAudio/African/men/id00701/00092_id01779_wavtolip.mp4,1,1,1,1,FAKE,train,-2.0,7.546390533447266,6.783238410949707,1.0,ok,,/Users/jeevikakiran/Documents/USC/Multimodal/Project/syncnet_work_pretrained/pycrop/id00701__00092_id01779_wavtolip__1558d9eb2b/00000.avi,0.2699646239634922
id00185__00015_fake__5af844a46a,id00185,fake.mp4,-,rtvc,B,RealVideo-FakeAudio,Caucasian (European),men,00015_fake.mp4,RealVideo-FakeAudio/Caucasian (European)/men/id00185,RealVideo-FakeAudio/Caucasian (European)/men/id00185/00015_fake.mp4,/Users/jeevikakiran/Documents/USC/Multimodal/Project/FakeAVCeleb_v1.2/FakeAVCeleb_v1.2/RealVideo-FakeAudio/Caucasian (European)/men/id00185/00015_fake.mp4,1,0,1,1,FAKE,val,-1.0,0.9811363220214844,12.904962539672852,1.0,ok,,/Users/jeevikakiran/Documents/USC/Multimodal/Project/syncnet_work_pretrained/pycrop/id00185__00015_fake__5af844a46a/00000.avi,0.5173834113586805
id07236__00143_id07008_wavtolip__959b09a653,id07236,id07008,-,wav2lip,D,FakeVideo-FakeAudio,Asian (South),women,00143_id07008_wavtolip.mp4,FakeVideo-FakeAudio/Asian (South)/women/id07236,FakeVideo-FakeAudio/Asian (South)/women/id07236/00143_id07008_wavtolip.mp4,/Users/jeevikakiran/Documents/USC/Multimodal/Project/FakeAVCeleb_v1.2/FakeAVCeleb_v1.2/FakeVideo-FakeAudio/Asian (South)/women/id07236/00143_id07008_wavtolip.mp4,1,1,1,1,FAKE,train,-2.0,5.953754425048828,8.355293273925781,1.0,ok,,/Users/jeevikakiran/Documents/USC/Multimodal/Project/syncnet_work_pretrained/pycrop/id07236__00143_id07008_wavtolip__959b09a653/00000.avi,0.38353268256388
id00418__00052__d2beecd764,id00418,-,-,real,A,RealVideo-RealAudio,Caucasian (American),women,00052.mp4,RealVideo-RealAudio/Caucasian (American)/women/id00418,RealVideo-RealAudio/Caucasian (American)/women/id00418/00052.mp4,/Users/jeevikakiran/Documents/USC/Multimodal/Project/FakeAVCeleb_v1.2/FakeAVCeleb_v1.2/RealVideo-RealAudio/Caucasian (American)/women/id00418/00052.mp4,1,0,0,0,REAL,train,-3.0,3.957622528076172,8.329216003417969,1.0,ok,,/Users/jeevikakiran/Documents/USC/Multimodal/Project/syncnet_work_pretrained/pycrop/id00418__00052__d2beecd764/00000.avi,0.062004186131382685
id04066__00013_fake__8512d19868,id04066,fake.mp4,-,rtvc,B,RealVideo-FakeAudio,Asian (East),women,00013_fake.mp4,RealVideo-FakeAudio/Asian (East)/women/id04066,RealVideo-FakeAudio/Asian (East)/women/id04066/00013_fake.mp4,/Users/jeevikakiran/Documents/USC/Multimodal/Project/FakeAVCeleb_v1.2/FakeAVCeleb_v1.2/RealVideo-FakeAudio/Asian (East)/women/id04066/00013_fake.mp4,1,0,1,1,FAKE,train,12.0,0.8080692291259766,13.22972583770752,1.0,ok,,/Users/jeevikakiran/Documents/USC/Multimodal/Project/syncnet_work_pretrained/pycrop/id04066__00013_fake__8512d19868/00000.avi,0.9963495662910281
id07136__00052__177297bf3b,id07136,-,-,real,A,RealVideo-RealAudio,Asian (South),women,00052.mp4,RealVideo-RealAudio/Asian (South)/women/id07136,RealVideo-RealAudio/Asian (South)/women/id07136/00052.mp4,/Users/jeevikakiran/Documents/USC/Multimodal/Project/FakeAVCeleb_v1.2/FakeAVCeleb_v1.2/RealVideo-RealAudio/Asian (South)/women/id07136/00052.mp4,1,0,0,0,REAL,val,-1.0,6.420788764953613,8.313217163085938,1.0,ok,,/Users/jeevikakiran/Documents/USC/Multimodal/Project/syncnet_work_pretrained/pycrop/id07136__00052__177297bf3b/00000.avi,0.40249517873793716
id00187__00360_id00265_dzq57foxxr4__199d51d078,id00187,id00265,-,fsgan,C,FakeVideo-RealAudio,Caucasian (European),men,00360_id00265_dZq57FoxXR4.mp4,FakeVideo-RealAudio/Caucasian (European)/men/id00187,FakeVideo-RealAudio/Caucasian (European)/men/id00187/00360_id00265_dZq57FoxXR4.mp4,/Users/jeevikakiran/Documents/USC/Multimodal/Project/FakeAVCeleb_v1.2/FakeAVCeleb_v1.2/FakeVideo-RealAudio/Caucasian (European)/men/id00187/00360_id00265_dZq57FoxXR4.mp4,1,1,0,1,FAKE,train,-3.0,1.8206768035888672,12.186108589172363,1.0,ok,,/Users/jeevikakiran/Documents/USC/Multimodal/Project/syncnet_work_pretrained/pycrop/id00187__00360_id00265_dzq57foxxr4__199d51d078/00000.avi,0.7171538782037612
id01907__00148__c64f33e852,id01907,-,-,real,A,RealVideo-RealAudio,African,women,00148.mp4,RealVideo-RealAudio/African/women/id01907,RealVideo-RealAudio/African/women/id01907/00148.mp4,/Users/jeevikakiran/Documents/USC/Multimodal/Project/FakeAVCeleb_v1.2/FakeAVCeleb_v1.2/RealVideo-RealAudio/African/women/id01907/00148.mp4,1,0,0,0,REAL,train,-4.0,5.943302154541016,8.609317779541016,1.0,ok,,/Users/jeevikakiran/Documents/USC/Multimodal/Project/syncnet_work_pretrained/pycrop/id01907__00148__c64f33e852/00000.avi,0.7088461462082406
id03525__00048__49218b7ef1,id03525,-,-,real,A,RealVideo-RealAudio,Caucasian (American),men,00048.mp4,RealVideo-RealAudio/Caucasian (American)/men/id03525,RealVideo-RealAudio/Caucasian (American)/men/id03525/00048.mp4,/Users/jeevikakiran/Documents/USC/Multimodal/Project/FakeAVCeleb_v1.2/FakeAVCeleb_v1.2/RealVideo-RealAudio/Caucasian (American)/men/id03525/00048.mp4,1,0,0,0,REAL,val,-2.0,7.293315887451172,7.082085132598877,1.0,ok,,/Users/jeevikakiran/Documents/USC/Multimodal/Project/syncnet_work_pretrained/pycrop/id03525__00048__49218b7ef1/00000.avi,0.3037760182649342
id01933__00028_fake__30c4131c72,id01933,fake.mp4,-,rtvc,B,RealVideo-FakeAudio,African,men,00028_fake.mp4,RealVideo-FakeAudio/African/men/id01933,RealVideo-FakeAudio/African/men/id01933/00028_fake.mp4,/Users/jeevikakiran/Documents/USC/Multimodal/Project/FakeAVCeleb_v1.2/FakeAVCeleb_v1.2/RealVideo-FakeAudio/African/men/id01933/00028_fake.mp4,1,0,1,1,FAKE,val,-10.0,1.0677967071533203,12.638148307800293,1.0,ok,,/Users/jeevikakiran/Documents/USC/Multimodal/Project/syncnet_work_pretrained/pycrop/id01933__00028_fake__30c4131c72/00000.avi,0.9821731445155492
id03965__00051_id05383_wavtolip__9cfd2d3aaf,id03965,id05383,-,wav2lip,C,FakeVideo-RealAudio,Asian (East),men,00051_id05383_wavtolip.mp4,FakeVideo-RealAudio/Asian (East)/men/id03965,FakeVideo-RealAudio/Asian (East)/men/id03965/00051_id05383_wavtolip.mp4,/Users/jeevikakiran/Documents/USC/Multimodal/Project/FakeAVCeleb_v1.2/FakeAVCeleb_v1.2/FakeVideo-RealAudio/Asian (East)/men/id03965/00051_id05383_wavtolip.mp4,1,1,0,1,FAKE,train,-2.0,8.332307815551758,7.092685222625732,1.0,ok,,/Users/jeevikakiran/Documents/USC/Multimodal/Project/syncnet_work_pretrained/pycrop/id03965__00051_id05383_wavtolip__9cfd2d3aaf/00000.avi,0.6410014111561602
id00946__00126_id00063_wavtolip__91f107c41e,id00946,id00063,-,wav2lip,D,FakeVideo-FakeAudio,Caucasian (European),men,00126_id00063_wavtolip.mp4,FakeVideo-FakeAudio/Caucasian (European)/men/id00946,FakeVideo-FakeAudio/Caucasian (European)/men/id00946/00126_id00063_wavtolip.mp4,/Users/jeevikakiran/Documents/USC/Multimodal/Project/FakeAVCeleb_v1.2/FakeAVCeleb_v1.2/FakeVideo-FakeAudio/Caucasian (European)/men/id00946/00126_id00063_wavtolip.mp4,1,1,1,1,FAKE,train,-2.0,7.084913730621338,7.821838855743408,1.0,ok,,/Users/jeevikakiran/Documents/USC/Multimodal/Project/syncnet_work_pretrained/pycrop/id00946__00126_id00063_wavtolip__91f107c41e/00000.avi,0.5349089138852694
id00919__00063__f8413fd40e,id00919,-,-,real,A,RealVideo-RealAudio,Caucasian (European),men,00063.mp4,RealVideo-RealAudio/Caucasian (European)/men/id00919,RealVideo-RealAudio/Caucasian (European)/men/id00919/00063.mp4,/Users/jeevikakiran/Documents/USC/Multimodal/Project/FakeAVCeleb_v1.2/FakeAVCeleb_v1.2/RealVideo-RealAudio/Caucasian (European)/men/id00919/00063.mp4,1,0,0,0,REAL,train,-1.0,5.288112640380859,7.8475446701049805,1.0,ok,,/Users/jeevikakiran/Documents/USC/Multimodal/Project/syncnet_work_pretrained/pycrop/id00919__00063__f8413fd40e/00000.avi,0.06311951346917986
id00379__00043_id00270_hoeq70_sdme_id03371_wavtolip__4d898a64e6,id00379,id00270,id03371,fsgan-wav2lip,D,FakeVideo-FakeAudio,Caucasian (European),women,00043_id00270_hoEQ70-sDME_id03371_wavtolip.mp4,FakeVideo-FakeAudio/Caucasian (European)/women/id00379,FakeVideo-FakeAudio/Caucasian (European)/women/id00379/00043_id00270_hoEQ70-sDME_id03371_wavtolip.mp4,/Users/jeevikakiran/Documents/USC/Multimodal/Project/FakeAVCeleb_v1.2/FakeAVCeleb_v1.2/FakeVideo-FakeAudio/Caucasian (European)/women/id00379/00043_id00270_hoEQ70-sDME_id03371_wavtolip.mp4,1,1,1,1,FAKE,train,-2.0,7.790584564208984,7.100146770477295,1.0,ok,,/Users/jeevikakiran/Documents/USC/Multimodal/Project/syncnet_work_pretrained/pycrop/id00379__00043_id00270_hoeq70_sdme_id03371_wavtolip__4d898a64e6/00000.avi,0.466783603076908
id09143__00056__a5bfb4865a,id09143,-,-,real,A,RealVideo-RealAudio,Asian (East),men,00056.mp4,RealVideo-RealAudio/Asian (East)/men/id09143,RealVideo-RealAudio/Asian (East)/men/id09143/00056.mp4,/Users/jeevikakiran/Documents/USC/Multimodal/Project/FakeAVCeleb_v1.2/FakeAVCeleb_v1.2/RealVideo-RealAudio/Asian (East)/men/id09143/00056.mp4,1,0,0,0,REAL,train,-1.0,4.81634521484375,9.16418743133545,1.0,ok,,/Users/jeevikakiran/Documents/USC/Multimodal/Project/syncnet_work_pretrained/pycrop/id09143__00056__a5bfb4865a/00000.avi,0.24834501648648116
id04376__00181_fake__e364016a3f,id04376,fake.mp4,-,rtvc,B,RealVideo-FakeAudio,African,women,00181_fake.mp4,RealVideo-FakeAudio/African/women/id04376,RealVideo-FakeAudio/African/women/id04376/00181_fake.mp4,/Users/jeevikakiran/Documents/USC/Multimodal/Project/FakeAVCeleb_v1.2/FakeAVCeleb_v1.2/RealVideo-FakeAudio/African/women/id04376/00181_fake.mp4,1,0,1,1,FAKE,train,-8.0,1.547297477722168,12.165220260620117,1.0,ok,,/Users/jeevikakiran/Documents/USC/Multimodal/Project/syncnet_work_pretrained/pycrop/id04376__00181_fake__e364016a3f/00000.avi,0.9480123413599099
id00813__00169_id01001_wavtolip__3893a23609,id00813,id01001,-,wav2lip,C,FakeVideo-RealAudio,Caucasian (European),women,00169_id01001_wavtolip.mp4,FakeVideo-RealAudio/Caucasian (European)/women/id00813,FakeVideo-RealAudio/Caucasian (European)/women/id00813/00169_id01001_wavtolip.mp4,/Users/jeevikakiran/Documents/USC/Multimodal/Project/FakeAVCeleb_v1.2/FakeAVCeleb_v1.2/FakeVideo-RealAudio/Caucasian (European)/women/id00813/00169_id01001_wavtolip.mp4,1,1,0,1,FAKE,train,-2.0,6.790110111236572,7.522087097167969,1.0,ok,,/Users/jeevikakiran/Documents/USC/Multimodal/Project/syncnet_work_pretrained/pycrop/id00813__00169_id01001_wavtolip__3893a23609/00000.avi,0.3184959254154755
id00186__00120__91304bb69b,id00186,-,-,real,A,RealVideo-RealAudio,Caucasian (European),men,00120.mp4,RealVideo-RealAudio/Caucasian (European)/men/id00186,RealVideo-RealAudio/Caucasian (European)/men/id00186/00120.mp4,/Users/jeevikakiran/Documents/USC/Multimodal/Project/FakeAVCeleb_v1.2/FakeAVCeleb_v1.2/RealVideo-RealAudio/Caucasian (European)/men/id00186/00120.mp4,1,0,0,0,REAL,train,0.0,6.654481887817383,7.310398101806641,1.0,ok,,/Users/jeevikakiran/Documents/USC/Multimodal/Project/syncnet_work_pretrained/pycrop/id00186__00120__91304bb69b/00000.avi,0.09541658146786268
id01212__00183_id01204_biygqpybp7o__47a1723809,id01212,id01204,-,fsgan,C,FakeVideo-RealAudio,Asian (East),men,00183_id01204_biYGqpYBp7o.mp4,FakeVideo-RealAudio/Asian (East)/men/id01212,FakeVideo-RealAudio/Asian (East)/men/id01212/00183_id01204_biYGqpYBp7o.mp4,/Users/jeevikakiran/Documents/USC/Multimodal/Project/FakeAVCeleb_v1.2/FakeAVCeleb_v1.2/FakeVideo-RealAudio/Asian (East)/men/id01212/00183_id01204_biYGqpYBp7o.mp4,1,1,0,1,FAKE,train,-1.0,3.361739158630371,9.271476745605469,1.0,ok,,/Users/jeevikakiran/Documents/USC/Multimodal/Project/syncnet_work_pretrained/pycrop/id01212__00183_id01204_biygqpybp7o__47a1723809/00000.avi,0.05344750256939257
id01036__00010_fake__020ded679e,id01036,fake.mp4,-,rtvc,B,RealVideo-FakeAudio,African,men,00010_fake.mp4,RealVideo-FakeAudio/African/men/id01036,RealVideo-FakeAudio/African/men/id01036/00010_fake.mp4,/Users/jeevikakiran/Documents/USC/Multimodal/Project/FakeAVCeleb_v1.2/FakeAVCeleb_v1.2/RealVideo-FakeAudio/African/men/id01036/00010_fake.mp4,1,0,1,1,FAKE,train,-11.0,1.3317680358886719,14.016562461853027,1.0,ok,,/Users/jeevikakiran/Documents/USC/Multimodal/Project/syncnet_work_pretrained/pycrop/id01036__00010_fake__020ded679e/00000.avi,0.999226160326571
id04727__00007__e32b1c977a,id04727,-,-,real,A,RealVideo-RealAudio,African,men,00007.mp4,RealVideo-RealAudio/African/men/id04727,RealVideo-RealAudio/African/men/id04727/00007.mp4,/Users/jeevikakiran/Documents/USC/Multimodal/Project/FakeAVCeleb_v1.2/FakeAVCeleb_v1.2/RealVideo-RealAudio/African/men/id04727/00007.mp4,1,0,0,0,REAL,val,0.0,3.4242982864379883,10.018532752990724,1.0,ok,,/Users/jeevikakiran/Documents/USC/Multimodal/Project/syncnet_work_pretrained/pycrop/id04727__00007__e32b1c977a/00000.avi,0.11872088320632039
id03605__00048_fake__c5ec000932,id03605,fake.mp4,-,rtvc,B,RealVideo-FakeAudio,Caucasian (American),women,00048_fake.mp4,RealVideo-FakeAudio/Caucasian (American)/women/id03605,RealVideo-FakeAudio/Caucasian (American)/women/id03605/00048_fake.mp4,/Users/jeevikakiran/Documents/USC/Multimodal/Project/FakeAVCeleb_v1.2/FakeAVCeleb_v1.2/RealVideo-FakeAudio/Caucasian (American)/women/id03605/00048_fake.mp4,1,0,1,1,FAKE,train,-13.0,1.6062602996826172,13.364731788635254,1.0,ok,,/Users/jeevikakiran/Documents/USC/Multimodal/Project/syncnet_work_pretrained/pycrop/id03605__00048_fake__c5ec000932/00000.avi,0.9993772221878066
id00173__00118__a53201e605,id00173,-,-,real,A,RealVideo-RealAudio,African,men,00118.mp4,RealVideo-RealAudio/African/men/id00173,RealVideo-RealAudio/African/men/id00173/00118.mp4,/Users/jeevikakiran/Documents/USC/Multimodal/Project/FakeAVCeleb_v1.2/FakeAVCeleb_v1.2/RealVideo-RealAudio/African/men/id00173/00118.mp4,1,0,0,0,REAL,train,-2.0,7.560070037841797,7.788957118988037,1.0,ok,,/Users/jeevikakiran/Documents/USC/Multimodal/Project/syncnet_work_pretrained/pycrop/id00173__00118__a53201e605/00000.avi,0.6727413011474886
id02464__00002_id00261_wavtolip__66b49e8dd5,id02464,id00261,-,wav2lip,D,FakeVideo-FakeAudio,Caucasian (American),women,00002_id00261_wavtolip.mp4,FakeVideo-FakeAudio/Caucasian (American)/women/id02464,FakeVideo-FakeAudio/Caucasian (American)/women/id02464/00002_id00261_wavtolip.mp4,/Users/jeevikakiran/Documents/USC/Multimodal/Project/FakeAVCeleb_v1.2/FakeAVCeleb_v1.2/FakeVideo-FakeAudio/Caucasian (American)/women/id02464/00002_id00261_wavtolip.mp4,1,1,1,1,FAKE,train,-2.0,6.306385040283203,8.461495399475098,1.0,ok,,/Users/jeevikakiran/Documents/USC/Multimodal/Project/syncnet_work_pretrained/pycrop/id02464__00002_id00261_wavtolip__66b49e8dd5/00000.avi,0.544085488983687
id00042__00028__6914320a81,id00042,-,-,real,A,RealVideo-RealAudio,Caucasian (European),women,00028.mp4,RealVideo-RealAudio/Caucasian (European)/women/id00042,RealVideo-RealAudio/Caucasian (European)/women/id00042/00028.mp4,/Users/jeevikakiran/Documents/USC/Multimodal/Project/FakeAVCeleb_v1.2/FakeAVCeleb_v1.2/RealVideo-RealAudio/Caucasian (European)/women/id00042/00028.mp4,1,0,0,0,REAL,train,-2.0,5.456732749938965,8.041755676269531,1.0,ok,,/Users/jeevikakiran/Documents/USC/Multimodal/Project/syncnet_work_pretrained/pycrop/id00042__00028__6914320a81/00000.avi,0.15853508310191897
id01691__00045_fake__e5f178bd9f,id01691,fake.mp4,-,rtvc,B,RealVideo-FakeAudio,African,men,00045_fake.mp4,RealVideo-FakeAudio/African/men/id01691,RealVideo-FakeAudio/African/men/id01691/00045_fake.mp4,/Users/jeevikakiran/Documents/USC/Multimodal/Project/FakeAVCeleb_v1.2/FakeAVCeleb_v1.2/RealVideo-FakeAudio/African/men/id01691/00045_fake.mp4,1,0,1,1,FAKE,train,12.0,1.5171403884887695,14.006660461425781,1.0,ok,,/Users/jeevikakiran/Documents/USC/Multimodal/Project/syncnet_work_pretrained/pycrop/id01691__00045_fake__e5f178bd9f/00000.avi,0.9996180087376458
id00062__00278_id00029_tgpcgl036qk_id01044_wavtolip__b6d2f02644,id00062,id00029,id01044,fsgan-wav2lip,D,FakeVideo-FakeAudio,Caucasian (American),men,00278_id00029_TGpCGl036qk_id01044_wavtolip.mp4,FakeVideo-FakeAudio/Caucasian (American)/men/id00062,FakeVideo-FakeAudio/Caucasian (American)/men/id00062/00278_id00029_TGpCGl036qk_id01044_wavtolip.mp4,/Users/jeevikakiran/Documents/USC/Multimodal/Project/FakeAVCeleb_v1.2/FakeAVCeleb_v1.2/FakeVideo-FakeAudio/Caucasian (American)/men/id00062/00278_id00029_TGpCGl036qk_id01044_wavtolip.mp4,1,1,1,1,FAKE,train,-2.0,8.61622428894043,6.369728088378906,1.0,ok,,/Users/jeevikakiran/Documents/USC/Multimodal/Project/syncnet_work_pretrained/pycrop/id00062__00278_id00029_tgpcgl036qk_id01044_wavtolip__b6d2f02644/00000.avi,0.43534551070356275
id01126__00040__0c71ebdd47,id01126,-,-,real,A,RealVideo-RealAudio,Caucasian (European),men,00040.mp4,RealVideo-RealAudio/Caucasian (European)/men/id01126,RealVideo-RealAudio/Caucasian (European)/men/id01126/00040.mp4,/Users/jeevikakiran/Documents/USC/Multimodal/Project/FakeAVCeleb_v1.2/FakeAVCeleb_v1.2/RealVideo-RealAudio/Caucasian (European)/men/id01126/00040.mp4,1,0,0,0,REAL,train,-1.0,6.409454822540283,7.592131614685059,1.0,ok,,/Users/jeevikakiran/Documents/USC/Multimodal/Project/syncnet_work_pretrained/pycrop/id01126__00040__0c71ebdd47/00000.avi,0.1642352069213028
id01042__00154_fake__af6ee17cd0,id01042,fake.mp4,-,rtvc,B,RealVideo-FakeAudio,Caucasian (American),men,00154_fake.mp4,RealVideo-FakeAudio/Caucasian (American)/men/id01042,RealVideo-FakeAudio/Caucasian (American)/men/id01042/00154_fake.mp4,/Users/jeevikakiran/Documents/USC/Multimodal/Project/FakeAVCeleb_v1.2/FakeAVCeleb_v1.2/RealVideo-FakeAudio/Caucasian (American)/men/id01042/00154_fake.mp4,1,0,1,1,FAKE,train,-3.0,2.954634666442871,11.117114067077637,1.0,ok,,/Users/jeevikakiran/Documents/USC/Multimodal/Project/syncnet_work_pretrained/pycrop/id01042__00154_fake__af6ee17cd0/00000.avi,0.6558566193865978
id06232__00025__a35ba75aa8,id06232,-,-,real,A,RealVideo-RealAudio,Asian (South),women,00025.mp4,RealVideo-RealAudio/Asian (South)/women/id06232,RealVideo-RealAudio/Asian (South)/women/id06232/00025.mp4,/Users/jeevikakiran/Documents/USC/Multimodal/Project/FakeAVCeleb_v1.2/FakeAVCeleb_v1.2/RealVideo-RealAudio/Asian (South)/women/id06232/00025.mp4,1,0,0,0,REAL,train,-2.0,5.673445701599121,8.401230812072754,1.0,ok,,/Users/jeevikakiran/Documents/USC/Multimodal/Project/syncnet_work_pretrained/pycrop/id06232__00025__a35ba75aa8/00000.avi,0.31596105553618337
id01691__00045_id01779_hgyhpdeo_jk_id01598_wavtolip__07fdf85e7e,id01691,id01779,id01598,fsgan-wav2lip,D,FakeVideo-FakeAudio,African,men,00045_id01779_HgyHpDEo_jk_id01598_wavtolip.mp4,FakeVideo-FakeAudio/African/men/id01691,FakeVideo-FakeAudio/African/men/id01691/00045_id01779_HgyHpDEo_jk_id01598_wavtolip.mp4,/Users/jeevikakiran/Documents/USC/Multimodal/Project/FakeAVCeleb_v1.2/FakeAVCeleb_v1.2/FakeVideo-FakeAudio/African/men/id01691/00045_id01779_HgyHpDEo_jk_id01598_wavtolip.mp4,1,1,1,1,FAKE,train,-2.0,8.035791397094727,6.775662899017334,1.0,ok,,/Users/jeevikakiran/Documents/USC/Multimodal/Project/syncnet_work_pretrained/pycrop/id01691__00045_id01779_hgyhpdeo_jk_id01598_wavtolip__07fdf85e7e/00000.avi,0.4128298502224115
id01717__00005__9f15d3a4b8,id01717,-,-,real,A,RealVideo-RealAudio,African,men,00005.mp4,RealVideo-RealAudio/African/men/id01717,RealVideo-RealAudio/African/men/id01717/00005.mp4,/Users/jeevikakiran/Documents/USC/Multimodal/Project/FakeAVCeleb_v1.2/FakeAVCeleb_v1.2/RealVideo-RealAudio/African/men/id01717/00005.mp4,1,0,0,0,REAL,train,-1.0,5.015068054199219,8.133757591247559,1.0,ok,,/Users/jeevikakiran/Documents/USC/Multimodal/Project/syncnet_work_pretrained/pycrop/id01717__00005__9f15d3a4b8/00000.avi,0.07042605937101579
id01637__00002__b2cec62271,id01637,-,-,real,A,RealVideo-RealAudio,African,men,00002.mp4,RealVideo-RealAudio/African/men/id01637,RealVideo-RealAudio/African/men/id01637/00002.mp4,/Users/jeevikakiran/Documents/USC/Multimodal/Project/FakeAVCeleb_v1.2/FakeAVCeleb_v1.2/RealVideo-RealAudio/African/men/id01637/00002.mp4,1,0,0,0,REAL,train,0.0,6.257978439331055,7.893868446350098,1.0,ok,,/Users/jeevikakiran/Documents/USC/Multimodal/Project/syncnet_work_pretrained/pycrop/id01637__00002__b2cec62271/00000.avi,0.14239181314203328
id05479__05479__c71e182409,id05479,-,-,real,A,RealVideo-RealAudio,Asian (East),men,05479.mp4,RealVideo-RealAudio/Asian (East)/men/id05479,RealVideo-RealAudio/Asian (East)/men/id05479/05479.mp4,/Users/jeevikakiran/Documents/USC/Multimodal/Project/FakeAVCeleb_v1.2/FakeAVCeleb_v1.2/RealVideo-RealAudio/Asian (East)/men/id05479/05479.mp4,1,0,0,0,REAL,train,-1.0,5.359191417694092,6.757906436920166,1.0,ok,,/Users/jeevikakiran/Documents/USC/Multimodal/Project/syncnet_work_pretrained/pycrop/id05479__05479__c71e182409/00000.avi,0.011646252571554185
id01717__00005_fake__1725a77cb1,id01717,fake.mp4,-,rtvc,B,RealVideo-FakeAudio,African,men,00005_fake.mp4,RealVideo-FakeAudio/African/men/id01717,RealVideo-FakeAudio/African/men/id01717/00005_fake.mp4,/Users/jeevikakiran/Documents/USC/Multimodal/Project/FakeAVCeleb_v1.2/FakeAVCeleb_v1.2/RealVideo-FakeAudio/African/men/id01717/00005_fake.mp4,1,0,1,1,FAKE,train,10.0,0.9764909744262696,12.512773513793944,1.0,ok,,/Users/jeevikakiran/Documents/USC/Multimodal/Project/syncnet_work_pretrained/pycrop/id01717__00005_fake__1725a77cb1/00000.avi,0.9752830955790788
id01248__00005__19cbf7a146,id01248,-,-,real,A,RealVideo-RealAudio,Caucasian (American),women,00005.mp4,RealVideo-RealAudio/Caucasian (American)/women/id01248,RealVideo-RealAudio/Caucasian (American)/women/id01248/00005.mp4,/Users/jeevikakiran/Documents/USC/Multimodal/Project/FakeAVCeleb_v1.2/FakeAVCeleb_v1.2/RealVideo-RealAudio/Caucasian (American)/women/id01248/00005.mp4,1,0,0,0,REAL,train,1.0,8.71345329284668,6.4985270500183105,1.0,ok,,/Users/jeevikakiran/Documents/USC/Multimodal/Project/syncnet_work_pretrained/pycrop/id01248__00005__19cbf7a146/00000.avi,0.40434367680498445
id00963__00028__c1a7f45f5b,id00963,-,-,real,A,RealVideo-RealAudio,Caucasian (European),men,00028.mp4,RealVideo-RealAudio/Caucasian (European)/men/id00963,RealVideo-RealAudio/Caucasian (European)/men/id00963/00028.mp4,/Users/jeevikakiran/Documents/USC/Multimodal/Project/FakeAVCeleb_v1.2/FakeAVCeleb_v1.2/RealVideo-RealAudio/Caucasian (European)/men/id00963/00028.mp4,1,0,0,0,REAL,val,0.0,6.669045448303223,7.365694999694824,1.0,ok,,/Users/jeevikakiran/Documents/USC/Multimodal/Project/syncnet_work_pretrained/pycrop/id00963__00028__c1a7f45f5b/00000.avi,0.10560789801483682
id00366__00118__d017b77f60,id00366,-,-,real,A,RealVideo-RealAudio,African,men,00118.mp4,RealVideo-RealAudio/African/men/id00366,RealVideo-RealAudio/African/men/id00366/00118.mp4,/Users/jeevikakiran/Documents/USC/Multimodal/Project/FakeAVCeleb_v1.2/FakeAVCeleb_v1.2/RealVideo-RealAudio/African/men/id00366/00118.mp4,1,0,0,0,REAL,val,-3.0,6.627128601074219,7.684234142303467,1.0,ok,,/Users/jeevikakiran/Documents/USC/Multimodal/Project/syncnet_work_pretrained/pycrop/id00366__00118__d017b77f60/00000.avi,0.442639915682754
id00740__00015__afd82c5778,id00740,-,-,real,A,RealVideo-RealAudio,Asian (East),men,00015.mp4,RealVideo-RealAudio/Asian (East)/men/id00740,RealVideo-RealAudio/Asian (East)/men/id00740/00015.mp4,/Users/jeevikakiran/Documents/USC/Multimodal/Project/FakeAVCeleb_v1.2/FakeAVCeleb_v1.2/RealVideo-RealAudio/Asian (East)/men/id00740/00015.mp4,1,0,0,0,REAL,train,-2.0,4.647171974182129,9.398043632507324,1.0,ok,,/Users/jeevikakiran/Documents/USC/Multimodal/Project/syncnet_work_pretrained/pycrop/id00740__00015__afd82c5778/00000.avi,0.38591736600761534
id06060__00219_id06388_atidj_wlonc_faceswap_id03211_wavtolip__8dd00d47f7,id06060,id06388,faceswap,faceswap-wav2lip,D,FakeVideo-FakeAudio,Asian (East),women,00219_id06388_AtidJ-WlONc_faceswap_id03211_wavtolip.mp4,FakeVideo-FakeAudio/Asian (East)/women/id06060,FakeVideo-FakeAudio/Asian (East)/women/id06060/00219_id06388_AtidJ-WlONc_faceswap_id03211_wavtolip.mp4,/Users/jeevikakiran/Documents/USC/Multimodal/Project/FakeAVCeleb_v1.2/FakeAVCeleb_v1.2/FakeVideo-FakeAudio/Asian (East)/women/id06060/00219_id06388_AtidJ-WlONc_faceswap_id03211_wavtolip.mp4,1,1,1,1,FAKE,train,-2.0,7.354701519012451,6.979427337646484,1.0,ok,,/Users/jeevikakiran/Documents/USC/Multimodal/Project/syncnet_work_pretrained/pycrop/id06060__00219_id06388_atidj_wlonc_faceswap_id03211_wavtolip__8dd00d47f7/00000.avi,0.28487334228653566
id00491__00122_id00373_wavtolip__3d7f26aeda,id00491,id00373,-,wav2lip,C,FakeVideo-RealAudio,Caucasian (European),women,00122_id00373_wavtolip.mp4,FakeVideo-RealAudio/Caucasian (European)/women/id00491,FakeVideo-RealAudio/Caucasian (European)/women/id00491/00122_id00373_wavtolip.mp4,/Users/jeevikakiran/Documents/USC/Multimodal/Project/FakeAVCeleb_v1.2/FakeAVCeleb_v1.2/FakeVideo-RealAudio/Caucasian (European)/women/id00491/00122_id00373_wavtolip.mp4,1,1,0,1,FAKE,train,-2.0,6.955113410949707,7.770508289337158,1.0,ok,,/Users/jeevikakiran/Documents/USC/Multimodal/Project/syncnet_work_pretrained/pycrop/id00491__00122_id00373_wavtolip__3d7f26aeda/00000.avi,0.46989731931813705
id00187__00360__b4ec7daace,id00187,-,-,real,A,RealVideo-RealAudio,Caucasian (European),men,00360.mp4,RealVideo-RealAudio/Caucasian (European)/men/id00187,RealVideo-RealAudio/Caucasian (European)/men/id00187/00360.mp4,/Users/jeevikakiran/Documents/USC/Multimodal/Project/FakeAVCeleb_v1.2/FakeAVCeleb_v1.2/RealVideo-RealAudio/Caucasian (European)/men/id00187/00360.mp4,1,0,0,0,REAL,train,-3.0,6.384495735168457,7.908270835876465,1.0,ok,,/Users/jeevikakiran/Documents/USC/Multimodal/Project/syncnet_work_pretrained/pycrop/id00187__00360__b4ec7daace/00000.avi,0.4557932534070583
id00088__00005__3602ba18de,id00088,-,-,real,A,RealVideo-RealAudio,Caucasian (American),men,00005.mp4,RealVideo-RealAudio/Caucasian (American)/men/id00088,RealVideo-RealAudio/Caucasian (American)/men/id00088/00005.mp4,/Users/jeevikakiran/Documents/USC/Multimodal/Project/FakeAVCeleb_v1.2/FakeAVCeleb_v1.2/RealVideo-RealAudio/Caucasian (American)/men/id00088/00005.mp4,1,0,0,0,REAL,train,-1.0,6.319390773773193,7.116541385650635,1.0,ok,,/Users/jeevikakiran/Documents/USC/Multimodal/Project/syncnet_work_pretrained/pycrop/id00088__00005__3602ba18de/00000.avi,0.07241469440896976
id06354__00021__2f7b856bf2,id06354,-,-,real,A,RealVideo-RealAudio,Asian (South),men,00021.mp4,RealVideo-RealAudio/Asian (South)/men/id06354,RealVideo-RealAudio/Asian (South)/men/id06354/00021.mp4,/Users/jeevikakiran/Documents/USC/Multimodal/Project/FakeAVCeleb_v1.2/FakeAVCeleb_v1.2/RealVideo-RealAudio/Asian (South)/men/id06354/00021.mp4,1,0,0,0,REAL,train,-2.0,5.453762054443359,8.025670051574707,1.0,ok,,/Users/jeevikakiran/Documents/USC/Multimodal/Project/syncnet_work_pretrained/pycrop/id06354__00021__2f7b856bf2/00000.avi,0.15442742336980597
id03569__00065__a351251a6d,id03569,-,-,real,A,RealVideo-RealAudio,African,women,00065.mp4,RealVideo-RealAudio/African/women/id03569,RealVideo-RealAudio/African/women/id03569/00065.mp4,/Users/jeevikakiran/Documents/USC/Multimodal/Project/FakeAVCeleb_v1.2/FakeAVCeleb_v1.2/RealVideo-RealAudio/African/women/id03569/00065.mp4,1,0,0,0,REAL,train,0.0,7.384204864501953,7.140644550323486,1.0,ok,,/Users/jeevikakiran/Documents/USC/Multimodal/Project/syncnet_work_pretrained/pycrop/id03569__00065__a351251a6d/00000.avi,0.17385119182185452
id04374__00032__d60c77ef12,id04374,-,-,real,A,RealVideo-RealAudio,African,women,00032.mp4,RealVideo-RealAudio/African/women/id04374,RealVideo-RealAudio/African/women/id04374/00032.mp4,/Users/jeevikakiran/Documents/USC/Multimodal/Project/FakeAVCeleb_v1.2/FakeAVCeleb_v1.2/RealVideo-RealAudio/African/women/id04374/00032.mp4,1,0,0,0,REAL,train,-1.0,4.883857727050781,9.022571563720703,1.0,ok,,/Users/jeevikakiran/Documents/USC/Multimodal/Project/syncnet_work_pretrained/pycrop/id04374__00032__d60c77ef12/00000.avi,0.2216583369611998
id07383__00011__b24e9d2a3d,id07383,-,-,real,A,RealVideo-RealAudio,Asian (East),women,00011.mp4,RealVideo-RealAudio/Asian (East)/women/id07383,RealVideo-RealAudio/Asian (East)/women/id07383/00011.mp4,/Users/jeevikakiran/Documents/USC/Multimodal/Project/FakeAVCeleb_v1.2/FakeAVCeleb_v1.2/RealVideo-RealAudio/Asian (East)/women/id07383/00011.mp4,1,0,0,0,REAL,train,-1.0,6.790122032165527,8.032532691955566,1.0,ok,,/Users/jeevikakiran/Documents/USC/Multimodal/Project/syncnet_work_pretrained/pycrop/id07383__00011__b24e9d2a3d/00000.avi,0.4075306978251714
id04055__00001__92ebb94377,id04055,-,-,real,A,RealVideo-RealAudio,African,women,00001.mp4,RealVideo-RealAudio/African/women/id04055,RealVideo-RealAudio/African/women/id04055/00001.mp4,/Users/jeevikakiran/Documents/USC/Multimodal/Project/FakeAVCeleb_v1.2/FakeAVCeleb_v1.2/RealVideo-RealAudio/African/women/id04055/00001.mp4,1,0,0,0,REAL,train,0.0,7.38863468170166,8.012842178344727,2.0,ok,,/Users/jeevikakiran/Documents/USC/Multimodal/Project/syncnet_work_pretrained/pycrop/id04055__00001__92ebb94377/00000.avi,0.4797964921611598
id06427__00138_fake__322aa2b3db,id06427,fake.mp4,-,rtvc,B,RealVideo-FakeAudio,Asian (East),women,00138_fake.mp4,RealVideo-FakeAudio/Asian (East)/women/id06427,RealVideo-FakeAudio/Asian (East)/women/id06427/00138_fake.mp4,/Users/jeevikakiran/Documents/USC/Multimodal/Project/FakeAVCeleb_v1.2/FakeAVCeleb_v1.2/RealVideo-FakeAudio/Asian (East)/women/id06427/00138_fake.mp4,1,0,1,1,FAKE,train,10.0,1.5161247253417969,12.495513916015623,1.0,ok,,/Users/jeevikakiran/Documents/USC/Multimodal/Project/syncnet_work_pretrained/pycrop/id06427__00138_fake__322aa2b3db/00000.avi,0.9874905633008276
id01123__00072_id00063_wavtolip__daab7e33b9,id01123,id00063,-,wav2lip,C,FakeVideo-RealAudio,Caucasian (European),men,00072_id00063_wavtolip.mp4,FakeVideo-RealAudio/Caucasian (European)/men/id01123,FakeVideo-RealAudio/Caucasian (European)/men/id01123/00072_id00063_wavtolip.mp4,/Users/jeevikakiran/Documents/USC/Multimodal/Project/FakeAVCeleb_v1.2/FakeAVCeleb_v1.2/FakeVideo-RealAudio/Caucasian (European)/men/id01123/00072_id00063_wavtolip.mp4,1,1,0,1,FAKE,train,-2.0,7.4585185050964355,7.53927755355835,1.0,ok,,/Users/jeevikakiran/Documents/USC/Multimodal/Project/syncnet_work_pretrained/pycrop/id01123__00072_id00063_wavtolip__daab7e33b9/00000.avi,0.5407375301809129
id06462__00014_fake__7717f2eecd,id06462,fake.mp4,-,rtvc,B,RealVideo-FakeAudio,Asian (East),women,00014_fake.mp4,RealVideo-FakeAudio/Asian (East)/women/id06462,RealVideo-FakeAudio/Asian (East)/women/id06462/00014_fake.mp4,/Users/jeevikakiran/Documents/USC/Multimodal/Project/FakeAVCeleb_v1.2/FakeAVCeleb_v1.2/RealVideo-FakeAudio/Asian (East)/women/id06462/00014_fake.mp4,1,0,1,1,FAKE,train,-9.0,1.40765380859375,12.120528221130373,1.0,ok,,/Users/jeevikakiran/Documents/USC/Multimodal/Project/syncnet_work_pretrained/pycrop/id06462__00014_fake__7717f2eecd/00000.avi,0.9575405476565034
id03858__00092__5514d239da,id03858,-,-,real,A,RealVideo-RealAudio,Caucasian (European),women,00092.mp4,RealVideo-RealAudio/Caucasian (European)/women/id03858,RealVideo-RealAudio/Caucasian (European)/women/id03858/00092.mp4,/Users/jeevikakiran/Documents/USC/Multimodal/Project/FakeAVCeleb_v1.2/FakeAVCeleb_v1.2/RealVideo-RealAudio/Caucasian (European)/women/id03858/00092.mp4,1,0,0,0,REAL,train,0.0,7.5221333503723145,7.389360427856445,1.0,ok,,/Users/jeevikakiran/Documents/USC/Multimodal/Project/syncnet_work_pretrained/pycrop/id03858__00092__5514d239da/00000.avi,0.278041956888923
id00535__00005__a1c7dc7ebf,id00535,-,-,real,A,RealVideo-RealAudio,Caucasian (European),men,00005.mp4,RealVideo-RealAudio/Caucasian (European)/men/id00535,RealVideo-RealAudio/Caucasian (European)/men/id00535/00005.mp4,/Users/jeevikakiran/Documents/USC/Multimodal/Project/FakeAVCeleb_v1.2/FakeAVCeleb_v1.2/RealVideo-RealAudio/Caucasian (European)/men/id00535/00005.mp4,1,0,0,0,REAL,train,-2.0,4.843512535095215,8.452859878540039,1.0,ok,,/Users/jeevikakiran/Documents/USC/Multimodal/Project/syncnet_work_pretrained/pycrop/id00535__00005__a1c7dc7ebf/00000.avi,0.14227123836002206
id00566__00032_id00579_wavtolip__e87f309411,id00566,id00579,-,wav2lip,D,FakeVideo-FakeAudio,Asian (East),women,00032_id00579_wavtolip.mp4,FakeVideo-FakeAudio/Asian (East)/women/id00566,FakeVideo-FakeAudio/Asian (East)/women/id00566/00032_id00579_wavtolip.mp4,/Users/jeevikakiran/Documents/USC/Multimodal/Project/FakeAVCeleb_v1.2/FakeAVCeleb_v1.2/FakeVideo-FakeAudio/Asian (East)/women/id00566/00032_id00579_wavtolip.mp4,1,1,1,1,FAKE,train,-2.0,6.709427833557129,8.075429916381836,1.0,ok,,/Users/jeevikakiran/Documents/USC/Multimodal/Project/syncnet_work_pretrained/pycrop/id00566__00032_id00579_wavtolip__e87f309411/00000.avi,0.5162467227272856
id01212__00183_fake__e43ae99050,id01212,fake.mp4,-,rtvc,B,RealVideo-FakeAudio,Asian (East),men,00183_fake.mp4,RealVideo-FakeAudio/Asian (East)/men/id01212,RealVideo-FakeAudio/Asian (East)/men/id01212/00183_fake.mp4,/Users/jeevikakiran/Documents/USC/Multimodal/Project/FakeAVCeleb_v1.2/FakeAVCeleb_v1.2/RealVideo-FakeAudio/Asian (East)/men/id01212/00183_fake.mp4,1,0,1,1,FAKE,val,6.0,2.430966377258301,11.376463890075684,1.0,ok,,/Users/jeevikakiran/Documents/USC/Multimodal/Project/syncnet_work_pretrained/pycrop/id01212__00183_fake__e43ae99050/00000.avi,0.8588653374826345
id00225__00078_fake__02abd0393b,id00225,fake.mp4,-,rtvc,B,RealVideo-FakeAudio,Caucasian (European),men,00078_fake.mp4,RealVideo-FakeAudio/Caucasian (European)/men/id00225,RealVideo-FakeAudio/Caucasian (European)/men/id00225/00078_fake.mp4,/Users/jeevikakiran/Documents/USC/Multimodal/Project/FakeAVCeleb_v1.2/FakeAVCeleb_v1.2/RealVideo-FakeAudio/Caucasian (European)/men/id00225/00078_fake.mp4,1,0,1,1,FAKE,train,-1.0,0.5866594314575195,13.21006965637207,1.0,ok,,/Users/jeevikakiran/Documents/USC/Multimodal/Project/syncnet_work_pretrained/pycrop/id00225__00078_fake__02abd0393b/00000.avi,0.5140487732847218
id00475__00099__e369fe7dd1,id00475,-,-,real,A,RealVideo-RealAudio,African,men,00099.mp4,RealVideo-RealAudio/African/men/id00475,RealVideo-RealAudio/African/men/id00475/00099.mp4,/Users/jeevikakiran/Documents/USC/Multimodal/Project/FakeAVCeleb_v1.2/FakeAVCeleb_v1.2/RealVideo-RealAudio/African/men/id00475/00099.mp4,1,0,0,0,REAL,train,0.0,5.476888656616211,8.210371971130371,1.0,ok,,/Users/jeevikakiran/Documents/USC/Multimodal/Project/syncnet_work_pretrained/pycrop/id00475__00099__e369fe7dd1/00000.avi,0.09051530227584645
id00033__00276_id04561_wavtolip__40d30719f8,id00033,id04561,-,wav2lip,C,FakeVideo-RealAudio,Asian (South),men,00276_id04561_wavtolip.mp4,FakeVideo-RealAudio/Asian (South)/men/id00033,FakeVideo-RealAudio/Asian (South)/men/id00033/00276_id04561_wavtolip.mp4,/Users/jeevikakiran/Documents/USC/Multimodal/Project/FakeAVCeleb_v1.2/FakeAVCeleb_v1.2/FakeVideo-RealAudio/Asian (South)/men/id00033/00276_id04561_wavtolip.mp4,1,1,0,1,FAKE,train,-2.0,6.569490432739258,8.096321105957031,1.0,ok,,/Users/jeevikakiran/Documents/USC/Multimodal/Project/syncnet_work_pretrained/pycrop/id00033__00276_id04561_wavtolip__40d30719f8/00000.avi,0.4782354559920991
id03897__00021__98452a9dc8,id03897,-,-,real,A,RealVideo-RealAudio,Asian (South),women,00021.mp4,RealVideo-RealAudio/Asian (South)/women/id03897,RealVideo-RealAudio/Asian (South)/women/id03897/00021.mp4,/Users/jeevikakiran/Documents/USC/Multimodal/Project/FakeAVCeleb_v1.2/FakeAVCeleb_v1.2/RealVideo-RealAudio/Asian (South)/women/id03897/00021.mp4,1,0,0,0,REAL,train,-2.0,4.276200294494629,8.087407112121582,1.0,ok,,/Users/jeevikakiran/Documents/USC/Multimodal/Project/syncnet_work_pretrained/pycrop/id03897__00021__98452a9dc8/00000.avi,0.04019979148315002
id05251__00033__69a3bece69,id05251,-,-,real,A,RealVideo-RealAudio,African,women,00033.mp4,RealVideo-RealAudio/African/women/id05251,RealVideo-RealAudio/African/women/id05251/00033.mp4,/Users/jeevikakiran/Documents/USC/Multimodal/Project/FakeAVCeleb_v1.2/FakeAVCeleb_v1.2/RealVideo-RealAudio/African/women/id05251/00033.mp4,1,0,0,0,REAL,train,-1.0,6.03483772277832,7.891697883605957,1.0,ok,,/Users/jeevikakiran/Documents/USC/Multimodal/Project/syncnet_work_pretrained/pycrop/id05251__00033__69a3bece69/00000.avi,0.1647699263090714
id04066__00013__ffb98a84f0,id04066,-,-,real,A,RealVideo-RealAudio,Asian (East),women,00013.mp4,RealVideo-RealAudio/Asian (East)/women/id04066,RealVideo-RealAudio/Asian (East)/women/id04066/00013.mp4,/Users/jeevikakiran/Documents/USC/Multimodal/Project/FakeAVCeleb_v1.2/FakeAVCeleb_v1.2/RealVideo-RealAudio/Asian (East)/women/id04066/00013.mp4,1,0,0,0,REAL,train,-7.0,4.974691390991211,8.758243560791016,1.0,ok,,/Users/jeevikakiran/Documents/USC/Multimodal/Project/syncnet_work_pretrained/pycrop/id04066__00013__ffb98a84f0/00000.avi,0.7805183164392114
id00270__00088__d708080ea8,id00270,-,-,real,A,RealVideo-RealAudio,Caucasian (European),women,00088.mp4,RealVideo-RealAudio/Caucasian (European)/women/id00270,RealVideo-RealAudio/Caucasian (European)/women/id00270/00088.mp4,/Users/jeevikakiran/Documents/USC/Multimodal/Project/FakeAVCeleb_v1.2/FakeAVCeleb_v1.2/RealVideo-RealAudio/Caucasian (European)/women/id00270/00088.mp4,1,0,0,0,REAL,train,0.0,7.053756237030029,7.620906352996826,1.0,ok,,/Users/jeevikakiran/Documents/USC/Multimodal/Project/syncnet_work_pretrained/pycrop/id00270__00088__d708080ea8/00000.avi,0.23314638157271947
id00345__00243_fake__7e24188221,id00345,fake.mp4,-,rtvc,B,RealVideo-FakeAudio,Caucasian (American),men,00243_fake.mp4,RealVideo-FakeAudio/Caucasian (American)/men/id00345,RealVideo-FakeAudio/Caucasian (American)/men/id00345/00243_fake.mp4,/Users/jeevikakiran/Documents/USC/Multimodal/Project/FakeAVCeleb_v1.2/FakeAVCeleb_v1.2/RealVideo-FakeAudio/Caucasian (American)/men/id00345/00243_fake.mp4,1,0,1,1,FAKE,train,10.0,1.0647974014282227,13.930598258972168,1.0,ok,,/Users/jeevikakiran/Documents/USC/Multimodal/Project/syncnet_work_pretrained/pycrop/id00345__00243_fake__7e24188221/00000.avi,0.9979461512717858
id05931__00013_id00235_wavtolip__5323a532aa,id05931,id00235,-,wav2lip,C,FakeVideo-RealAudio,Asian (South),women,00013_id00235_wavtolip.mp4,FakeVideo-RealAudio/Asian (South)/women/id05931,FakeVideo-RealAudio/Asian (South)/women/id05931/00013_id00235_wavtolip.mp4,/Users/jeevikakiran/Documents/USC/Multimodal/Project/FakeAVCeleb_v1.2/FakeAVCeleb_v1.2/FakeVideo-RealAudio/Asian (South)/women/id05931/00013_id00235_wavtolip.mp4,1,1,0,1,FAKE,train,-3.0,5.0684814453125,8.081649780273438,1.0,ok,,/Users/jeevikakiran/Documents/USC/Multimodal/Project/syncnet_work_pretrained/pycrop/id05931__00013_id00235_wavtolip__5323a532aa/00000.avi,0.16153358827279585
id00634__00078__caad047e76,id00634,-,-,real,A,RealVideo-RealAudio,Caucasian (European),women,00078.mp4,RealVideo-RealAudio/Caucasian (European)/women/id00634,RealVideo-RealAudio/Caucasian (European)/women/id00634/00078.mp4,/Users/jeevikakiran/Documents/USC/Multimodal/Project/FakeAVCeleb_v1.2/FakeAVCeleb_v1.2/RealVideo-RealAudio/Caucasian (European)/women/id00634/00078.mp4,1,0,0,0,REAL,train,-1.0,5.040785789489746,8.413361549377441,1.0,ok,,/Users/jeevikakiran/Documents/USC/Multimodal/Project/syncnet_work_pretrained/pycrop/id00634__00078__caad047e76/00000.avi,0.11165854354601908
id01521__00109_id00987_wavtolip__a6ad31dced,id01521,id00987,-,wav2lip,D,FakeVideo-FakeAudio,African,men,00109_id00987_wavtolip.mp4,FakeVideo-FakeAudio/African/men/id01521,FakeVideo-FakeAudio/African/men/id01521/00109_id00987_wavtolip.mp4,/Users/jeevikakiran/Documents/USC/Multimodal/Project/FakeAVCeleb_v1.2/FakeAVCeleb_v1.2/FakeVideo-FakeAudio/African/men/id01521/00109_id00987_wavtolip.mp4,1,1,1,1,FAKE,val,-2.0,7.906310081481934,7.6177263259887695,1.0,ok,,/Users/jeevikakiran/Documents/USC/Multimodal/Project/syncnet_work_pretrained/pycrop/id01521__00109_id00987_wavtolip__a6ad31dced/00000.avi,0.709978911886681
id00735__00037__234ec26888,id00735,-,-,real,A,RealVideo-RealAudio,Caucasian (European),women,00037.mp4,RealVideo-RealAudio/Caucasian (European)/women/id00735,RealVideo-RealAudio/Caucasian (European)/women/id00735/00037.mp4,/Users/jeevikakiran/Documents/USC/Multimodal/Project/FakeAVCeleb_v1.2/FakeAVCeleb_v1.2/RealVideo-RealAudio/Caucasian (European)/women/id00735/00037.mp4,1,0,0,0,REAL,train,-1.0,7.035594463348389,6.935300827026367,1.0,ok,,/Users/jeevikakiran/Documents/USC/Multimodal/Project/syncnet_work_pretrained/pycrop/id00735__00037__234ec26888/00000.avi,0.13044674215691324
id06752__00221__90eb9e1503,id06752,-,-,real,A,RealVideo-RealAudio,Asian (South),women,00221.mp4,RealVideo-RealAudio/Asian (South)/women/id06752,RealVideo-RealAudio/Asian (South)/women/id06752/00221.mp4,/Users/jeevikakiran/Documents/USC/Multimodal/Project/FakeAVCeleb_v1.2/FakeAVCeleb_v1.2/RealVideo-RealAudio/Asian (South)/women/id06752/00221.mp4,1,0,0,0,REAL,train,-2.0,5.807070732116699,8.19643497467041,1.0,ok,,/Users/jeevikakiran/Documents/USC/Multimodal/Project/syncnet_work_pretrained/pycrop/id06752__00221__90eb9e1503/00000.avi,0.2810914431887844
id00708__00043__0a0725429d,id00708,-,-,real,A,RealVideo-RealAudio,Caucasian (American),men,00043.mp4,RealVideo-RealAudio/Caucasian (American)/men/id00708,RealVideo-RealAudio/Caucasian (American)/men/id00708/00043.mp4,/Users/jeevikakiran/Documents/USC/Multimodal/Project/FakeAVCeleb_v1.2/FakeAVCeleb_v1.2/RealVideo-RealAudio/Caucasian (American)/men/id00708/00043.mp4,1,0,0,0,REAL,train,0.0,7.235761642456055,6.995175838470459,1.0,ok,,/Users/jeevikakiran/Documents/USC/Multimodal/Project/syncnet_work_pretrained/pycrop/id00708__00043__0a0725429d/00000.avi,0.11890813529714876
id00575__00092_fake__e59df2ae43,id00575,fake.mp4,-,rtvc,B,RealVideo-FakeAudio,Caucasian (American),women,00092_fake.mp4,RealVideo-FakeAudio/Caucasian (American)/women/id00575,RealVideo-FakeAudio/Caucasian (American)/women/id00575/00092_fake.mp4,/Users/jeevikakiran/Documents/USC/Multimodal/Project/FakeAVCeleb_v1.2/FakeAVCeleb_v1.2/RealVideo-FakeAudio/Caucasian (American)/women/id00575/00092_fake.mp4,1,0,1,1,FAKE,val,15.0,1.1121063232421875,12.547947883605955,1.0,ok,,/Users/jeevikakiran/Documents/USC/Multimodal/Project/syncnet_work_pretrained/pycrop/id00575__00092_fake__e59df2ae43/00000.avi,0.9981495226030475
id00137__00025__71e3917ee1,id00137,-,-,real,A,RealVideo-RealAudio,Asian (East),women,00025.mp4,RealVideo-RealAudio/Asian (East)/women/id00137,RealVideo-RealAudio/Asian (East)/women/id00137/00025.mp4,/Users/jeevikakiran/Documents/USC/Multimodal/Project/FakeAVCeleb_v1.2/FakeAVCeleb_v1.2/RealVideo-RealAudio/Asian (East)/women/id00137/00025.mp4,1,0,0,0,REAL,train,-1.0,6.424698829650879,8.383340835571289,1.0,ok,,/Users/jeevikakiran/Documents/USC/Multimodal/Project/syncnet_work_pretrained/pycrop/id00137__00025__71e3917ee1/00000.avi,0.43253549195152907
id00495__00027_id00373_wavtolip__c81ad04d64,id00495,id00373,-,wav2lip,D,FakeVideo-FakeAudio,Caucasian (European),women,00027_id00373_wavtolip.mp4,FakeVideo-FakeAudio/Caucasian (European)/women/id00495,FakeVideo-FakeAudio/Caucasian (European)/women/id00495/00027_id00373_wavtolip.mp4,/Users/jeevikakiran/Documents/USC/Multimodal/Project/FakeAVCeleb_v1.2/FakeAVCeleb_v1.2/FakeVideo-FakeAudio/Caucasian (European)/women/id00495/00027_id00373_wavtolip.mp4,1,1,1,1,FAKE,train,-2.0,7.901880264282227,7.33041524887085,1.0,ok,,/Users/jeevikakiran/Documents/USC/Multimodal/Project/syncnet_work_pretrained/pycrop/id00495__00027_id00373_wavtolip__c81ad04d64/00000.avi,0.5997751795826058
id00701__00092__cb5dda52b2,id00701,-,-,real,A,RealVideo-RealAudio,African,men,00092.mp4,RealVideo-RealAudio/African/men/id00701,RealVideo-RealAudio/African/men/id00701/00092.mp4,/Users/jeevikakiran/Documents/USC/Multimodal/Project/FakeAVCeleb_v1.2/FakeAVCeleb_v1.2/RealVideo-RealAudio/African/men/id00701/00092.mp4,1,0,0,0,REAL,train,-2.0,5.623085021972656,8.438865661621094,1.0,ok,,/Users/jeevikakiran/Documents/USC/Multimodal/Project/syncnet_work_pretrained/pycrop/id00701__00092__cb5dda52b2/00000.avi,0.3151131339528365
id03605__00048__9e14860f85,id03605,-,-,real,A,RealVideo-RealAudio,Caucasian (American),women,00048.mp4,RealVideo-RealAudio/Caucasian (American)/women/id03605,RealVideo-RealAudio/Caucasian (American)/women/id03605/00048.mp4,/Users/jeevikakiran/Documents/USC/Multimodal/Project/FakeAVCeleb_v1.2/FakeAVCeleb_v1.2/RealVideo-RealAudio/Caucasian (American)/women/id03605/00048.mp4,1,0,0,0,REAL,train,-1.0,5.830008506774902,9.073107719421388,1.0,ok,,/Users/jeevikakiran/Documents/USC/Multimodal/Project/syncnet_work_pretrained/pycrop/id03605__00048__9e14860f85/00000.avi,0.5240168734364218
id00577__00010_id01838_wavtolip__3bdb7900f3,id00577,id01838,-,wav2lip,D,FakeVideo-FakeAudio,African,women,00010_id01838_wavtolip.mp4,FakeVideo-FakeAudio/African/women/id00577,FakeVideo-FakeAudio/African/women/id00577/00010_id01838_wavtolip.mp4,/Users/jeevikakiran/Documents/USC/Multimodal/Project/FakeAVCeleb_v1.2/FakeAVCeleb_v1.2/FakeVideo-FakeAudio/African/women/id00577/00010_id01838_wavtolip.mp4,1,1,1,1,FAKE,train,-2.0,6.75316047668457,8.365923881530762,1.0,ok,,/Users/jeevikakiran/Documents/USC/Multimodal/Project/syncnet_work_pretrained/pycrop/id00577__00010_id01838_wavtolip__3bdb7900f3/00000.avi,0.6487980929089541
id03747__00273__8a25224c2b,id03747,-,-,real,A,RealVideo-RealAudio,African,women,00273.mp4,RealVideo-RealAudio/African/women/id03747,RealVideo-RealAudio/African/women/id03747/00273.mp4,/Users/jeevikakiran/Documents/USC/Multimodal/Project/FakeAVCeleb_v1.2/FakeAVCeleb_v1.2/RealVideo-RealAudio/African/women/id03747/00273.mp4,1,0,0,0,REAL,train,-2.0,8.56876277923584,6.598662853240967,1.0,ok,,/Users/jeevikakiran/Documents/USC/Multimodal/Project/syncnet_work_pretrained/pycrop/id03747__00273__8a25224c2b/00000.avi,0.5156673724381736
id01171__00053_id01236_wavtolip__e447d8ad2a,id01171,id01236,-,wav2lip,C,FakeVideo-RealAudio,African,men,00053_id01236_wavtolip.mp4,FakeVideo-RealAudio/African/men/id01171,FakeVideo-RealAudio/African/men/id01171/00053_id01236_wavtolip.mp4,/Users/jeevikakiran/Documents/USC/Multimodal/Project/FakeAVCeleb_v1.2/FakeAVCeleb_v1.2/FakeVideo-RealAudio/African/men/id01171/00053_id01236_wavtolip.mp4,1,1,0,1,FAKE,train,-2.0,10.641700744628906,5.4896769523620605,1.0,ok,,/Users/jeevikakiran/Documents/USC/Multimodal/Project/syncnet_work_pretrained/pycrop/id01171__00053_id01236_wavtolip__e447d8ad2a/00000.avi,0.7245200414215343
id00063__00021_id00990_wavtolip__16bfba2c41,id00063,id00990,-,wav2lip,D,FakeVideo-FakeAudio,Caucasian (European),men,00021_id00990_wavtolip.mp4,FakeVideo-FakeAudio/Caucasian (European)/men/id00063,FakeVideo-FakeAudio/Caucasian (European)/men/id00063/00021_id00990_wavtolip.mp4,/Users/jeevikakiran/Documents/USC/Multimodal/Project/FakeAVCeleb_v1.2/FakeAVCeleb_v1.2/FakeVideo-FakeAudio/Caucasian (European)/men/id00063/00021_id00990_wavtolip.mp4,1,1,1,1,FAKE,train,-2.0,7.790137767791748,7.253665924072266,1.0,ok,,/Users/jeevikakiran/Documents/USC/Multimodal/Project/syncnet_work_pretrained/pycrop/id00063__00021_id00990_wavtolip__16bfba2c41/00000.avi,0.5313078174251007
id02586__00042_id04376_wavtolip__b08117a6d9,id02586,id04376,-,wav2lip,C,FakeVideo-RealAudio,African,women,00042_id04376_wavtolip.mp4,FakeVideo-RealAudio/African/women/id02586,FakeVideo-RealAudio/African/women/id02586/00042_id04376_wavtolip.mp4,/Users/jeevikakiran/Documents/USC/Multimodal/Project/FakeAVCeleb_v1.2/FakeAVCeleb_v1.2/FakeVideo-RealAudio/African/women/id02586/00042_id04376_wavtolip.mp4,1,1,0,1,FAKE,train,-2.0,4.671322822570801,9.137542724609377,1.0,ok,,/Users/jeevikakiran/Documents/USC/Multimodal/Project/syncnet_work_pretrained/pycrop/id02586__00042_id04376_wavtolip__b08117a6d9/00000.avi,0.29489043753437527
id06594__00002__8e3d588bda,id06594,-,-,real,A,RealVideo-RealAudio,Asian (East),men,00002.mp4,RealVideo-RealAudio/Asian (East)/men/id06594,RealVideo-RealAudio/Asian (East)/men/id06594/00002.mp4,/Users/jeevikakiran/Documents/USC/Multimodal/Project/FakeAVCeleb_v1.2/FakeAVCeleb_v1.2/RealVideo-RealAudio/Asian (East)/men/id06594/00002.mp4,1,0,0,0,REAL,train,-5.0,7.380070686340332,7.348588466644287,1.0,ok,,/Users/jeevikakiran/Documents/USC/Multimodal/Project/syncnet_work_pretrained/pycrop/id06594__00002__8e3d588bda/00000.avi,0.7615250510670285
id08139__00067__928c555c13,id08139,-,-,real,A,RealVideo-RealAudio,Asian (East),women,00067.mp4,RealVideo-RealAudio/Asian (East)/women/id08139,RealVideo-RealAudio/Asian (East)/women/id08139/00067.mp4,/Users/jeevikakiran/Documents/USC/Multimodal/Project/FakeAVCeleb_v1.2/FakeAVCeleb_v1.2/RealVideo-RealAudio/Asian (East)/women/id08139/00067.mp4,1,0,0,0,REAL,train,-1.0,4.464792251586914,9.002486228942871,1.0,ok,,/Users/jeevikakiran/Documents/USC/Multimodal/Project/syncnet_work_pretrained/pycrop/id08139__00067__928c555c13/00000.avi,0.13574981985545947
id02332__00055__bd28b30ba6,id02332,-,-,real,A,RealVideo-RealAudio,Asian (East),men,00055.mp4,RealVideo-RealAudio/Asian (East)/men/id02332,RealVideo-RealAudio/Asian (East)/men/id02332/00055.mp4,/Users/jeevikakiran/Documents/USC/Multimodal/Project/FakeAVCeleb_v1.2/FakeAVCeleb_v1.2/RealVideo-RealAudio/Asian (East)/men/id02332/00055.mp4,1,0,0,0,REAL,train,1.0,5.539369583129883,8.193549156188965,1.0,ok,,/Users/jeevikakiran/Documents/USC/Multimodal/Project/syncnet_work_pretrained/pycrop/id02332__00055__bd28b30ba6/00000.avi,0.14464551949424467
id00535__00005_id00554_wavtolip__e69b782f26,id00535,id00554,-,wav2lip,C,FakeVideo-RealAudio,Caucasian (European),men,00005_id00554_wavtolip.mp4,FakeVideo-RealAudio/Caucasian (European)/men/id00535,FakeVideo-RealAudio/Caucasian (European)/men/id00535/00005_id00554_wavtolip.mp4,/Users/jeevikakiran/Documents/USC/Multimodal/Project/FakeAVCeleb_v1.2/FakeAVCeleb_v1.2/FakeVideo-RealAudio/Caucasian (European)/men/id00535/00005_id00554_wavtolip.mp4,1,1,0,1,FAKE,val,-2.0,7.407339572906494,6.698402404785156,1.0,ok,,/Users/jeevikakiran/Documents/USC/Multimodal/Project/syncnet_work_pretrained/pycrop/id00535__00005_id00554_wavtolip__e69b782f26/00000.avi,0.21012917380873444
id00287__00005__84e40f515f,id00287,-,-,real,A,RealVideo-RealAudio,Caucasian (European),women,00005.mp4,RealVideo-RealAudio/Caucasian (European)/women/id00287,RealVideo-RealAudio/Caucasian (European)/women/id00287/00005.mp4,/Users/jeevikakiran/Documents/USC/Multimodal/Project/FakeAVCeleb_v1.2/FakeAVCeleb_v1.2/RealVideo-RealAudio/Caucasian (European)/women/id00287/00005.mp4,1,0,0,0,REAL,train,-1.0,5.724268913269043,8.605901718139648,1.0,ok,,/Users/jeevikakiran/Documents/USC/Multimodal/Project/syncnet_work_pretrained/pycrop/id00287__00005__84e40f515f/00000.avi,0.30283627118561385
id08457__00417__f8ae97c63c,id08457,-,-,real,A,RealVideo-RealAudio,Asian (South),men,00417.mp4,RealVideo-RealAudio/Asian (South)/men/id08457,RealVideo-RealAudio/Asian (South)/men/id08457/00417.mp4,/Users/jeevikakiran/Documents/USC/Multimodal/Project/FakeAVCeleb_v1.2/FakeAVCeleb_v1.2/RealVideo-RealAudio/Asian (South)/men/id08457/00417.mp4,1,0,0,0,REAL,train,-2.0,8.313380241394043,7.189909934997559,1.0,ok,,/Users/jeevikakiran/Documents/USC/Multimodal/Project/syncnet_work_pretrained/pycrop/id08457__00417__f8ae97c63c/00000.avi,0.6722613320591345
id04884__00028__566337cf1b,id04884,-,-,real,A,RealVideo-RealAudio,Asian (East),men,00028.mp4,RealVideo-RealAudio/Asian (East)/men/id04884,RealVideo-RealAudio/Asian (East)/men/id04884/00028.mp4,/Users/jeevikakiran/Documents/USC/Multimodal/Project/FakeAVCeleb_v1.2/FakeAVCeleb_v1.2/RealVideo-RealAudio/Asian (East)/men/id04884/00028.mp4,1,0,0,0,REAL,train,-1.0,5.366373062133789,7.90986967086792,1.0,ok,,/Users/jeevikakiran/Documents/USC/Multimodal/Project/syncnet_work_pretrained/pycrop/id04884__00028__566337cf1b/00000.avi,0.07673451057821434
id05434__00052_fake__cf475e8a30,id05434,fake.mp4,-,rtvc,B,RealVideo-FakeAudio,Asian (South),women,00052_fake.mp4,RealVideo-FakeAudio/Asian (South)/women/id05434,RealVideo-FakeAudio/Asian (South)/women/id05434/00052_fake.mp4,/Users/jeevikakiran/Documents/USC/Multimodal/Project/FakeAVCeleb_v1.2/FakeAVCeleb_v1.2/RealVideo-FakeAudio/Asian (South)/women/id05434/00052_fake.mp4,1,0,1,1,FAKE,train,14.0,0.9158544540405272,13.93205451965332,1.0,ok,,/Users/jeevikakiran/Documents/USC/Multimodal/Project/syncnet_work_pretrained/pycrop/id05434__00052_fake__cf475e8a30/00000.avi,0.9996250817788447
id00475__00099_fake__e8e1c4ebf4,id00475,fake.mp4,-,rtvc,B,RealVideo-FakeAudio,African,men,00099_fake.mp4,RealVideo-FakeAudio/African/men/id00475,RealVideo-FakeAudio/African/men/id00475/00099_fake.mp4,/Users/jeevikakiran/Documents/USC/Multimodal/Project/FakeAVCeleb_v1.2/FakeAVCeleb_v1.2/RealVideo-FakeAudio/African/men/id00475/00099_fake.mp4,1,0,1,1,FAKE,train,-5.0,0.8468751907348633,13.749066352844238,1.0,ok,,/Users/jeevikakiran/Documents/USC/Multimodal/Project/syncnet_work_pretrained/pycrop/id00475__00099_fake__e8e1c4ebf4/00000.avi,0.9613423489058428
id02301__00092_id05106_wavtolip__5aba552df1,id02301,id05106,-,wav2lip,C,FakeVideo-RealAudio,African,women,00092_id05106_wavtolip.mp4,FakeVideo-RealAudio/African/women/id02301,FakeVideo-RealAudio/African/women/id02301/00092_id05106_wavtolip.mp4,/Users/jeevikakiran/Documents/USC/Multimodal/Project/FakeAVCeleb_v1.2/FakeAVCeleb_v1.2/FakeVideo-RealAudio/African/women/id02301/00092_id05106_wavtolip.mp4,1,1,0,1,FAKE,train,-2.0,5.089519500732422,8.776689529418945,1.0,ok,,/Users/jeevikakiran/Documents/USC/Multimodal/Project/syncnet_work_pretrained/pycrop/id02301__00092_id05106_wavtolip__5aba552df1/00000.avi,0.2848142178622394
id01005__00028_id00145_wavtolip__5b6d375010,id01005,id00145,-,wav2lip,D,FakeVideo-FakeAudio,Caucasian (American),women,00028_id00145_wavtolip.mp4,FakeVideo-FakeAudio/Caucasian (American)/women/id01005,FakeVideo-FakeAudio/Caucasian (American)/women/id01005/00028_id00145_wavtolip.mp4,/Users/jeevikakiran/Documents/USC/Multimodal/Project/FakeAVCeleb_v1.2/FakeAVCeleb_v1.2/FakeVideo-FakeAudio/Caucasian (American)/women/id01005/00028_id00145_wavtolip.mp4,1,1,1,1,FAKE,val,-2.0,10.381457328796388,5.842950344085693,2.0,ok,,/Users/jeevikakiran/Documents/USC/Multimodal/Project/syncnet_work_pretrained/pycrop/id01005__00028_id00145_wavtolip__5b6d375010/00000.avi,0.7711222483583994
id03815__00118__f9c8bbf46c,id03815,-,-,real,A,RealVideo-RealAudio,Asian (South),women,00118.mp4,RealVideo-RealAudio/Asian (South)/women/id03815,RealVideo-RealAudio/Asian (South)/women/id03815/00118.mp4,/Users/jeevikakiran/Documents/USC/Multimodal/Project/FakeAVCeleb_v1.2/FakeAVCeleb_v1.2/RealVideo-RealAudio/Asian (South)/women/id03815/00118.mp4,1,0,0,0,REAL,train,-2.0,5.600098609924316,8.360677719116211,1.0,ok,,/Users/jeevikakiran/Documents/USC/Multimodal/Project/syncnet_work_pretrained/pycrop/id03815__00118__f9c8bbf46c/00000.avi,0.2810945957912601
id00330__00118__2a4d465e35,id00330,-,-,real,A,RealVideo-RealAudio,Caucasian (European),women,00118.mp4,RealVideo-RealAudio/Caucasian (European)/women/id00330,RealVideo-RealAudio/Caucasian (European)/women/id00330/00118.mp4,/Users/jeevikakiran/Documents/USC/Multimodal/Project/FakeAVCeleb_v1.2/FakeAVCeleb_v1.2/RealVideo-RealAudio/Caucasian (European)/women/id00330/00118.mp4,1,0,0,0,REAL,train,-2.0,7.372866630554199,7.079787731170654,1.0,ok,,/Users/jeevikakiran/Documents/USC/Multimodal/Project/syncnet_work_pretrained/pycrop/id00330__00118__2a4d465e35/00000.avi,0.3259106688368842
id04490__00054__5e9e01c1da,id04490,-,-,real,A,RealVideo-RealAudio,Asian (South),women,00054.mp4,RealVideo-RealAudio/Asian (South)/women/id04490,RealVideo-RealAudio/Asian (South)/women/id04490/00054.mp4,/Users/jeevikakiran/Documents/USC/Multimodal/Project/FakeAVCeleb_v1.2/FakeAVCeleb_v1.2/RealVideo-RealAudio/Asian (South)/women/id04490/00054.mp4,1,0,0,0,REAL,train,-2.0,6.244437217712402,7.294928550720215,1.0,ok,,/Users/jeevikakiran/Documents/USC/Multimodal/Project/syncnet_work_pretrained/pycrop/id04490__00054__5e9e01c1da/00000.avi,0.13300293378983108
id05252__00052_fake__3e66ffe036,id05252,fake.mp4,-,rtvc,B,RealVideo-FakeAudio,African,women,00052_fake.mp4,RealVideo-FakeAudio/African/women/id05252,RealVideo-FakeAudio/African/women/id05252/00052_fake.mp4,/Users/jeevikakiran/Documents/USC/Multimodal/Project/FakeAVCeleb_v1.2/FakeAVCeleb_v1.2/RealVideo-FakeAudio/African/women/id05252/00052_fake.mp4,1,0,1,1,FAKE,train,11.0,3.560546875,11.634589195251465,1.0,ok,,/Users/jeevikakiran/Documents/USC/Multimodal/Project/syncnet_work_pretrained/pycrop/id05252__00052_fake__3e66ffe036/00000.avi,0.9978243512346308
id04928__00027__9ffc061d61,id04928,-,-,real,A,RealVideo-RealAudio,Asian (South),men,00027.mp4,RealVideo-RealAudio/Asian (South)/men/id04928,RealVideo-RealAudio/Asian (South)/men/id04928/00027.mp4,/Users/jeevikakiran/Documents/USC/Multimodal/Project/FakeAVCeleb_v1.2/FakeAVCeleb_v1.2/RealVideo-RealAudio/Asian (South)/men/id04928/00027.mp4,1,0,0,0,REAL,train,-1.0,5.036035537719727,8.835762977600098,1.0,ok,,/Users/jeevikakiran/Documents/USC/Multimodal/Project/syncnet_work_pretrained/pycrop/id04928__00027__9ffc061d61/00000.avi,0.20302534737785655
id00478__00206__5be2da4c08,id00478,-,-,real,A,RealVideo-RealAudio,African,men,00206.mp4,RealVideo-RealAudio/African/men/id00478,RealVideo-RealAudio/African/men/id00478/00206.mp4,/Users/jeevikakiran/Documents/USC/Multimodal/Project/FakeAVCeleb_v1.2/FakeAVCeleb_v1.2/RealVideo-RealAudio/African/men/id00478/00206.mp4,1,0,0,0,REAL,train,-2.0,6.086979866027832,8.104419708251953,1.0,ok,,/Users/jeevikakiran/Documents/USC/Multimodal/Project/syncnet_work_pretrained/pycrop/id00478__00206__5be2da4c08/00000.avi,0.32749706134440487
id00180__00206__081ec1e707,id00180,-,-,real,A,RealVideo-RealAudio,Caucasian (American),women,00206.mp4,RealVideo-RealAudio/Caucasian (American)/women/id00180,RealVideo-RealAudio/Caucasian (American)/women/id00180/00206.mp4,/Users/jeevikakiran/Documents/USC/Multimodal/Project/FakeAVCeleb_v1.2/FakeAVCeleb_v1.2/RealVideo-RealAudio/Caucasian (American)/women/id00180/00206.mp4,1,0,0,0,REAL,train,2.0,5.867728233337402,8.663344383239746,1.0,ok,,/Users/jeevikakiran/Documents/USC/Multimodal/Project/syncnet_work_pretrained/pycrop/id00180__00206__081ec1e707/00000.avi,0.48251964534098446
id00379__00043_id00897_0ayfw8jhoyi_id00271_wavtolip__5b892e29a0,id00379,id00897,id00271,fsgan-wav2lip,D,FakeVideo-FakeAudio,Caucasian (European),women,00043_id00897_0ayFw8JhoyI_id00271_wavtolip.mp4,FakeVideo-FakeAudio/Caucasian (European)/women/id00379,FakeVideo-FakeAudio/Caucasian (European)/women/id00379/00043_id00897_0ayFw8JhoyI_id00271_wavtolip.mp4,/Users/jeevikakiran/Documents/USC/Multimodal/Project/FakeAVCeleb_v1.2/FakeAVCeleb_v1.2/FakeVideo-FakeAudio/Caucasian (European)/women/id00379/00043_id00897_0ayFw8JhoyI_id00271_wavtolip.mp4,1,1,1,1,FAKE,train,-2.0,7.99838924407959,6.958199501037598,1.0,ok,,/Users/jeevikakiran/Documents/USC/Multimodal/Project/syncnet_work_pretrained/pycrop/id00379__00043_id00897_0ayfw8jhoyi_id00271_wavtolip__5b892e29a0/00000.avi,0.476432480618043
id07194__00014__a5207eb3bd,id07194,-,-,real,A,RealVideo-RealAudio,Asian (South),men,00014.mp4,RealVideo-RealAudio/Asian (South)/men/id07194,RealVideo-RealAudio/Asian (South)/men/id07194/00014.mp4,/Users/jeevikakiran/Documents/USC/Multimodal/Project/FakeAVCeleb_v1.2/FakeAVCeleb_v1.2/RealVideo-RealAudio/Asian (South)/men/id07194/00014.mp4,1,0,0,0,REAL,val,0.0,5.7208333015441895,6.710055828094482,1.0,ok,,/Users/jeevikakiran/Documents/USC/Multimodal/Project/syncnet_work_pretrained/pycrop/id07194__00014__a5207eb3bd/00000.avi,0.010852808058758249
id06254__00043__91dac52d96,id06254,-,-,real,A,RealVideo-RealAudio,Asian (South),women,00043.mp4,RealVideo-RealAudio/Asian (South)/women/id06254,RealVideo-RealAudio/Asian (South)/women/id06254/00043.mp4,/Users/jeevikakiran/Documents/USC/Multimodal/Project/FakeAVCeleb_v1.2/FakeAVCeleb_v1.2/RealVideo-RealAudio/Asian (South)/women/id06254/00043.mp4,1,0,0,0,REAL,val,-3.0,5.212364196777344,8.516098976135254,1.0,ok,,/Users/jeevikakiran/Documents/USC/Multimodal/Project/syncnet_work_pretrained/pycrop/id06254__00043__91dac52d96/00000.avi,0.32715218802792095
id04554__00118__2347f5401c,id04554,-,-,real,A,RealVideo-RealAudio,Asian (South),men,00118.mp4,RealVideo-RealAudio/Asian (South)/men/id04554,RealVideo-RealAudio/Asian (South)/men/id04554/00118.mp4,/Users/jeevikakiran/Documents/USC/Multimodal/Project/FakeAVCeleb_v1.2/FakeAVCeleb_v1.2/RealVideo-RealAudio/Asian (South)/men/id04554/00118.mp4,1,0,0,0,REAL,train,0.0,5.422168731689453,8.450072288513184,1.0,ok,,/Users/jeevikakiran/Documents/USC/Multimodal/Project/syncnet_work_pretrained/pycrop/id04554__00118__2347f5401c/00000.avi,0.12173007054072983
id06269__00005_id06470_xoaiqcrolyk__47c5117d99,id06269,id06470,-,fsgan,C,FakeVideo-RealAudio,Asian (East),men,00005_id06470_XoAiqCrOlyk.mp4,FakeVideo-RealAudio/Asian (East)/men/id06269,FakeVideo-RealAudio/Asian (East)/men/id06269/00005_id06470_XoAiqCrOlyk.mp4,/Users/jeevikakiran/Documents/USC/Multimodal/Project/FakeAVCeleb_v1.2/FakeAVCeleb_v1.2/FakeVideo-RealAudio/Asian (East)/men/id06269/00005_id06470_XoAiqCrOlyk.mp4,1,1,0,1,FAKE,train,0.0,7.98872709274292,5.982234477996826,1.0,ok,,/Users/jeevikakiran/Documents/USC/Multimodal/Project/syncnet_work_pretrained/pycrop/id06269__00005_id06470_xoaiqcrolyk__47c5117d99/00000.avi,0.06274507211614162
id00763__00074_fake__0832ef3ca6,id00763,fake.mp4,-,rtvc,B,RealVideo-FakeAudio,Asian (East),women,00074_fake.mp4,RealVideo-FakeAudio/Asian (East)/women/id00763,RealVideo-FakeAudio/Asian (East)/women/id00763/00074_fake.mp4,/Users/jeevikakiran/Documents/USC/Multimodal/Project/FakeAVCeleb_v1.2/FakeAVCeleb_v1.2/RealVideo-FakeAudio/Asian (East)/women/id00763/00074_fake.mp4,1,0,1,1,FAKE,train,-6.0,0.9426841735839844,13.411661148071287,1.0,ok,,/Users/jeevikakiran/Documents/USC/Multimodal/Project/syncnet_work_pretrained/pycrop/id00763__00074_fake__0832ef3ca6/00000.avi,0.9625787146056716
id00981__00092__b69d3fffd1,id00981,-,-,real,A,RealVideo-RealAudio,Caucasian (European),men,00092.mp4,RealVideo-RealAudio/Caucasian (European)/men/id00981,RealVideo-RealAudio/Caucasian (European)/men/id00981/00092.mp4,/Users/jeevikakiran/Documents/USC/Multimodal/Project/FakeAVCeleb_v1.2/FakeAVCeleb_v1.2/RealVideo-RealAudio/Caucasian (European)/men/id00981/00092.mp4,1,0,0,0,REAL,train,1.0,4.659971237182617,8.309808731079102,1.0,ok,,/Users/jeevikakiran/Documents/USC/Multimodal/Project/syncnet_work_pretrained/pycrop/id00981__00092__b69d3fffd1/00000.avi,0.05960503712025434
id00701__00092_id01036_aohkamtihxa_faceswap_id00391_wavtolip__3a7ef5430d,id00701,id01036,faceswap,faceswap-wav2lip,D,FakeVideo-FakeAudio,African,men,00092_id01036_AohKaMtIHxA_faceswap_id00391_wavtolip.mp4,FakeVideo-FakeAudio/African/men/id00701,FakeVideo-FakeAudio/African/men/id00701/00092_id01036_AohKaMtIHxA_faceswap_id00391_wavtolip.mp4,/Users/jeevikakiran/Documents/USC/Multimodal/Project/FakeAVCeleb_v1.2/FakeAVCeleb_v1.2/FakeVideo-FakeAudio/African/men/id00701/00092_id01036_AohKaMtIHxA_faceswap_id00391_wavtolip.mp4,1,1,1,1,FAKE,train,-2.0,8.337909698486328,6.7961859703063965,1.0,ok,,/Users/jeevikakiran/Documents/USC/Multimodal/Project/syncnet_work_pretrained/pycrop/id00701__00092_id01036_aohkamtihxa_faceswap_id00391_wavtolip__3a7ef5430d/00000.avi,0.5217083164768612
id06776__00021__1d573ede72,id06776,-,-,rtvc,B,RealVideo-FakeAudio,Asian (East),men,00021.mp4,RealVideo-FakeAudio/Asian (East)/men/id06776,RealVideo-FakeAudio/Asian (East)/men/id06776/00021.mp4,/Users/jeevikakiran/Documents/USC/Multimodal/Project/FakeAVCeleb_v1.2/FakeAVCeleb_v1.2/RealVideo-FakeAudio/Asian (East)/men/id06776/00021.mp4,1,0,1,1,FAKE,val,0.0,6.555417060852051,7.582084655761719,1.0,ok,,/Users/jeevikakiran/Documents/USC/Multimodal/Project/syncnet_work_pretrained/pycrop/id06776__00021__1d573ede72/00000.avi,0.127481400720714
id07383__00011_id06225_wavtolip__1d175660c7,id07383,id06225,-,wav2lip,D,FakeVideo-FakeAudio,Asian (East),women,00011_id06225_wavtolip.mp4,FakeVideo-FakeAudio/Asian (East)/women/id07383,FakeVideo-FakeAudio/Asian (East)/women/id07383/00011_id06225_wavtolip.mp4,/Users/jeevikakiran/Documents/USC/Multimodal/Project/FakeAVCeleb_v1.2/FakeAVCeleb_v1.2/FakeVideo-FakeAudio/Asian (East)/women/id07383/00011_id06225_wavtolip.mp4,1,1,1,1,FAKE,train,-2.0,6.458032608032227,8.160378456115723,1.0,ok,,/Users/jeevikakiran/Documents/USC/Multimodal/Project/syncnet_work_pretrained/pycrop/id07383__00011_id06225_wavtolip__1d175660c7/00000.avi,0.46797847799255704
id01972__00078_2_id01597_wavtolip__5994c442ef,id01972,2,-,faceswap-wav2lip,D,FakeVideo-FakeAudio,African,men,00078_2_id01597_wavtolip.mp4,FakeVideo-FakeAudio/African/men/id01972,FakeVideo-FakeAudio/African/men/id01972/00078_2_id01597_wavtolip.mp4,/Users/jeevikakiran/Documents/USC/Multimodal/Project/FakeAVCeleb_v1.2/FakeAVCeleb_v1.2/FakeVideo-FakeAudio/African/men/id01972/00078_2_id01597_wavtolip.mp4,1,1,1,1,FAKE,train,-2.0,8.148545265197754,6.544075012207031,1.0,ok,,/Users/jeevikakiran/Documents/USC/Multimodal/Project/syncnet_work_pretrained/pycrop/id01972__00078_2_id01597_wavtolip__5994c442ef/00000.avi,0.3561545619874268
id00068__00004_3_id00332_wavtolip__6f688c60a3,id00068,3,-,faceswap-wav2lip,D,FakeVideo-FakeAudio,Caucasian (European),women,00004_3_id00332_wavtolip.mp4,FakeVideo-FakeAudio/Caucasian (European)/women/id00068,FakeVideo-FakeAudio/Caucasian (European)/women/id00068/00004_3_id00332_wavtolip.mp4,/Users/jeevikakiran/Documents/USC/Multimodal/Project/FakeAVCeleb_v1.2/FakeAVCeleb_v1.2/FakeVideo-FakeAudio/Caucasian (European)/women/id00068/00004_3_id00332_wavtolip.mp4,1,1,1,1,FAKE,val,-2.0,5.607831954956055,9.233890533447266,1.0,ok,,/Users/jeevikakiran/Documents/USC/Multimodal/Project/syncnet_work_pretrained/pycrop/id00068__00004_3_id00332_wavtolip__6f688c60a3/00000.avi,0.6329318190094031
id05332__00065_id08652_wavtolip__b8e56b8a9f,id05332,id08652,-,wav2lip,D,FakeVideo-FakeAudio,Asian (East),men,00065_id08652_wavtolip.mp4,FakeVideo-FakeAudio/Asian (East)/men/id05332,FakeVideo-FakeAudio/Asian (East)/men/id05332/00065_id08652_wavtolip.mp4,/Users/jeevikakiran/Documents/USC/Multimodal/Project/FakeAVCeleb_v1.2/FakeAVCeleb_v1.2/FakeVideo-FakeAudio/Asian (East)/men/id05332/00065_id08652_wavtolip.mp4,1,1,1,1,FAKE,train,-2.0,6.8024091720581055,7.393255233764648,1.0,ok,,/Users/jeevikakiran/Documents/USC/Multimodal/Project/syncnet_work_pretrained/pycrop/id05332__00065_id08652_wavtolip__b8e56b8a9f/00000.avi,0.27655379236004857
id08652__00006_id04687_wavtolip__5d22b1eac7,id08652,id04687,-,wav2lip,C,FakeVideo-RealAudio,Asian (East),men,00006_id04687_wavtolip.mp4,FakeVideo-RealAudio/Asian (East)/men/id08652,FakeVideo-RealAudio/Asian (East)/men/id08652/00006_id04687_wavtolip.mp4,/Users/jeevikakiran/Documents/USC/Multimodal/Project/FakeAVCeleb_v1.2/FakeAVCeleb_v1.2/FakeVideo-RealAudio/Asian (East)/men/id08652/00006_id04687_wavtolip.mp4,1,1,0,1,FAKE,train,-2.0,6.103850364685059,8.740997314453125,1.0,ok,,/Users/jeevikakiran/Documents/USC/Multimodal/Project/syncnet_work_pretrained/pycrop/id08652__00006_id04687_wavtolip__5d22b1eac7/00000.avi,0.5932101287897442
id08314__00028__e7577f6b15,id08314,-,-,real,A,RealVideo-RealAudio,Asian (South),men,00028.mp4,RealVideo-RealAudio/Asian (South)/men/id08314,RealVideo-RealAudio/Asian (South)/men/id08314/00028.mp4,/Users/jeevikakiran/Documents/USC/Multimodal/Project/FakeAVCeleb_v1.2/FakeAVCeleb_v1.2/RealVideo-RealAudio/Asian (South)/men/id08314/00028.mp4,1,0,0,0,REAL,train,-3.0,4.55026912689209,8.486202239990234,1.0,ok,,/Users/jeevikakiran/Documents/USC/Multimodal/Project/syncnet_work_pretrained/pycrop/id08314__00028__e7577f6b15/00000.avi,0.16001909522375837
id00235__00052__72086b39c0,id00235,-,-,real,A,RealVideo-RealAudio,Asian (South),women,00052.mp4,RealVideo-RealAudio/Asian (South)/women/id00235,RealVideo-RealAudio/Asian (South)/women/id00235/00052.mp4,/Users/jeevikakiran/Documents/USC/Multimodal/Project/FakeAVCeleb_v1.2/FakeAVCeleb_v1.2/RealVideo-RealAudio/Asian (South)/women/id00235/00052.mp4,1,0,0,0,REAL,train,-2.0,4.102749824523926,9.313749313354492,1.0,ok,,/Users/jeevikakiran/Documents/USC/Multimodal/Project/syncnet_work_pretrained/pycrop/id00235__00052__72086b39c0/00000.avi,0.20821349715417886
id05268__00010__1fb3a599c9,id05268,-,-,real,A,RealVideo-RealAudio,Asian (East),men,00010.mp4,RealVideo-RealAudio/Asian (East)/men/id05268,RealVideo-RealAudio/Asian (East)/men/id05268/00010.mp4,/Users/jeevikakiran/Documents/USC/Multimodal/Project/FakeAVCeleb_v1.2/FakeAVCeleb_v1.2/RealVideo-RealAudio/Asian (East)/men/id05268/00010.mp4,1,0,0,0,REAL,train,-2.0,6.294605731964111,7.453359603881836,1.0,ok,,/Users/jeevikakiran/Documents/USC/Multimodal/Project/syncnet_work_pretrained/pycrop/id05268__00010__1fb3a599c9/00000.avi,0.1765141654713317
id00071__00014__a0b1ec2189,id00071,-,-,real,A,RealVideo-RealAudio,Caucasian (European),women,00014.mp4,RealVideo-RealAudio/Caucasian (European)/women/id00071,RealVideo-RealAudio/Caucasian (European)/women/id00071/00014.mp4,/Users/jeevikakiran/Documents/USC/Multimodal/Project/FakeAVCeleb_v1.2/FakeAVCeleb_v1.2/RealVideo-RealAudio/Caucasian (European)/women/id00071/00014.mp4,1,0,0,0,REAL,train,1.0,7.961286544799805,7.119292259216309,1.0,ok,,/Users/jeevikakiran/Documents/USC/Multimodal/Project/syncnet_work_pretrained/pycrop/id00071__00014__a0b1ec2189/00000.avi,0.4141003160288435
id01170__00021_id00476_wavtolip__31f729e2f5,id01170,id00476,-,wav2lip,C,FakeVideo-RealAudio,African,men,00021_id00476_wavtolip.mp4,FakeVideo-RealAudio/African/men/id01170,FakeVideo-RealAudio/African/men/id01170/00021_id00476_wavtolip.mp4,/Users/jeevikakiran/Documents/USC/Multimodal/Project/FakeAVCeleb_v1.2/FakeAVCeleb_v1.2/FakeVideo-RealAudio/African/men/id01170/00021_id00476_wavtolip.mp4,1,1,0,1,FAKE,train,-2.0,6.41751766204834,8.206704139709473,1.0,ok,,/Users/jeevikakiran/Documents/USC/Multimodal/Project/syncnet_work_pretrained/pycrop/id01170__00021_id00476_wavtolip__31f729e2f5/00000.avi,0.4739388959358413
id02365__00028__ea9960f8d7,id02365,-,-,real,A,RealVideo-RealAudio,Asian (East),men,00028.mp4,RealVideo-RealAudio/Asian (East)/men/id02365,RealVideo-RealAudio/Asian (East)/men/id02365/00028.mp4,/Users/jeevikakiran/Documents/USC/Multimodal/Project/FakeAVCeleb_v1.2/FakeAVCeleb_v1.2/RealVideo-RealAudio/Asian (East)/men/id02365/00028.mp4,1,0,0,0,REAL,train,-2.0,6.2067975997924805,8.338484764099121,1.0,ok,,/Users/jeevikakiran/Documents/USC/Multimodal/Project/syncnet_work_pretrained/pycrop/id02365__00028__ea9960f8d7/00000.avi,0.4590618747932753
id03658__00077__988fb17081,id03658,-,-,real,A,RealVideo-RealAudio,African,women,00077.mp4,RealVideo-RealAudio/African/women/id03658,RealVideo-RealAudio/African/women/id03658/00077.mp4,/Users/jeevikakiran/Documents/USC/Multimodal/Project/FakeAVCeleb_v1.2/FakeAVCeleb_v1.2/RealVideo-RealAudio/African/women/id03658/00077.mp4,1,0,0,0,REAL,train,-1.0,5.937091827392578,8.270423889160156,1.0,ok,,/Users/jeevikakiran/Documents/USC/Multimodal/Project/syncnet_work_pretrained/pycrop/id03658__00077__988fb17081/00000.avi,0.24694749602568963
id04219__00130__3dc53cd9d4,id04219,-,-,real,A,RealVideo-RealAudio,Caucasian (American),men,00130.mp4,RealVideo-RealAudio/Caucasian (American)/men/id04219,RealVideo-RealAudio/Caucasian (American)/men/id04219/00130.mp4,/Users/jeevikakiran/Documents/USC/Multimodal/Project/FakeAVCeleb_v1.2/FakeAVCeleb_v1.2/RealVideo-RealAudio/Caucasian (American)/men/id04219/00130.mp4,1,0,0,0,REAL,train,-1.0,6.2800750732421875,8.02757453918457,1.0,ok,,/Users/jeevikakiran/Documents/USC/Multimodal/Project/syncnet_work_pretrained/pycrop/id04219__00130__3dc53cd9d4/00000.avi,0.2562596728431928
id00171__00092__758f9b8c06,id00171,-,-,real,A,RealVideo-RealAudio,Caucasian (European),men,00092.mp4,RealVideo-RealAudio/Caucasian (European)/men/id00171,RealVideo-RealAudio/Caucasian (European)/men/id00171/00092.mp4,/Users/jeevikakiran/Documents/USC/Multimodal/Project/FakeAVCeleb_v1.2/FakeAVCeleb_v1.2/RealVideo-RealAudio/Caucasian (European)/men/id00171/00092.mp4,1,0,0,0,REAL,train,0.0,5.625295639038086,8.798711776733398,1.0,ok,,/Users/jeevikakiran/Documents/USC/Multimodal/Project/syncnet_work_pretrained/pycrop/id00171__00092__758f9b8c06/00000.avi,0.2467815727497484
id03656__00052_3_id00371_wavtolip__3d0049f248,id03656,3,-,faceswap-wav2lip,D,FakeVideo-FakeAudio,African,women,00052_3_id00371_wavtolip.mp4,FakeVideo-FakeAudio/African/women/id03656,FakeVideo-FakeAudio/African/women/id03656/00052_3_id00371_wavtolip.mp4,/Users/jeevikakiran/Documents/USC/Multimodal/Project/FakeAVCeleb_v1.2/FakeAVCeleb_v1.2/FakeVideo-FakeAudio/African/women/id03656/00052_3_id00371_wavtolip.mp4,1,1,1,1,FAKE,train,-2.0,7.29035758972168,8.2022123336792,1.0,ok,,/Users/jeevikakiran/Documents/USC/Multimodal/Project/syncnet_work_pretrained/pycrop/id03656__00052_3_id00371_wavtolip__3d0049f248/00000.avi,0.7420807002886048
id07108__00412_id06334_wavtolip__c0f2d00e61,id07108,id06334,-,wav2lip,C,FakeVideo-RealAudio,Asian (South),men,00412_id06334_wavtolip.mp4,FakeVideo-RealAudio/Asian (South)/men/id07108,FakeVideo-RealAudio/Asian (South)/men/id07108/00412_id06334_wavtolip.mp4,/Users/jeevikakiran/Documents/USC/Multimodal/Project/FakeAVCeleb_v1.2/FakeAVCeleb_v1.2/FakeVideo-RealAudio/Asian (South)/men/id07108/00412_id06334_wavtolip.mp4,1,1,0,1,FAKE,train,-2.0,5.666801452636719,8.821617126464844,1.0,ok,,/Users/jeevikakiran/Documents/USC/Multimodal/Project/syncnet_work_pretrained/pycrop/id07108__00412_id06334_wavtolip__c0f2d00e61/00000.avi,0.48202932350340594
id03559__00023_id06232_gipuw_fvbem_id06439_wavtolip__9ddd3f3c04,id03559,id06232,id06439,fsgan-wav2lip,D,FakeVideo-FakeAudio,Asian (South),women,00023_id06232_GiPuw-FvbeM_id06439_wavtolip.mp4,FakeVideo-FakeAudio/Asian (South)/women/id03559,FakeVideo-FakeAudio/Asian (South)/women/id03559/00023_id06232_GiPuw-FvbeM_id06439_wavtolip.mp4,/Users/jeevikakiran/Documents/USC/Multimodal/Project/FakeAVCeleb_v1.2/FakeAVCeleb_v1.2/FakeVideo-FakeAudio/Asian (South)/women/id03559/00023_id06232_GiPuw-FvbeM_id06439_wavtolip.mp4,1,1,1,1,FAKE,train,-2.0,8.41543960571289,6.445401668548584,1.0,ok,,/Users/jeevikakiran/Documents/USC/Multimodal/Project/syncnet_work_pretrained/pycrop/id03559__00023_id06232_gipuw_fvbem_id06439_wavtolip__9ddd3f3c04/00000.avi,0.40101707860248154
id01102__00197__63635b5e49,id01102,-,-,real,A,RealVideo-RealAudio,Caucasian (European),men,00197.mp4,RealVideo-RealAudio/Caucasian (European)/men/id01102,RealVideo-RealAudio/Caucasian (European)/men/id01102/00197.mp4,/Users/jeevikakiran/Documents/USC/Multimodal/Project/FakeAVCeleb_v1.2/FakeAVCeleb_v1.2/RealVideo-RealAudio/Caucasian (European)/men/id01102/00197.mp4,1,0,0,0,REAL,train,0.0,5.871363162994385,7.629910945892334,1.0,ok,,/Users/jeevikakiran/Documents/USC/Multimodal/Project/syncnet_work_pretrained/pycrop/id01102__00197__63635b5e49/00000.avi,0.05959969083529849
id06428__00043__9c2c14597f,id06428,-,-,real,A,RealVideo-RealAudio,Asian (South),women,00043.mp4,RealVideo-RealAudio/Asian (South)/women/id06428,RealVideo-RealAudio/Asian (South)/women/id06428/00043.mp4,/Users/jeevikakiran/Documents/USC/Multimodal/Project/FakeAVCeleb_v1.2/FakeAVCeleb_v1.2/RealVideo-RealAudio/Asian (South)/women/id06428/00043.mp4,1,0,0,0,REAL,val,-1.0,6.782939910888672,7.9309587478637695,1.0,ok,,/Users/jeevikakiran/Documents/USC/Multimodal/Project/syncnet_work_pretrained/pycrop/id06428__00043__9c2c14597f/00000.avi,0.36465879134003976
id01392__00167_3__d381ce6bca,id01392,3.mp4,-,faceswap,C,FakeVideo-RealAudio,African,men,00167_3.mp4,FakeVideo-RealAudio/African/men/id01392,FakeVideo-RealAudio/African/men/id01392/00167_3.mp4,/Users/jeevikakiran/Documents/USC/Multimodal/Project/FakeAVCeleb_v1.2/FakeAVCeleb_v1.2/FakeVideo-RealAudio/African/men/id01392/00167_3.mp4,1,1,0,1,FAKE,train,0.0,4.660552978515625,8.836249351501465,2.0,ok,,/Users/jeevikakiran/Documents/USC/Multimodal/Project/syncnet_work_pretrained/pycrop/id01392__00167_3__d381ce6bca/00001.avi,0.08752019318686335
id01172__00015__dd2b45c296,id01172,-,-,real,A,RealVideo-RealAudio,Caucasian (American),men,00015.mp4,RealVideo-RealAudio/Caucasian (American)/men/id01172,RealVideo-RealAudio/Caucasian (American)/men/id01172/00015.mp4,/Users/jeevikakiran/Documents/USC/Multimodal/Project/FakeAVCeleb_v1.2/FakeAVCeleb_v1.2/RealVideo-RealAudio/Caucasian (American)/men/id01172/00015.mp4,1,0,0,0,REAL,train,-3.0,7.256753444671631,7.616289138793945,1.0,ok,,/Users/jeevikakiran/Documents/USC/Multimodal/Project/syncnet_work_pretrained/pycrop/id01172__00015__dd2b45c296/00000.avi,0.6219791726662512
id00025__00025_id01004_867wlj7gw68__494dc2de4f,id00025,id01004,-,fsgan,C,FakeVideo-RealAudio,Caucasian (American),women,00025_id01004_867Wlj7Gw68.mp4,FakeVideo-RealAudio/Caucasian (American)/women/id00025,FakeVideo-RealAudio/Caucasian (American)/women/id00025/00025_id01004_867Wlj7Gw68.mp4,/Users/jeevikakiran/Documents/USC/Multimodal/Project/FakeAVCeleb_v1.2/FakeAVCeleb_v1.2/FakeVideo-RealAudio/Caucasian (American)/women/id00025/00025_id01004_867Wlj7Gw68.mp4,1,1,0,1,FAKE,val,1.0,5.261874198913574,8.759541511535645,1.0,ok,,/Users/jeevikakiran/Documents/USC/Multimodal/Project/syncnet_work_pretrained/pycrop/id00025__00025_id01004_867wlj7gw68__494dc2de4f/00000.avi,0.23259528948124822
id00265__00130__1aeaf3283f,id00265,-,-,real,A,RealVideo-RealAudio,Caucasian (European),men,00130.mp4,RealVideo-RealAudio/Caucasian (European)/men/id00265,RealVideo-RealAudio/Caucasian (European)/men/id00265/00130.mp4,/Users/jeevikakiran/Documents/USC/Multimodal/Project/FakeAVCeleb_v1.2/FakeAVCeleb_v1.2/RealVideo-RealAudio/Caucasian (European)/men/id00265/00130.mp4,1,0,0,0,REAL,train,0.0,3.771818161010742,9.272493362426758,1.0,ok,,/Users/jeevikakiran/Documents/USC/Multimodal/Project/syncnet_work_pretrained/pycrop/id00265__00130__1aeaf3283f/00000.avi,0.05742305426443354
id00265__00130_id00241_dli4wqsfwbi__38b95c7d42,id00265,id00241,-,fsgan,C,FakeVideo-RealAudio,Caucasian (European),men,00130_id00241_DlI4wqSFwbI.mp4,FakeVideo-RealAudio/Caucasian (European)/men/id00265,FakeVideo-RealAudio/Caucasian (European)/men/id00265/00130_id00241_DlI4wqSFwbI.mp4,/Users/jeevikakiran/Documents/USC/Multimodal/Project/FakeAVCeleb_v1.2/FakeAVCeleb_v1.2/FakeVideo-RealAudio/Caucasian (European)/men/id00265/00130_id00241_DlI4wqSFwbI.mp4,1,1,0,1,FAKE,train,0.0,2.831920623779297,9.153186798095703,1.0,ok,,/Users/jeevikakiran/Documents/USC/Multimodal/Project/syncnet_work_pretrained/pycrop/id00265__00130_id00241_dli4wqsfwbi__38b95c7d42/00000.avi,0.013952926844657024
id06254__00043_id03559_wavtolip__b7ad8e7a72,id06254,id03559,-,wav2lip,D,FakeVideo-FakeAudio,Asian (South),women,00043_id03559_wavtolip.mp4,FakeVideo-FakeAudio/Asian (South)/women/id06254,FakeVideo-FakeAudio/Asian (South)/women/id06254/00043_id03559_wavtolip.mp4,/Users/jeevikakiran/Documents/USC/Multimodal/Project/FakeAVCeleb_v1.2/FakeAVCeleb_v1.2/FakeVideo-FakeAudio/Asian (South)/women/id06254/00043_id03559_wavtolip.mp4,1,1,1,1,FAKE,train,-2.0,7.329329490661621,7.303481101989746,1.0,ok,,/Users/jeevikakiran/Documents/USC/Multimodal/Project/syncnet_work_pretrained/pycrop/id06254__00043_id03559_wavtolip__b7ad8e7a72/00000.avi,0.39949610198594776
id00076__00109__c75f80e7e6,id00076,-,-,real,A,RealVideo-RealAudio,African,men,00109.mp4,RealVideo-RealAudio/African/men/id00076,RealVideo-RealAudio/African/men/id00076/00109.mp4,/Users/jeevikakiran/Documents/USC/Multimodal/Project/FakeAVCeleb_v1.2/FakeAVCeleb_v1.2/RealVideo-RealAudio/African/men/id00076/00109.mp4,1,0,0,0,REAL,train,-1.0,6.6542558670043945,7.283111572265625,1.0,ok,,/Users/jeevikakiran/Documents/USC/Multimodal/Project/syncnet_work_pretrained/pycrop/id00076__00109__c75f80e7e6/00000.avi,0.13934819968960876
id00306__00015__81b9b37370,id00306,-,-,real,A,RealVideo-RealAudio,Caucasian (European),men,00015.mp4,RealVideo-RealAudio/Caucasian (European)/men/id00306,RealVideo-RealAudio/Caucasian (European)/men/id00306/00015.mp4,/Users/jeevikakiran/Documents/USC/Multimodal/Project/FakeAVCeleb_v1.2/FakeAVCeleb_v1.2/RealVideo-RealAudio/Caucasian (European)/men/id00306/00015.mp4,1,0,0,0,REAL,val,-3.0,6.552667140960693,7.72691535949707,1.0,ok,,/Users/jeevikakiran/Documents/USC/Multimodal/Project/syncnet_work_pretrained/pycrop/id00306__00015__81b9b37370/00000.avi,0.435821891737235
id07799__00063_id06158_c6fphdeweza__328215905b,id07799,id06158,-,fsgan,C,FakeVideo-RealAudio,Asian (East),women,00063_id06158_C6FpHdewEzA.mp4,FakeVideo-RealAudio/Asian (East)/women/id07799,FakeVideo-RealAudio/Asian (East)/women/id07799/00063_id06158_C6FpHdewEzA.mp4,/Users/jeevikakiran/Documents/USC/Multimodal/Project/FakeAVCeleb_v1.2/FakeAVCeleb_v1.2/FakeVideo-RealAudio/Asian (East)/women/id07799/00063_id06158_C6FpHdewEzA.mp4,1,1,0,1,FAKE,train,-6.0,5.145882606506348,9.199872016906738,1.0,ok,,/Users/jeevikakiran/Documents/USC/Multimodal/Project/syncnet_work_pretrained/pycrop/id07799__00063_id06158_c6fphdeweza__328215905b/00000.avi,0.8542439608975123
id02553__00043_2_id02332_wavtolip__d1c4c212c2,id02553,2,-,faceswap-wav2lip,D,FakeVideo-FakeAudio,Asian (East),men,00043_2_id02332_wavtolip.mp4,FakeVideo-FakeAudio/Asian (East)/men/id02553,FakeVideo-FakeAudio/Asian (East)/men/id02553/00043_2_id02332_wavtolip.mp4,/Users/jeevikakiran/Documents/USC/Multimodal/Project/FakeAVCeleb_v1.2/FakeAVCeleb_v1.2/FakeVideo-FakeAudio/Asian (East)/men/id02553/00043_2_id02332_wavtolip.mp4,1,1,1,1,FAKE,train,-2.0,8.69234848022461,6.710874557495117,1.0,ok,,/Users/jeevikakiran/Documents/USC/Multimodal/Project/syncnet_work_pretrained/pycrop/id02553__00043_2_id02332_wavtolip__d1c4c212c2/00000.avi,0.6028901268030331
id02296__00019_fake__7817c39b14,id02296,fake.mp4,-,rtvc,B,RealVideo-FakeAudio,African,men,00019_fake.mp4,RealVideo-FakeAudio/African/men/id02296,RealVideo-FakeAudio/African/men/id02296/00019_fake.mp4,/Users/jeevikakiran/Documents/USC/Multimodal/Project/FakeAVCeleb_v1.2/FakeAVCeleb_v1.2/RealVideo-FakeAudio/African/men/id02296/00019_fake.mp4,1,0,1,1,FAKE,train,12.0,1.4773750305175781,12.838949203491211,1.0,ok,,/Users/jeevikakiran/Documents/USC/Multimodal/Project/syncnet_work_pretrained/pycrop/id02296__00019_fake__7817c39b14/00000.avi,0.9971169991688713
id07200__00045_id00816_bfudchqbkpo_id00745_wavtolip__a84cc31cb9,id07200,id00816,id00745,fsgan-wav2lip,D,FakeVideo-FakeAudio,Asian (South),men,00045_id00816_BFudcHqBkpo_id00745_wavtolip.mp4,FakeVideo-FakeAudio/Asian (South)/men/id07200,FakeVideo-FakeAudio/Asian (South)/men/id07200/00045_id00816_BFudcHqBkpo_id00745_wavtolip.mp4,/Users/jeevikakiran/Documents/USC/Multimodal/Project/FakeAVCeleb_v1.2/FakeAVCeleb_v1.2/FakeVideo-FakeAudio/Asian (South)/men/id07200/00045_id00816_BFudcHqBkpo_id00745_wavtolip.mp4,1,1,1,1,FAKE,train,-2.0,9.054374694824219,5.988274097442627,1.0,ok,,/Users/jeevikakiran/Documents/USC/Multimodal/Project/syncnet_work_pretrained/pycrop/id07200__00045_id00816_bfudchqbkpo_id00745_wavtolip__a84cc31cb9/00000.avi,0.4213888319130915
id05478__00135__74c4bffb65,id05478,-,-,real,A,RealVideo-RealAudio,Asian (South),women,00135.mp4,RealVideo-RealAudio/Asian (South)/women/id05478,RealVideo-RealAudio/Asian (South)/women/id05478/00135.mp4,/Users/jeevikakiran/Documents/USC/Multimodal/Project/FakeAVCeleb_v1.2/FakeAVCeleb_v1.2/RealVideo-RealAudio/Asian (South)/women/id05478/00135.mp4,1,0,0,0,REAL,train,-1.0,4.344411849975586,9.224900245666504,1.0,ok,,/Users/jeevikakiran/Documents/USC/Multimodal/Project/syncnet_work_pretrained/pycrop/id05478__00135__74c4bffb65/00000.avi,0.16288375112186423
id00103__00241__a55c85a460,id00103,-,-,real,A,RealVideo-RealAudio,Asian (South),men,00241.mp4,RealVideo-RealAudio/Asian (South)/men/id00103,RealVideo-RealAudio/Asian (South)/men/id00103/00241.mp4,/Users/jeevikakiran/Documents/USC/Multimodal/Project/FakeAVCeleb_v1.2/FakeAVCeleb_v1.2/RealVideo-RealAudio/Asian (South)/men/id00103/00241.mp4,1,0,0,0,REAL,train,-1.0,3.648928642272949,9.041705131530762,1.0,ok,,/Users/jeevikakiran/Documents/USC/Multimodal/Project/syncnet_work_pretrained/pycrop/id00103__00241__a55c85a460/00000.avi,0.05328679240731301
id00616__00305__dfe75d9ed3,id00616,-,-,real,A,RealVideo-RealAudio,Caucasian (American),women,00305.mp4,RealVideo-RealAudio/Caucasian (American)/women/id00616,RealVideo-RealAudio/Caucasian (American)/women/id00616/00305.mp4,/Users/jeevikakiran/Documents/USC/Multimodal/Project/FakeAVCeleb_v1.2/FakeAVCeleb_v1.2/RealVideo-RealAudio/Caucasian (American)/women/id00616/00305.mp4,1,0,0,0,REAL,train,-1.0,4.880250930786133,8.874761581420898,1.0,ok,,/Users/jeevikakiran/Documents/USC/Multimodal/Project/syncnet_work_pretrained/pycrop/id00616__00305__dfe75d9ed3/00000.avi,0.18089742953453722
id01042__00154__76229209ee,id01042,-,-,real,A,RealVideo-RealAudio,Caucasian (American),men,00154.mp4,RealVideo-RealAudio/Caucasian (American)/men/id01042,RealVideo-RealAudio/Caucasian (American)/men/id01042/00154.mp4,/Users/jeevikakiran/Documents/USC/Multimodal/Project/FakeAVCeleb_v1.2/FakeAVCeleb_v1.2/RealVideo-RealAudio/Caucasian (American)/men/id01042/00154.mp4,1,0,0,0,REAL,train,-2.0,5.9936137199401855,7.878446578979492,1.0,ok,,/Users/jeevikakiran/Documents/USC/Multimodal/Project/syncnet_work_pretrained/pycrop/id01042__00154__76229209ee/00000.avi,0.2269065583779763
id03651__00092__e4c3763ebf,id03651,-,-,real,A,RealVideo-RealAudio,Caucasian (European),women,00092.mp4,RealVideo-RealAudio/Caucasian (European)/women/id03651,RealVideo-RealAudio/Caucasian (European)/women/id03651/00092.mp4,/Users/jeevikakiran/Documents/USC/Multimodal/Project/FakeAVCeleb_v1.2/FakeAVCeleb_v1.2/RealVideo-RealAudio/Caucasian (European)/women/id03651/00092.mp4,1,0,0,0,REAL,train,-1.0,5.357448577880859,7.620238780975342,1.0,ok,,/Users/jeevikakiran/Documents/USC/Multimodal/Project/syncnet_work_pretrained/pycrop/id03651__00092__e4c3763ebf/00000.avi,0.04795946814380622
id04526__00317__fef1014a18,id04526,-,-,real,A,RealVideo-RealAudio,Asian (South),men,00317.mp4,RealVideo-RealAudio/Asian (South)/men/id04526,RealVideo-RealAudio/Asian (South)/men/id04526/00317.mp4,/Users/jeevikakiran/Documents/USC/Multimodal/Project/FakeAVCeleb_v1.2/FakeAVCeleb_v1.2/RealVideo-RealAudio/Asian (South)/men/id04526/00317.mp4,1,0,0,0,REAL,train,-2.0,6.547996520996094,8.311747550964355,1.0,ok,,/Users/jeevikakiran/Documents/USC/Multimodal/Project/syncnet_work_pretrained/pycrop/id04526__00317__fef1014a18/00000.avi,0.5615922893893791
id00271__00028_id00806_wavtolip__829ead0343,id00271,id00806,-,wav2lip,D,FakeVideo-FakeAudio,Caucasian (European),women,00028_id00806_wavtolip.mp4,FakeVideo-FakeAudio/Caucasian (European)/women/id00271,FakeVideo-FakeAudio/Caucasian (European)/women/id00271/00028_id00806_wavtolip.mp4,/Users/jeevikakiran/Documents/USC/Multimodal/Project/FakeAVCeleb_v1.2/FakeAVCeleb_v1.2/FakeVideo-FakeAudio/Caucasian (European)/women/id00271/00028_id00806_wavtolip.mp4,1,1,1,1,FAKE,train,-2.0,8.060847282409668,7.533793449401856,1.0,ok,,/Users/jeevikakiran/Documents/USC/Multimodal/Project/syncnet_work_pretrained/pycrop/id00271__00028_id00806_wavtolip__829ead0343/00000.avi,0.7232367808548911
id07338__00003_fake__5e34441ae4,id07338,fake.mp4,-,rtvc,B,RealVideo-FakeAudio,Asian (East),men,00003_fake.mp4,RealVideo-FakeAudio/Asian (East)/men/id07338,RealVideo-FakeAudio/Asian (East)/men/id07338/00003_fake.mp4,/Users/jeevikakiran/Documents/USC/Multimodal/Project/FakeAVCeleb_v1.2/FakeAVCeleb_v1.2/RealVideo-FakeAudio/Asian (East)/men/id07338/00003_fake.mp4,1,0,1,1,FAKE,train,-15.0,1.4710798263549805,11.890918731689451,1.0,ok,,/Users/jeevikakiran/Documents/USC/Multimodal/Project/syncnet_work_pretrained/pycrop/id07338__00003_fake__5e34441ae4/00000.avi,0.9965379391503582
id04705__00408__f1a97316ad,id04705,-,-,real,A,RealVideo-RealAudio,African,women,00408.mp4,RealVideo-RealAudio/African/women/id04705,RealVideo-RealAudio/African/women/id04705/00408.mp4,/Users/jeevikakiran/Documents/USC/Multimodal/Project/FakeAVCeleb_v1.2/FakeAVCeleb_v1.2/RealVideo-RealAudio/African/women/id04705/00408.mp4,1,0,0,0,REAL,train,1.0,6.524917125701904,7.703537464141846,1.0,ok,,/Users/jeevikakiran/Documents/USC/Multimodal/Project/syncnet_work_pretrained/pycrop/id04705__00408__f1a97316ad/00000.avi,0.2167932252406106
id02365__00028_fake__a892145426,id02365,fake.mp4,-,rtvc,B,RealVideo-FakeAudio,Asian (East),men,00028_fake.mp4,RealVideo-FakeAudio/Asian (East)/men/id02365,RealVideo-FakeAudio/Asian (East)/men/id02365/00028_fake.mp4,/Users/jeevikakiran/Documents/USC/Multimodal/Project/FakeAVCeleb_v1.2/FakeAVCeleb_v1.2/RealVideo-FakeAudio/Asian (East)/men/id02365/00028_fake.mp4,1,0,1,1,FAKE,train,15.0,2.54500675201416,12.114239692687988,1.0,ok,,/Users/jeevikakiran/Documents/USC/Multimodal/Project/syncnet_work_pretrained/pycrop/id02365__00028_fake__a892145426/00000.avi,0.9994345085888776
id01005__00028__f3f609f718,id01005,-,-,real,A,RealVideo-RealAudio,Caucasian (American),women,00028.mp4,RealVideo-RealAudio/Caucasian (American)/women/id01005,RealVideo-RealAudio/Caucasian (American)/women/id01005/00028.mp4,/Users/jeevikakiran/Documents/USC/Multimodal/Project/FakeAVCeleb_v1.2/FakeAVCeleb_v1.2/RealVideo-RealAudio/Caucasian (American)/women/id01005/00028.mp4,1,0,0,0,REAL,train,-2.0,6.287993907928467,7.987026214599609,2.0,ok,,/Users/jeevikakiran/Documents/USC/Multimodal/Project/syncnet_work_pretrained/pycrop/id01005__00028__f3f609f718/00001.avi,0.34333545926640263
id06054__00010__f9a5c1d06f,id06054,-,-,real,A,RealVideo-RealAudio,Asian (East),women,00010.mp4,RealVideo-RealAudio/Asian (East)/women/id06054,RealVideo-RealAudio/Asian (East)/women/id06054/00010.mp4,/Users/jeevikakiran/Documents/USC/Multimodal/Project/FakeAVCeleb_v1.2/FakeAVCeleb_v1.2/RealVideo-RealAudio/Asian (East)/women/id06054/00010.mp4,1,0,0,0,REAL,val,-1.0,5.6107072830200195,8.374232292175293,1.0,ok,,/Users/jeevikakiran/Documents/USC/Multimodal/Project/syncnet_work_pretrained/pycrop/id06054__00010__f9a5c1d06f/00000.avi,0.20152083588769507
id01098__00044_fake__d04477a523,id01098,fake.mp4,-,rtvc,B,RealVideo-FakeAudio,Caucasian (European),men,00044_fake.mp4,RealVideo-FakeAudio/Caucasian (European)/men/id01098,RealVideo-FakeAudio/Caucasian (European)/men/id01098/00044_fake.mp4,/Users/jeevikakiran/Documents/USC/Multimodal/Project/FakeAVCeleb_v1.2/FakeAVCeleb_v1.2/RealVideo-FakeAudio/Caucasian (European)/men/id01098/00044_fake.mp4,1,0,1,1,FAKE,val,-2.0,1.1116828918457031,13.687195777893066,1.0,ok,,/Users/jeevikakiran/Documents/USC/Multimodal/Project/syncnet_work_pretrained/pycrop/id01098__00044_fake__d04477a523/00000.avi,0.8848511629036954
id02586__00042__92d32d224d,id02586,-,-,real,A,RealVideo-RealAudio,African,women,00042.mp4,RealVideo-RealAudio/African/women/id02586,RealVideo-RealAudio/African/women/id02586/00042.mp4,/Users/jeevikakiran/Documents/USC/Multimodal/Project/FakeAVCeleb_v1.2/FakeAVCeleb_v1.2/RealVideo-RealAudio/African/women/id02586/00042.mp4,1,0,0,0,REAL,train,-2.0,6.431424140930176,8.086053848266602,1.0,ok,,/Users/jeevikakiran/Documents/USC/Multimodal/Project/syncnet_work_pretrained/pycrop/id02586__00042__92d32d224d/00000.avi,0.42817304720241967
id08397__00167__11fa00632d,id08397,-,-,real,A,RealVideo-RealAudio,Asian (East),women,00167.mp4,RealVideo-RealAudio/Asian (East)/women/id08397,RealVideo-RealAudio/Asian (East)/women/id08397/00167.mp4,/Users/jeevikakiran/Documents/USC/Multimodal/Project/FakeAVCeleb_v1.2/FakeAVCeleb_v1.2/RealVideo-RealAudio/Asian (East)/women/id08397/00167.mp4,1,0,0,0,REAL,val,1.0,6.662928581237793,7.642579555511475,1.0,ok,,/Users/jeevikakiran/Documents/USC/Multimodal/Project/syncnet_work_pretrained/pycrop/id08397__00167__11fa00632d/00000.avi,0.23102741345636482
id01163__00195__7e3f3809b5,id01163,-,-,real,A,RealVideo-RealAudio,Caucasian (American),men,00195.mp4,RealVideo-RealAudio/Caucasian (American)/men/id01163,RealVideo-RealAudio/Caucasian (American)/men/id01163/00195.mp4,/Users/jeevikakiran/Documents/USC/Multimodal/Project/FakeAVCeleb_v1.2/FakeAVCeleb_v1.2/RealVideo-RealAudio/Caucasian (American)/men/id01163/00195.mp4,1,0,0,0,REAL,train,2.0,5.257847785949707,8.850566864013672,1.0,ok,,/Users/jeevikakiran/Documents/USC/Multimodal/Project/syncnet_work_pretrained/pycrop/id01163__00195__7e3f3809b5/00000.avi,0.36108679554437706
id00055__00120__f49e2c1924,id00055,-,-,real,A,RealVideo-RealAudio,Caucasian (European),men,00120.mp4,RealVideo-RealAudio/Caucasian (European)/men/id00055,RealVideo-RealAudio/Caucasian (European)/men/id00055/00120.mp4,/Users/jeevikakiran/Documents/USC/Multimodal/Project/FakeAVCeleb_v1.2/FakeAVCeleb_v1.2/RealVideo-RealAudio/Caucasian (European)/men/id00055/00120.mp4,1,0,0,0,REAL,train,-1.0,8.052449226379395,6.648232460021973,1.0,ok,,/Users/jeevikakiran/Documents/USC/Multimodal/Project/syncnet_work_pretrained/pycrop/id00055__00120__f49e2c1924/00000.avi,0.2650544086925628
id04561__00248__824dc2a800,id04561,-,-,real,A,RealVideo-RealAudio,Asian (South),men,00248.mp4,RealVideo-RealAudio/Asian (South)/men/id04561,RealVideo-RealAudio/Asian (South)/men/id04561/00248.mp4,/Users/jeevikakiran/Documents/USC/Multimodal/Project/FakeAVCeleb_v1.2/FakeAVCeleb_v1.2/RealVideo-RealAudio/Asian (South)/men/id04561/00248.mp4,1,0,0,0,REAL,train,-1.0,4.692714691162109,8.492355346679688,1.0,ok,,/Users/jeevikakiran/Documents/USC/Multimodal/Project/syncnet_work_pretrained/pycrop/id04561__00248__824dc2a800/00000.avi,0.0826647978105728
id00559__00078__010d9e8577,id00559,-,-,real,A,RealVideo-RealAudio,Caucasian (European),men,00078.mp4,RealVideo-RealAudio/Caucasian (European)/men/id00559,RealVideo-RealAudio/Caucasian (European)/men/id00559/00078.mp4,/Users/jeevikakiran/Documents/USC/Multimodal/Project/FakeAVCeleb_v1.2/FakeAVCeleb_v1.2/RealVideo-RealAudio/Caucasian (European)/men/id00559/00078.mp4,1,0,0,0,REAL,val,0.0,5.867204666137695,8.064234733581543,1.0,ok,,/Users/jeevikakiran/Documents/USC/Multimodal/Project/syncnet_work_pretrained/pycrop/id00559__00078__010d9e8577/00000.avi,0.11595293592837838
id03757__00149__8872a7b1d6,id03757,-,-,real,A,RealVideo-RealAudio,Caucasian (American),men,00149.mp4,RealVideo-RealAudio/Caucasian (American)/men/id03757,RealVideo-RealAudio/Caucasian (American)/men/id03757/00149.mp4,/Users/jeevikakiran/Documents/USC/Multimodal/Project/FakeAVCeleb_v1.2/FakeAVCeleb_v1.2/RealVideo-RealAudio/Caucasian (American)/men/id03757/00149.mp4,1,0,0,0,REAL,train,-1.0,6.115596294403076,7.804775714874268,1.0,ok,,/Users/jeevikakiran/Documents/USC/Multimodal/Project/syncnet_work_pretrained/pycrop/id03757__00149__8872a7b1d6/00000.avi,0.15953418869914227
id04560__00195__27d67623d9,id04560,-,-,real,A,RealVideo-RealAudio,Asian (South),men,00195.mp4,RealVideo-RealAudio/Asian (South)/men/id04560,RealVideo-RealAudio/Asian (South)/men/id04560/00195.mp4,/Users/jeevikakiran/Documents/USC/Multimodal/Project/FakeAVCeleb_v1.2/FakeAVCeleb_v1.2/RealVideo-RealAudio/Asian (South)/men/id04560/00195.mp4,1,0,0,0,REAL,train,-1.0,6.507472991943359,8.089240074157715,1.0,ok,,/Users/jeevikakiran/Documents/USC/Multimodal/Project/syncnet_work_pretrained/pycrop/id04560__00195__27d67623d9/00000.avi,0.3414232011976115
id06428__00043_id05434_6p7kcmdojdq_id05478_wavtolip__913d773c5a,id06428,id05434,id05478,fsgan-wav2lip,D,FakeVideo-FakeAudio,Asian (South),women,00043_id05434_6p7kCmdOjDQ_id05478_wavtolip.mp4,FakeVideo-FakeAudio/Asian (South)/women/id06428,FakeVideo-FakeAudio/Asian (South)/women/id06428/00043_id05434_6p7kCmdOjDQ_id05478_wavtolip.mp4,/Users/jeevikakiran/Documents/USC/Multimodal/Project/FakeAVCeleb_v1.2/FakeAVCeleb_v1.2/FakeVideo-FakeAudio/Asian (South)/women/id06428/00043_id05434_6p7kCmdOjDQ_id05478_wavtolip.mp4,1,1,1,1,FAKE,train,-2.0,5.676057815551758,8.430563926696777,1.0,ok,,/Users/jeevikakiran/Documents/USC/Multimodal/Project/syncnet_work_pretrained/pycrop/id06428__00043_id05434_6p7kcmdojdq_id05478_wavtolip__913d773c5a/00000.avi,0.3275250645587986
id01182__00167__58d867690b,id01182,-,-,real,A,RealVideo-RealAudio,Caucasian (American),men,00167.mp4,RealVideo-RealAudio/Caucasian (American)/men/id01182,RealVideo-RealAudio/Caucasian (American)/men/id01182/00167.mp4,/Users/jeevikakiran/Documents/USC/Multimodal/Project/FakeAVCeleb_v1.2/FakeAVCeleb_v1.2/RealVideo-RealAudio/Caucasian (American)/men/id01182/00167.mp4,1,0,0,0,REAL,train,-1.0,4.75511360168457,8.429756164550781,1.0,ok,,/Users/jeevikakiran/Documents/USC/Multimodal/Project/syncnet_work_pretrained/pycrop/id01182__00167__58d867690b/00000.avi,0.08100574163072305
id00043__00135__ed73ae4f82,id00043,-,-,real,A,RealVideo-RealAudio,Asian (South),women,00135.mp4,RealVideo-RealAudio/Asian (South)/women/id00043,RealVideo-RealAudio/Asian (South)/women/id00043/00135.mp4,/Users/jeevikakiran/Documents/USC/Multimodal/Project/FakeAVCeleb_v1.2/FakeAVCeleb_v1.2/RealVideo-RealAudio/Asian (South)/women/id00043/00135.mp4,1,0,0,0,REAL,train,-1.0,5.469475269317627,7.601253032684326,1.0,ok,,/Users/jeevikakiran/Documents/USC/Multimodal/Project/syncnet_work_pretrained/pycrop/id00043__00135__ed73ae4f82/00000.avi,0.05364216233893861
id00398__00016__c5eb19df29,id00398,-,-,real,A,RealVideo-RealAudio,Caucasian (American),women,00016.mp4,RealVideo-RealAudio/Caucasian (American)/women/id00398,RealVideo-RealAudio/Caucasian (American)/women/id00398/00016.mp4,/Users/jeevikakiran/Documents/USC/Multimodal/Project/FakeAVCeleb_v1.2/FakeAVCeleb_v1.2/RealVideo-RealAudio/Caucasian (American)/women/id00398/00016.mp4,1,0,0,0,REAL,train,0.0,8.146276473999023,7.262333393096924,1.0,ok,,/Users/jeevikakiran/Documents/USC/Multimodal/Project/syncnet_work_pretrained/pycrop/id00398__00016__c5eb19df29/00000.avi,0.4175545153497205
id01597__00005__d6f454e108,id01597,-,-,real,A,RealVideo-RealAudio,African,men,00005.mp4,RealVideo-RealAudio/African/men/id01597,RealVideo-RealAudio/African/men/id01597/00005.mp4,/Users/jeevikakiran/Documents/USC/Multimodal/Project/FakeAVCeleb_v1.2/FakeAVCeleb_v1.2/RealVideo-RealAudio/African/men/id01597/00005.mp4,1,0,0,0,REAL,train,-1.0,5.205134391784668,8.232259750366211,1.0,ok,,/Users/jeevikakiran/Documents/USC/Multimodal/Project/syncnet_work_pretrained/pycrop/id01597__00005__d6f454e108/00000.avi,0.10345165791908088
id00745__00165_id00103_wavtolip__5f2d0e245d,id00745,id00103,-,wav2lip,C,FakeVideo-RealAudio,Asian (South),men,00165_id00103_wavtolip.mp4,FakeVideo-RealAudio/Asian (South)/men/id00745,FakeVideo-RealAudio/Asian (South)/men/id00745/00165_id00103_wavtolip.mp4,/Users/jeevikakiran/Documents/USC/Multimodal/Project/FakeAVCeleb_v1.2/FakeAVCeleb_v1.2/FakeVideo-RealAudio/Asian (South)/men/id00745/00165_id00103_wavtolip.mp4,1,1,0,1,FAKE,train,-2.0,6.376194000244141,8.069189071655273,1.0,ok,,/Users/jeevikakiran/Documents/USC/Multimodal/Project/syncnet_work_pretrained/pycrop/id00745__00165_id00103_wavtolip__5f2d0e245d/00000.avi,0.4033032291007146
id02464__00002__1c402a6604,id02464,-,-,real,A,RealVideo-RealAudio,Caucasian (American),women,00002.mp4,RealVideo-RealAudio/Caucasian (American)/women/id02464,RealVideo-RealAudio/Caucasian (American)/women/id02464/00002.mp4,/Users/jeevikakiran/Documents/USC/Multimodal/Project/FakeAVCeleb_v1.2/FakeAVCeleb_v1.2/RealVideo-RealAudio/Caucasian (American)/women/id02464/00002.mp4,1,0,0,0,REAL,val,-1.0,6.227236747741699,7.223142147064209,1.0,ok,,/Users/jeevikakiran/Documents/USC/Multimodal/Project/syncnet_work_pretrained/pycrop/id02464__00002__1c402a6604/00000.avi,0.07630196403665368
id01002__00043__fa42be591a,id01002,-,-,real,A,RealVideo-RealAudio,Caucasian (European),women,00043.mp4,RealVideo-RealAudio/Caucasian (European)/women/id01002,RealVideo-RealAudio/Caucasian (European)/women/id01002/00043.mp4,/Users/jeevikakiran/Documents/USC/Multimodal/Project/FakeAVCeleb_v1.2/FakeAVCeleb_v1.2/RealVideo-RealAudio/Caucasian (European)/women/id01002/00043.mp4,1,0,0,0,REAL,train,-1.0,5.070996284484863,9.225678443908691,1.0,ok,,/Users/jeevikakiran/Documents/USC/Multimodal/Project/syncnet_work_pretrained/pycrop/id01002__00043__fa42be591a/00000.avi,0.34012914458210824
id01204__00092_fake__e178b9817c,id01204,fake.mp4,-,rtvc,B,RealVideo-FakeAudio,Asian (East),men,00092_fake.mp4,RealVideo-FakeAudio/Asian (East)/men/id01204,RealVideo-FakeAudio/Asian (East)/men/id01204/00092_fake.mp4,/Users/jeevikakiran/Documents/USC/Multimodal/Project/FakeAVCeleb_v1.2/FakeAVCeleb_v1.2/RealVideo-FakeAudio/Asian (East)/men/id01204/00092_fake.mp4,1,0,1,1,FAKE,train,3.0,0.6941299438476562,13.036952018737793,1.0,ok,,/Users/jeevikakiran/Documents/USC/Multimodal/Project/syncnet_work_pretrained/pycrop/id01204__00092_fake__e178b9817c/00000.avi,0.7021791276837952
id00462__00143__13ced39965,id00462,-,-,real,A,RealVideo-RealAudio,Caucasian (American),women,00143.mp4,RealVideo-RealAudio/Caucasian (American)/women/id00462,RealVideo-RealAudio/Caucasian (American)/women/id00462/00143.mp4,/Users/jeevikakiran/Documents/USC/Multimodal/Project/FakeAVCeleb_v1.2/FakeAVCeleb_v1.2/RealVideo-RealAudio/Caucasian (American)/women/id00462/00143.mp4,1,0,0,0,REAL,val,-1.0,7.910584926605225,7.424592018127441,1.0,ok,,/Users/jeevikakiran/Documents/USC/Multimodal/Project/syncnet_work_pretrained/pycrop/id00462__00143__13ced39965/00000.avi,0.525040770094377
id00589__00130_id00897_0ayfw8jhoyi__33da0324c0,id00589,id00897,-,fsgan,C,FakeVideo-RealAudio,Caucasian (European),women,00130_id00897_0ayFw8JhoyI.mp4,FakeVideo-RealAudio/Caucasian (European)/women/id00589,FakeVideo-RealAudio/Caucasian (European)/women/id00589/00130_id00897_0ayFw8JhoyI.mp4,/Users/jeevikakiran/Documents/USC/Multimodal/Project/FakeAVCeleb_v1.2/FakeAVCeleb_v1.2/FakeVideo-RealAudio/Caucasian (European)/women/id00589/00130_id00897_0ayFw8JhoyI.mp4,1,1,0,1,FAKE,train,-1.0,4.773154258728027,9.291194915771484,1.0,ok,,/Users/jeevikakiran/Documents/USC/Multimodal/Project/syncnet_work_pretrained/pycrop/id00589__00130_id00897_0ayfw8jhoyi__33da0324c0/00000.avi,0.27868921825925924
id01239__00280__576e1b82e4,id01239,-,-,real,A,RealVideo-RealAudio,Caucasian (American),men,00280.mp4,RealVideo-RealAudio/Caucasian (American)/men/id01239,RealVideo-RealAudio/Caucasian (American)/men/id01239/00280.mp4,/Users/jeevikakiran/Documents/USC/Multimodal/Project/FakeAVCeleb_v1.2/FakeAVCeleb_v1.2/RealVideo-RealAudio/Caucasian (American)/men/id01239/00280.mp4,1,0,0,0,REAL,train,2.0,7.227541446685791,6.780877113342285,1.0,ok,,/Users/jeevikakiran/Documents/USC/Multimodal/Project/syncnet_work_pretrained/pycrop/id01239__00280__576e1b82e4/00000.avi,0.19376572409263143
id00618__00195__a223a17923,id00618,-,-,real,A,RealVideo-RealAudio,Caucasian (American),women,00195.mp4,RealVideo-RealAudio/Caucasian (American)/women/id00618,RealVideo-RealAudio/Caucasian (American)/women/id00618/00195.mp4,/Users/jeevikakiran/Documents/USC/Multimodal/Project/FakeAVCeleb_v1.2/FakeAVCeleb_v1.2/RealVideo-RealAudio/Caucasian (American)/women/id00618/00195.mp4,1,0,0,0,REAL,train,1.0,6.916474342346191,7.36541223526001,1.0,ok,,/Users/jeevikakiran/Documents/USC/Multimodal/Project/syncnet_work_pretrained/pycrop/id00618__00195__a223a17923/00000.avi,0.20903920010969074
id00476__00109__702247b9b0,id00476,-,-,real,A,RealVideo-RealAudio,African,men,00109.mp4,RealVideo-RealAudio/African/men/id00476,RealVideo-RealAudio/African/men/id00476/00109.mp4,/Users/jeevikakiran/Documents/USC/Multimodal/Project/FakeAVCeleb_v1.2/FakeAVCeleb_v1.2/RealVideo-RealAudio/African/men/id00476/00109.mp4,1,0,0,0,REAL,train,0.0,7.835982799530029,7.039479732513428,1.0,ok,,/Users/jeevikakiran/Documents/USC/Multimodal/Project/syncnet_work_pretrained/pycrop/id00476__00109__702247b9b0/00000.avi,0.24520417503948042
id00745__00165_id04561_tu_uyy5hsvc__567ce4c12f,id00745,id04561,-,fsgan,C,FakeVideo-RealAudio,Asian (South),men,00165_id04561_tU_UYY5hSvc.mp4,FakeVideo-RealAudio/Asian (South)/men/id00745,FakeVideo-RealAudio/Asian (South)/men/id00745/00165_id04561_tU_UYY5hSvc.mp4,/Users/jeevikakiran/Documents/USC/Multimodal/Project/FakeAVCeleb_v1.2/FakeAVCeleb_v1.2/FakeVideo-RealAudio/Asian (South)/men/id00745/00165_id04561_tU_UYY5hSvc.mp4,1,1,0,1,FAKE,train,-1.0,3.0428266525268555,10.552692413330078,1.0,ok,,/Users/jeevikakiran/Documents/USC/Multimodal/Project/syncnet_work_pretrained/pycrop/id00745__00165_id04561_tu_uyy5hsvc__567ce4c12f/00000.avi,0.2424731070666215
id05845__00027__fea5323079,id05845,-,-,real,A,RealVideo-RealAudio,Asian (South),women,00027.mp4,RealVideo-RealAudio/Asian (South)/women/id05845,RealVideo-RealAudio/Asian (South)/women/id05845/00027.mp4,/Users/jeevikakiran/Documents/USC/Multimodal/Project/FakeAVCeleb_v1.2/FakeAVCeleb_v1.2/RealVideo-RealAudio/Asian (South)/women/id05845/00027.mp4,1,0,0,0,REAL,val,-2.0,7.988927364349365,7.030309200286865,1.0,ok,,/Users/jeevikakiran/Documents/USC/Multimodal/Project/syncnet_work_pretrained/pycrop/id05845__00027__fea5323079/00000.avi,0.5036678713654019
id02824__00130__ab056e66b5,id02824,-,-,real,A,RealVideo-RealAudio,African,women,00130.mp4,RealVideo-RealAudio/African/women/id02824,RealVideo-RealAudio/African/women/id02824/00130.mp4,/Users/jeevikakiran/Documents/USC/Multimodal/Project/FakeAVCeleb_v1.2/FakeAVCeleb_v1.2/RealVideo-RealAudio/African/women/id02824/00130.mp4,1,0,0,0,REAL,train,-1.0,5.917590141296387,8.449403762817383,1.0,ok,,/Users/jeevikakiran/Documents/USC/Multimodal/Project/syncnet_work_pretrained/pycrop/id02824__00130__ab056e66b5/00000.avi,0.3017342314010938
id01018__00072_fake__5699d18285,id01018,fake.mp4,-,rtvc,B,RealVideo-FakeAudio,Caucasian (European),women,00072_fake.mp4,RealVideo-FakeAudio/Caucasian (European)/women/id01018,RealVideo-FakeAudio/Caucasian (European)/women/id01018/00072_fake.mp4,/Users/jeevikakiran/Documents/USC/Multimodal/Project/FakeAVCeleb_v1.2/FakeAVCeleb_v1.2/RealVideo-FakeAudio/Caucasian (European)/women/id01018/00072_fake.mp4,1,0,1,1,FAKE,train,15.0,1.1518497467041016,13.63152027130127,1.0,ok,,/Users/jeevikakiran/Documents/USC/Multimodal/Project/syncnet_work_pretrained/pycrop/id01018__00072_fake__5699d18285/00000.avi,0.9997176680512925
id01126__00040_id01156_wavtolip__6430e75a40,id01126,id01156,-,wav2lip,C,FakeVideo-RealAudio,Caucasian (European),men,00040_id01156_wavtolip.mp4,FakeVideo-RealAudio/Caucasian (European)/men/id01126,FakeVideo-RealAudio/Caucasian (European)/men/id01126/00040_id01156_wavtolip.mp4,/Users/jeevikakiran/Documents/USC/Multimodal/Project/FakeAVCeleb_v1.2/FakeAVCeleb_v1.2/FakeVideo-RealAudio/Caucasian (European)/men/id01126/00040_id01156_wavtolip.mp4,1,1,0,1,FAKE,train,-2.0,9.578409194946289,6.087683200836182,1.0,ok,,/Users/jeevikakiran/Documents/USC/Multimodal/Project/syncnet_work_pretrained/pycrop/id01126__00040_id01156_wavtolip__6430e75a40/00000.avi,0.6346813900538881
id06591__00021__25655e3dd7,id06591,-,-,real,A,RealVideo-RealAudio,Asian (East),men,00021.mp4,RealVideo-RealAudio/Asian (East)/men/id06591,RealVideo-RealAudio/Asian (East)/men/id06591/00021.mp4,/Users/jeevikakiran/Documents/USC/Multimodal/Project/FakeAVCeleb_v1.2/FakeAVCeleb_v1.2/RealVideo-RealAudio/Asian (East)/men/id06591/00021.mp4,1,0,0,0,REAL,train,2.0,5.726274490356445,7.841878414154053,1.0,ok,,/Users/jeevikakiran/Documents/USC/Multimodal/Project/syncnet_work_pretrained/pycrop/id06591__00021__25655e3dd7/00000.avi,0.16171335024072106
id04034__00009__116ba997ee,id04034,-,-,real,A,RealVideo-RealAudio,Caucasian (American),men,00009.mp4,RealVideo-RealAudio/Caucasian (American)/men/id04034,RealVideo-RealAudio/Caucasian (American)/men/id04034/00009.mp4,/Users/jeevikakiran/Documents/USC/Multimodal/Project/FakeAVCeleb_v1.2/FakeAVCeleb_v1.2/RealVideo-RealAudio/Caucasian (American)/men/id04034/00009.mp4,1,0,0,0,REAL,train,0.0,7.541780471801758,7.3841376304626465,1.0,ok,,/Users/jeevikakiran/Documents/USC/Multimodal/Project/syncnet_work_pretrained/pycrop/id04034__00009__116ba997ee/00000.avi,0.28156725732472276
id06254__00043_id05845_xfmhm6cewpw__483b2a0e7f,id06254,id05845,-,fsgan,C,FakeVideo-RealAudio,Asian (South),women,00043_id05845_XfMHm6CEwPw.mp4,FakeVideo-RealAudio/Asian (South)/women/id06254,FakeVideo-RealAudio/Asian (South)/women/id06254/00043_id05845_XfMHm6CEwPw.mp4,/Users/jeevikakiran/Documents/USC/Multimodal/Project/FakeAVCeleb_v1.2/FakeAVCeleb_v1.2/FakeVideo-RealAudio/Asian (South)/women/id06254/00043_id05845_XfMHm6CEwPw.mp4,1,1,0,1,FAKE,train,-3.0,4.160688400268555,9.094910621643066,1.0,ok,,/Users/jeevikakiran/Documents/USC/Multimodal/Project/syncnet_work_pretrained/pycrop/id06254__00043_id05845_xfmhm6cewpw__483b2a0e7f/00000.avi,0.24001972373906236
id06269__00005__6813efdcac,id06269,-,-,real,A,RealVideo-RealAudio,Asian (East),men,00005.mp4,RealVideo-RealAudio/Asian (East)/men/id06269,RealVideo-RealAudio/Asian (East)/men/id06269/00005.mp4,/Users/jeevikakiran/Documents/USC/Multimodal/Project/FakeAVCeleb_v1.2/FakeAVCeleb_v1.2/RealVideo-RealAudio/Asian (East)/men/id06269/00005.mp4,1,0,0,0,REAL,train,0.0,8.78515625,5.99721097946167,1.0,ok,,/Users/jeevikakiran/Documents/USC/Multimodal/Project/syncnet_work_pretrained/pycrop/id06269__00005__6813efdcac/00000.avi,0.16628518146291274
id04111__00015__b0862236bc,id04111,-,-,real,A,RealVideo-RealAudio,Asian (East),men,00015.mp4,RealVideo-RealAudio/Asian (East)/men/id04111,RealVideo-RealAudio/Asian (East)/men/id04111/00015.mp4,/Users/jeevikakiran/Documents/USC/Multimodal/Project/FakeAVCeleb_v1.2/FakeAVCeleb_v1.2/RealVideo-RealAudio/Asian (East)/men/id04111/00015.mp4,1,0,0,0,REAL,train,-2.0,7.661871433258057,7.074172019958496,1.0,ok,,/Users/jeevikakiran/Documents/USC/Multimodal/Project/syncnet_work_pretrained/pycrop/id04111__00015__b0862236bc/00000.avi,0.4135669720012832
id00021__00010_fake__8d29c1e880,id00021,fake.mp4,-,rtvc,B,RealVideo-FakeAudio,Caucasian (American),men,00010_fake.mp4,RealVideo-FakeAudio/Caucasian (American)/men/id00021,RealVideo-FakeAudio/Caucasian (American)/men/id00021/00010_fake.mp4,/Users/jeevikakiran/Documents/USC/Multimodal/Project/FakeAVCeleb_v1.2/FakeAVCeleb_v1.2/RealVideo-FakeAudio/Caucasian (American)/men/id00021/00010_fake.mp4,1,0,1,1,FAKE,train,7.0,2.130337715148926,12.469578742980955,1.0,ok,,/Users/jeevikakiran/Documents/USC/Multimodal/Project/syncnet_work_pretrained/pycrop/id00021__00010_fake__8d29c1e880/00000.avi,0.9764036328169803
id00594__00005_id00185_1lsgwpwnl1m_faceswap_id00187_wavtolip__4218d3fc8f,id00594,id00185,faceswap,faceswap-wav2lip,D,FakeVideo-FakeAudio,Caucasian (European),men,00005_id00185_1lsGWpwnl1M_faceswap_id00187_wavtolip.mp4,FakeVideo-FakeAudio/Caucasian (European)/men/id00594,FakeVideo-FakeAudio/Caucasian (European)/men/id00594/00005_id00185_1lsGWpwnl1M_faceswap_id00187_wavtolip.mp4,/Users/jeevikakiran/Documents/USC/Multimodal/Project/FakeAVCeleb_v1.2/FakeAVCeleb_v1.2/FakeVideo-FakeAudio/Caucasian (European)/men/id00594/00005_id00185_1lsGWpwnl1M_faceswap_id00187_wavtolip.mp4,1,1,1,1,FAKE,train,-2.0,9.599285125732422,5.789792060852051,1.0,ok,,/Users/jeevikakiran/Documents/USC/Multimodal/Project/syncnet_work_pretrained/pycrop/id00594__00005_id00185_1lsgwpwnl1m_faceswap_id00187_wavtolip__4218d3fc8f/00000.avi,0.5193980347968387
id01168__00028__8a9220b8b6,id01168,-,-,real,A,RealVideo-RealAudio,Caucasian (American),men,00028.mp4,RealVideo-RealAudio/Caucasian (American)/men/id01168,RealVideo-RealAudio/Caucasian (American)/men/id01168/00028.mp4,/Users/jeevikakiran/Documents/USC/Multimodal/Project/FakeAVCeleb_v1.2/FakeAVCeleb_v1.2/RealVideo-RealAudio/Caucasian (American)/men/id01168/00028.mp4,1,0,0,0,REAL,train,-1.0,8.674795150756836,6.018167018890381,1.0,ok,,/Users/jeevikakiran/Documents/USC/Multimodal/Project/syncnet_work_pretrained/pycrop/id01168__00028__8a9220b8b6/00000.avi,0.2227446333399255
id00332__00293_fake__48032ed48d,id00332,fake.mp4,-,rtvc,B,RealVideo-FakeAudio,Caucasian (European),women,00293_fake.mp4,RealVideo-FakeAudio/Caucasian (European)/women/id00332,RealVideo-FakeAudio/Caucasian (European)/women/id00332/00293_fake.mp4,/Users/jeevikakiran/Documents/USC/Multimodal/Project/FakeAVCeleb_v1.2/FakeAVCeleb_v1.2/RealVideo-FakeAudio/Caucasian (European)/women/id00332/00293_fake.mp4,1,0,1,1,FAKE,train,11.0,0.9268693923950195,13.695372581481934,1.0,ok,,/Users/jeevikakiran/Documents/USC/Multimodal/Project/syncnet_work_pretrained/pycrop/id00332__00293_fake__48032ed48d/00000.avi,0.9977152775881359
id01972__00078_id00518_qm7oqcdg4oi__5bbe3c449e,id01972,id00518,-,fsgan,C,FakeVideo-RealAudio,African,men,00078_id00518_qm7oQcDg4oI.mp4,FakeVideo-RealAudio/African/men/id01972,FakeVideo-RealAudio/African/men/id01972/00078_id00518_qm7oQcDg4oI.mp4,/Users/jeevikakiran/Documents/USC/Multimodal/Project/FakeAVCeleb_v1.2/FakeAVCeleb_v1.2/FakeVideo-RealAudio/African/men/id01972/00078_id00518_qm7oQcDg4oI.mp4,1,1,0,1,FAKE,val,-1.0,1.9190664291381836,10.970181465148926,1.0,ok,,/Users/jeevikakiran/Documents/USC/Multimodal/Project/syncnet_work_pretrained/pycrop/id01972__00078_id00518_qm7oqcdg4oi__5bbe3c449e/00000.avi,0.1257149137595044
id01217__00005__6b5a6c0bf4,id01217,-,-,real,A,RealVideo-RealAudio,Caucasian (American),women,00005.mp4,RealVideo-RealAudio/Caucasian (American)/women/id01217,RealVideo-RealAudio/Caucasian (American)/women/id01217/00005.mp4,/Users/jeevikakiran/Documents/USC/Multimodal/Project/FakeAVCeleb_v1.2/FakeAVCeleb_v1.2/RealVideo-RealAudio/Caucasian (American)/women/id01217/00005.mp4,1,0,0,0,REAL,train,5.0,7.272942543029785,6.931282997131348,1.0,ok,,/Users/jeevikakiran/Documents/USC/Multimodal/Project/syncnet_work_pretrained/pycrop/id01217__00005__6b5a6c0bf4/00000.avi,0.5777233559277731
id02005__00052__226843b7c9,id02005,-,-,real,A,RealVideo-RealAudio,African,men,00052.mp4,RealVideo-RealAudio/African/men/id02005,RealVideo-RealAudio/African/men/id02005/00052.mp4,/Users/jeevikakiran/Documents/USC/Multimodal/Project/FakeAVCeleb_v1.2/FakeAVCeleb_v1.2/RealVideo-RealAudio/African/men/id02005/00052.mp4,1,0,0,0,REAL,train,0.0,6.859888553619385,7.363028049468994,1.0,ok,,/Users/jeevikakiran/Documents/USC/Multimodal/Project/syncnet_work_pretrained/pycrop/id02005__00052__226843b7c9/00000.avi,0.1317729229354268
id00088__00005_id04219_wavtolip__b55b6b9f88,id00088,id04219,-,wav2lip,C,FakeVideo-RealAudio,Caucasian (American),men,00005_id04219_wavtolip.mp4,FakeVideo-RealAudio/Caucasian (American)/men/id00088,FakeVideo-RealAudio/Caucasian (American)/men/id00088/00005_id04219_wavtolip.mp4,/Users/jeevikakiran/Documents/USC/Multimodal/Project/FakeAVCeleb_v1.2/FakeAVCeleb_v1.2/FakeVideo-RealAudio/Caucasian (American)/men/id00088/00005_id04219_wavtolip.mp4,1,1,0,1,FAKE,train,-2.0,9.619414329528809,5.698373794555664,1.0,ok,,/Users/jeevikakiran/Documents/USC/Multimodal/Project/syncnet_work_pretrained/pycrop/id00088__00005_id04219_wavtolip__b55b6b9f88/00000.avi,0.487582737786422
id00087__00002__db8f25fcad,id00087,-,-,real,A,RealVideo-RealAudio,Caucasian (American),men,00002.mp4,RealVideo-RealAudio/Caucasian (American)/men/id00087,RealVideo-RealAudio/Caucasian (American)/men/id00087/00002.mp4,/Users/jeevikakiran/Documents/USC/Multimodal/Project/FakeAVCeleb_v1.2/FakeAVCeleb_v1.2/RealVideo-RealAudio/Caucasian (American)/men/id00087/00002.mp4,1,0,0,0,REAL,train,0.0,3.9928789138793945,9.00131893157959,1.0,ok,,/Users/jeevikakiran/Documents/USC/Multimodal/Project/syncnet_work_pretrained/pycrop/id00087__00002__db8f25fcad/00000.avi,0.04927706065597999
id01920__00099_id00761_wavtolip__37a1a31896,id01920,id00761,-,wav2lip,D,FakeVideo-FakeAudio,African,men,00099_id00761_wavtolip.mp4,FakeVideo-FakeAudio/African/men/id01920,FakeVideo-FakeAudio/African/men/id01920/00099_id00761_wavtolip.mp4,/Users/jeevikakiran/Documents/USC/Multimodal/Project/FakeAVCeleb_v1.2/FakeAVCeleb_v1.2/FakeVideo-FakeAudio/African/men/id01920/00099_id00761_wavtolip.mp4,1,1,1,1,FAKE,train,-2.0,5.90877628326416,8.441940307617188,1.0,ok,,/Users/jeevikakiran/Documents/USC/Multimodal/Project/syncnet_work_pretrained/pycrop/id01920__00099_id00761_wavtolip__37a1a31896/00000.avi,0.4040558256993361
id00592__00017__a1a7698d6d,id00592,-,-,real,A,RealVideo-RealAudio,African,women,00017.mp4,RealVideo-RealAudio/African/women/id00592,RealVideo-RealAudio/African/women/id00592/00017.mp4,/Users/jeevikakiran/Documents/USC/Multimodal/Project/FakeAVCeleb_v1.2/FakeAVCeleb_v1.2/RealVideo-RealAudio/African/women/id00592/00017.mp4,1,0,0,0,REAL,train,-2.0,5.924798488616943,7.720951557159424,1.0,ok,,/Users/jeevikakiran/Documents/USC/Multimodal/Project/syncnet_work_pretrained/pycrop/id00592__00017__a1a7698d6d/00000.avi,0.17026233211399514
id00350__00015__0c8b03d870,id00350,-,-,real,A,RealVideo-RealAudio,Asian (South),men,00015.mp4,RealVideo-RealAudio/Asian (South)/men/id00350,RealVideo-RealAudio/Asian (South)/men/id00350/00015.mp4,/Users/jeevikakiran/Documents/USC/Multimodal/Project/FakeAVCeleb_v1.2/FakeAVCeleb_v1.2/RealVideo-RealAudio/Asian (South)/men/id00350/00015.mp4,1,0,0,0,REAL,train,-3.0,2.6542816162109375,9.544018745422363,1.0,ok,,/Users/jeevikakiran/Documents/USC/Multimodal/Project/syncnet_work_pretrained/pycrop/id00350__00015__0c8b03d870/00000.avi,0.08227730314282905
id07200__00045__5ac197a1d7,id07200,-,-,real,A,RealVideo-RealAudio,Asian (South),men,00045.mp4,RealVideo-RealAudio/Asian (South)/men/id07200,RealVideo-RealAudio/Asian (South)/men/id07200/00045.mp4,/Users/jeevikakiran/Documents/USC/Multimodal/Project/FakeAVCeleb_v1.2/FakeAVCeleb_v1.2/RealVideo-RealAudio/Asian (South)/men/id07200/00045.mp4,1,0,0,0,REAL,train,-1.0,4.580136299133301,9.016291618347168,1.0,ok,,/Users/jeevikakiran/Documents/USC/Multimodal/Project/syncnet_work_pretrained/pycrop/id07200__00045__5ac197a1d7/00000.avi,0.1579837007684092
id06254__00043_id00417_ghizam3v09g__1dd4bf783f,id06254,id00417,-,fsgan,C,FakeVideo-RealAudio,Asian (South),women,00043_id00417_GhIZam3v09g.mp4,FakeVideo-RealAudio/Asian (South)/women/id06254,FakeVideo-RealAudio/Asian (South)/women/id06254/00043_id00417_GhIZam3v09g.mp4,/Users/jeevikakiran/Documents/USC/Multimodal/Project/FakeAVCeleb_v1.2/FakeAVCeleb_v1.2/FakeVideo-RealAudio/Asian (South)/women/id06254/00043_id00417_GhIZam3v09g.mp4,1,1,0,1,FAKE,train,-3.0,4.303841590881348,8.729531288146973,1.0,ok,,/Users/jeevikakiran/Documents/USC/Multimodal/Project/syncnet_work_pretrained/pycrop/id06254__00043_id00417_ghizam3v09g__1dd4bf783f/00000.avi,0.1711573129885419
id07165__00368_fake__fc1a848d44,id07165,fake.mp4,-,rtvc,B,RealVideo-FakeAudio,Asian (South),men,00368_fake.mp4,RealVideo-FakeAudio/Asian (South)/men/id07165,RealVideo-FakeAudio/Asian (South)/men/id07165/00368_fake.mp4,/Users/jeevikakiran/Documents/USC/Multimodal/Project/FakeAVCeleb_v1.2/FakeAVCeleb_v1.2/RealVideo-FakeAudio/Asian (South)/men/id07165/00368_fake.mp4,1,0,1,1,FAKE,train,-11.0,2.145310401916504,12.3387451171875,1.0,ok,,/Users/jeevikakiran/Documents/USC/Multimodal/Project/syncnet_work_pretrained/pycrop/id07165__00368_fake__fc1a848d44/00000.avi,0.9955988461721772
id01521__00109__9c0a78f71d,id01521,-,-,real,A,RealVideo-RealAudio,African,men,00109.mp4,RealVideo-RealAudio/African/men/id01521,RealVideo-RealAudio/African/men/id01521/00109.mp4,/Users/jeevikakiran/Documents/USC/Multimodal/Project/FakeAVCeleb_v1.2/FakeAVCeleb_v1.2/RealVideo-RealAudio/African/men/id01521/00109.mp4,1,0,0,0,REAL,train,0.0,6.365957260131836,8.197770118713379,1.0,ok,,/Users/jeevikakiran/Documents/USC/Multimodal/Project/syncnet_work_pretrained/pycrop/id01521__00109__9c0a78f71d/00000.avi,0.2426575869018536
id04070__00072__bc8ad5a516,id04070,-,-,real,A,RealVideo-RealAudio,Asian (South),women,00072.mp4,RealVideo-RealAudio/Asian (South)/women/id04070,RealVideo-RealAudio/Asian (South)/women/id04070/00072.mp4,/Users/jeevikakiran/Documents/USC/Multimodal/Project/FakeAVCeleb_v1.2/FakeAVCeleb_v1.2/RealVideo-RealAudio/Asian (South)/women/id04070/00072.mp4,1,0,0,0,REAL,train,-1.0,5.430570602416992,8.105569839477539,1.0,ok,,/Users/jeevikakiran/Documents/USC/Multimodal/Project/syncnet_work_pretrained/pycrop/id04070__00072__bc8ad5a516/00000.avi,0.11191063894746182
id04034__00009_id01096_wavtolip__f30601fb65,id04034,id01096,-,wav2lip,D,FakeVideo-FakeAudio,Caucasian (American),men,00009_id01096_wavtolip.mp4,FakeVideo-FakeAudio/Caucasian (American)/men/id04034,FakeVideo-FakeAudio/Caucasian (American)/men/id04034/00009_id01096_wavtolip.mp4,/Users/jeevikakiran/Documents/USC/Multimodal/Project/FakeAVCeleb_v1.2/FakeAVCeleb_v1.2/FakeVideo-FakeAudio/Caucasian (American)/men/id04034/00009_id01096_wavtolip.mp4,1,1,1,1,FAKE,train,-2.0,6.44453239440918,7.933059215545654,1.0,ok,,/Users/jeevikakiran/Documents/USC/Multimodal/Project/syncnet_work_pretrained/pycrop/id04034__00009_id01096_wavtolip__f30601fb65/00000.avi,0.3705338858051024
id00835__00195_id00462_emngfaq9gg4_id00180_wavtolip__a4a7d0d71d,id00835,id00462,id00180,fsgan-wav2lip,D,FakeVideo-FakeAudio,Caucasian (American),women,00195_id00462_EMnGfAq9gg4_id00180_wavtolip.mp4,FakeVideo-FakeAudio/Caucasian (American)/women/id00835,FakeVideo-FakeAudio/Caucasian (American)/women/id00835/00195_id00462_EMnGfAq9gg4_id00180_wavtolip.mp4,/Users/jeevikakiran/Documents/USC/Multimodal/Project/FakeAVCeleb_v1.2/FakeAVCeleb_v1.2/FakeVideo-FakeAudio/Caucasian (American)/women/id00835/00195_id00462_EMnGfAq9gg4_id00180_wavtolip.mp4,1,1,1,1,FAKE,train,-2.0,6.911703109741211,7.906896591186523,1.0,ok,,/Users/jeevikakiran/Documents/USC/Multimodal/Project/syncnet_work_pretrained/pycrop/id00835__00195_id00462_emngfaq9gg4_id00180_wavtolip__a4a7d0d71d/00000.avi,0.5128634095847661
id00589__00130_id00897_0ayfw8jhoyi_id00379_wavtolip__84c46eb2bc,id00589,id00897,id00379,fsgan-wav2lip,D,FakeVideo-FakeAudio,Caucasian (European),women,00130_id00897_0ayFw8JhoyI_id00379_wavtolip.mp4,FakeVideo-FakeAudio/Caucasian (European)/women/id00589,FakeVideo-FakeAudio/Caucasian (European)/women/id00589/00130_id00897_0ayFw8JhoyI_id00379_wavtolip.mp4,/Users/jeevikakiran/Documents/USC/Multimodal/Project/FakeAVCeleb_v1.2/FakeAVCeleb_v1.2/FakeVideo-FakeAudio/Caucasian (European)/women/id00589/00130_id00897_0ayFw8JhoyI_id00379_wavtolip.mp4,1,1,1,1,FAKE,train,-2.0,8.230838775634766,7.089579105377197,1.0,ok,,/Users/jeevikakiran/Documents/USC/Multimodal/Project/syncnet_work_pretrained/pycrop/id00589__00130_id00897_0ayfw8jhoyi_id00379_wavtolip__84c46eb2bc/00000.avi,0.6079265978842743
id00616__00305_id00680_wavtolip__ae1cf97625,id00616,id00680,-,wav2lip,C,FakeVideo-RealAudio,Caucasian (American),women,00305_id00680_wavtolip.mp4,FakeVideo-RealAudio/Caucasian (American)/women/id00616,FakeVideo-RealAudio/Caucasian (American)/women/id00616/00305_id00680_wavtolip.mp4,/Users/jeevikakiran/Documents/USC/Multimodal/Project/FakeAVCeleb_v1.2/FakeAVCeleb_v1.2/FakeVideo-RealAudio/Caucasian (American)/women/id00616/00305_id00680_wavtolip.mp4,1,1,0,1,FAKE,val,-2.0,7.683793067932129,7.678350925445557,1.0,ok,,/Users/jeevikakiran/Documents/USC/Multimodal/Project/syncnet_work_pretrained/pycrop/id00616__00305_id00680_wavtolip__ae1cf97625/00000.avi,0.6681063403084356
id00098__00004_fake__ca824b369f,id00098,fake.mp4,-,rtvc,B,RealVideo-FakeAudio,Caucasian (American),women,00004_fake.mp4,RealVideo-FakeAudio/Caucasian (American)/women/id00098,RealVideo-FakeAudio/Caucasian (American)/women/id00098/00004_fake.mp4,/Users/jeevikakiran/Documents/USC/Multimodal/Project/FakeAVCeleb_v1.2/FakeAVCeleb_v1.2/RealVideo-FakeAudio/Caucasian (American)/women/id00098/00004_fake.mp4,1,0,1,1,FAKE,train,12.0,3.1748361587524414,11.744526863098145,1.0,ok,,/Users/jeevikakiran/Documents/USC/Multimodal/Project/syncnet_work_pretrained/pycrop/id00098__00004_fake__ca824b369f/00000.avi,0.9981154010271935
id01052__00076__18f73173a8,id01052,-,-,real,A,RealVideo-RealAudio,Caucasian (European),men,00076.mp4,RealVideo-RealAudio/Caucasian (European)/men/id01052,RealVideo-RealAudio/Caucasian (European)/men/id01052/00076.mp4,/Users/jeevikakiran/Documents/USC/Multimodal/Project/FakeAVCeleb_v1.2/FakeAVCeleb_v1.2/RealVideo-RealAudio/Caucasian (European)/men/id01052/00076.mp4,1,0,0,0,REAL,train,-6.0,9.067156791687012,6.221033573150635,1.0,ok,,/Users/jeevikakiran/Documents/USC/Multimodal/Project/syncnet_work_pretrained/pycrop/id01052__00076__18f73173a8/00000.avi,0.8799788499683243
id00359__00053__805bc17362,id00359,-,-,real,A,RealVideo-RealAudio,African,women,00053.mp4,RealVideo-RealAudio/African/women/id00359,RealVideo-RealAudio/African/women/id00359/00053.mp4,/Users/jeevikakiran/Documents/USC/Multimodal/Project/FakeAVCeleb_v1.2/FakeAVCeleb_v1.2/RealVideo-RealAudio/African/women/id00359/00053.mp4,1,0,0,0,REAL,train,-2.0,5.009082794189453,8.892409324645996,1.0,ok,,/Users/jeevikakiran/Documents/USC/Multimodal/Project/syncnet_work_pretrained/pycrop/id00359__00053__805bc17362/00000.avi,0.30298176815552175
id00946__00126_id00990_g_qzoigxeoe_faceswap_id00171_wavtolip__384f9cb6f6,id00946,id00990,faceswap,faceswap-wav2lip,D,FakeVideo-FakeAudio,Caucasian (European),men,00126_id00990_G-qzOIgxEoE_faceswap_id00171_wavtolip.mp4,FakeVideo-FakeAudio/Caucasian (European)/men/id00946,FakeVideo-FakeAudio/Caucasian (European)/men/id00946/00126_id00990_G-qzOIgxEoE_faceswap_id00171_wavtolip.mp4,/Users/jeevikakiran/Documents/USC/Multimodal/Project/FakeAVCeleb_v1.2/FakeAVCeleb_v1.2/FakeVideo-FakeAudio/Caucasian (European)/men/id00946/00126_id00990_G-qzOIgxEoE_faceswap_id00171_wavtolip.mp4,1,1,1,1,FAKE,val,-2.0,6.544726371765137,8.087145805358887,1.0,ok,,/Users/jeevikakiran/Documents/USC/Multimodal/Project/syncnet_work_pretrained/pycrop/id00946__00126_id00990_g_qzoigxeoe_faceswap_id00171_wavtolip__384f9cb6f6/00000.avi,0.46611326690536314
id02617__00028_id02824_glby_mycxzw_id01532_wavtolip__ee6131df05,id02617,id02824,mYcXZw,fsgan-wav2lip,D,FakeVideo-FakeAudio,African,women,00028_id02824_glBy_mYcXZw_id01532_wavtolip.mp4,FakeVideo-FakeAudio/African/women/id02617,FakeVideo-FakeAudio/African/women/id02617/00028_id02824_glBy_mYcXZw_id01532_wavtolip.mp4,/Users/jeevikakiran/Documents/USC/Multimodal/Project/FakeAVCeleb_v1.2/FakeAVCeleb_v1.2/FakeVideo-FakeAudio/African/women/id02617/00028_id02824_glBy_mYcXZw_id01532_wavtolip.mp4,1,1,1,1,FAKE,train,-2.0,6.895053386688232,7.405742645263672,1.0,ok,,/Users/jeevikakiran/Documents/USC/Multimodal/Project/syncnet_work_pretrained/pycrop/id02617__00028_id02824_glby_mycxzw_id01532_wavtolip__ee6131df05/00000.avi,0.30650739122298726
id00535__00005_fake__ab7057c722,id00535,fake.mp4,-,rtvc,B,RealVideo-FakeAudio,Caucasian (European),men,00005_fake.mp4,RealVideo-FakeAudio/Caucasian (European)/men/id00535,RealVideo-FakeAudio/Caucasian (European)/men/id00535/00005_fake.mp4,/Users/jeevikakiran/Documents/USC/Multimodal/Project/FakeAVCeleb_v1.2/FakeAVCeleb_v1.2/RealVideo-FakeAudio/Caucasian (European)/men/id00535/00005_fake.mp4,1,0,1,1,FAKE,train,9.0,1.7106084823608398,12.582242965698242,1.0,ok,,/Users/jeevikakiran/Documents/USC/Multimodal/Project/syncnet_work_pretrained/pycrop/id00535__00005_fake__ab7057c722/00000.avi,0.9866209008813878
id04222__00078_id06878_wavtolip__77fad0390b,id04222,id06878,-,wav2lip,C,FakeVideo-RealAudio,Asian (East),men,00078_id06878_wavtolip.mp4,FakeVideo-RealAudio/Asian (East)/men/id04222,FakeVideo-RealAudio/Asian (East)/men/id04222/00078_id06878_wavtolip.mp4,/Users/jeevikakiran/Documents/USC/Multimodal/Project/FakeAVCeleb_v1.2/FakeAVCeleb_v1.2/FakeVideo-RealAudio/Asian (East)/men/id04222/00078_id06878_wavtolip.mp4,1,1,0,1,FAKE,train,-2.0,8.172611236572266,6.4392571449279785,1.0,ok,,/Users/jeevikakiran/Documents/USC/Multimodal/Project/syncnet_work_pretrained/pycrop/id04222__00078_id06878_wavtolip__77fad0390b/00000.avi,0.32371654385915444
id03940__00025__74c23e8bb5,id03940,-,-,real,A,RealVideo-RealAudio,Asian (East),women,00025.mp4,RealVideo-RealAudio/Asian (East)/women/id03940,RealVideo-RealAudio/Asian (East)/women/id03940/00025.mp4,/Users/jeevikakiran/Documents/USC/Multimodal/Project/FakeAVCeleb_v1.2/FakeAVCeleb_v1.2/RealVideo-RealAudio/Asian (East)/women/id03940/00025.mp4,1,0,0,0,REAL,train,-6.0,7.210737228393555,7.830832481384277,1.0,ok,,/Users/jeevikakiran/Documents/USC/Multimodal/Project/syncnet_work_pretrained/pycrop/id03940__00025__74c23e8bb5/00000.avi,0.9022904599411634
id01091__00236_id03696_kz45dnxklxi_faceswap__5879986204,id01091,id03696,-,faceswap,C,FakeVideo-RealAudio,Caucasian (American),women,00236_id03696_Kz45DNXKLXI_faceswap.mp4,FakeVideo-RealAudio/Caucasian (American)/women/id01091,FakeVideo-RealAudio/Caucasian (American)/women/id01091/00236_id03696_Kz45DNXKLXI_faceswap.mp4,/Users/jeevikakiran/Documents/USC/Multimodal/Project/FakeAVCeleb_v1.2/FakeAVCeleb_v1.2/FakeVideo-RealAudio/Caucasian (American)/women/id01091/00236_id03696_Kz45DNXKLXI_faceswap.mp4,1,1,0,1,FAKE,train,6.0,6.578509330749512,7.581456184387207,1.0,ok,,/Users/jeevikakiran/Documents/USC/Multimodal/Project/syncnet_work_pretrained/pycrop/id01091__00236_id03696_kz45dnxklxi_faceswap__5879986204/00000.avi,0.7222354367824434
id01156__00078_id01102_agfukdgmo3a__c93648ac9a,id01156,id01102,-,fsgan,C,FakeVideo-RealAudio,Caucasian (European),men,00078_id01102_aGFUkdgmo3A.mp4,FakeVideo-RealAudio/Caucasian (European)/men/id01156,FakeVideo-RealAudio/Caucasian (European)/men/id01156/00078_id01102_aGFUkdgmo3A.mp4,/Users/jeevikakiran/Documents/USC/Multimodal/Project/FakeAVCeleb_v1.2/FakeAVCeleb_v1.2/FakeVideo-RealAudio/Caucasian (European)/men/id01156/00078_id01102_aGFUkdgmo3A.mp4,1,1,0,1,FAKE,train,-2.0,4.917935371398926,8.427844047546387,1.0,ok,,/Users/jeevikakiran/Documents/USC/Multimodal/Project/syncnet_work_pretrained/pycrop/id01156__00078_id01102_agfukdgmo3a__c93648ac9a/00000.avi,0.14942557716186672
id04560__00195_id04601_x4apx8z6nog__14b231785a,id04560,id04601,-,fsgan,C,FakeVideo-RealAudio,Asian (South),men,00195_id04601_x4Apx8z6nOg.mp4,FakeVideo-RealAudio/Asian (South)/men/id04560,FakeVideo-RealAudio/Asian (South)/men/id04560/00195_id04601_x4Apx8z6nOg.mp4,/Users/jeevikakiran/Documents/USC/Multimodal/Project/FakeAVCeleb_v1.2/FakeAVCeleb_v1.2/FakeVideo-RealAudio/Asian (South)/men/id04560/00195_id04601_x4Apx8z6nOg.mp4,1,1,0,1,FAKE,train,-1.0,5.664191246032715,8.435855865478516,1.0,ok,,/Users/jeevikakiran/Documents/USC/Multimodal/Project/syncnet_work_pretrained/pycrop/id04560__00195_id04601_x4apx8z6nog__14b231785a/00000.avi,0.23125917401732946
id00149__00284_id07377_fgnavkcgana__c8d93cef12,id00149,id07377,-,fsgan,C,FakeVideo-RealAudio,Asian (South),women,00284_id07377_FGNavKcGANA.mp4,FakeVideo-RealAudio/Asian (South)/women/id00149,FakeVideo-RealAudio/Asian (South)/women/id00149/00284_id07377_FGNavKcGANA.mp4,/Users/jeevikakiran/Documents/USC/Multimodal/Project/FakeAVCeleb_v1.2/FakeAVCeleb_v1.2/FakeVideo-RealAudio/Asian (South)/women/id00149/00284_id07377_FGNavKcGANA.mp4,1,1,0,1,FAKE,train,-1.0,5.593716621398926,8.099238395690918,1.0,ok,,/Users/jeevikakiran/Documents/USC/Multimodal/Project/syncnet_work_pretrained/pycrop/id00149__00284_id07377_fgnavkcgana__c8d93cef12/00000.avi,0.1342835705488728
id00739__00005_id00417_ghizam3v09g_faceswap_id00488_wavtolip__df59c5308a,id00739,id00417,faceswap,faceswap-wav2lip,D,FakeVideo-FakeAudio,Asian (South),women,00005_id00417_GhIZam3v09g_faceswap_id00488_wavtolip.mp4,FakeVideo-FakeAudio/Asian (South)/women/id00739,FakeVideo-FakeAudio/Asian (South)/women/id00739/00005_id00417_GhIZam3v09g_faceswap_id00488_wavtolip.mp4,/Users/jeevikakiran/Documents/USC/Multimodal/Project/FakeAVCeleb_v1.2/FakeAVCeleb_v1.2/FakeVideo-FakeAudio/Asian (South)/women/id00739/00005_id00417_GhIZam3v09g_faceswap_id00488_wavtolip.mp4,1,1,1,1,FAKE,train,-2.0,6.834490776062012,8.183281898498535,1.0,ok,,/Users/jeevikakiran/Documents/USC/Multimodal/Project/syncnet_work_pretrained/pycrop/id00739__00005_id00417_ghizam3v09g_faceswap_id00488_wavtolip__df59c5308a/00000.avi,0.6021575290879398
id08313__00202__3c11e16a0d,id08313,-,-,real,A,RealVideo-RealAudio,Asian (South),men,00202.mp4,RealVideo-RealAudio/Asian (South)/men/id08313,RealVideo-RealAudio/Asian (South)/men/id08313/00202.mp4,/Users/jeevikakiran/Documents/USC/Multimodal/Project/FakeAVCeleb_v1.2/FakeAVCeleb_v1.2/RealVideo-RealAudio/Asian (South)/men/id08313/00202.mp4,1,0,0,0,REAL,train,-2.0,5.098901748657227,8.754384994506836,1.0,ok,,/Users/jeevikakiran/Documents/USC/Multimodal/Project/syncnet_work_pretrained/pycrop/id08313__00202__3c11e16a0d/00000.avi,0.2797342649021609
id01171__00053__4161d9a9e8,id01171,-,-,real,A,RealVideo-RealAudio,African,men,00053.mp4,RealVideo-RealAudio/African/men/id01171,RealVideo-RealAudio/African/men/id01171/00053.mp4,/Users/jeevikakiran/Documents/USC/Multimodal/Project/FakeAVCeleb_v1.2/FakeAVCeleb_v1.2/RealVideo-RealAudio/African/men/id01171/00053.mp4,1,0,0,0,REAL,val,0.0,5.690787315368652,8.823919296264648,1.0,ok,,/Users/jeevikakiran/Documents/USC/Multimodal/Project/syncnet_work_pretrained/pycrop/id01171__00053__4161d9a9e8/00000.avi,0.27177764496901646
id06445__00150_id04582_pm9dx_txnx0__230e8fc896,id06445,id04582,-,fsgan,C,FakeVideo-RealAudio,Asian (South),women,00150_id04582_Pm9dX-TxNx0.mp4,FakeVideo-RealAudio/Asian (South)/women/id06445,FakeVideo-RealAudio/Asian (South)/women/id06445/00150_id04582_Pm9dX-TxNx0.mp4,/Users/jeevikakiran/Documents/USC/Multimodal/Project/FakeAVCeleb_v1.2/FakeAVCeleb_v1.2/FakeVideo-RealAudio/Asian (South)/women/id06445/00150_id04582_Pm9dX-TxNx0.mp4,1,1,0,1,FAKE,train,-3.0,5.686563491821289,8.618268013000488,1.0,ok,,/Users/jeevikakiran/Documents/USC/Multimodal/Project/syncnet_work_pretrained/pycrop/id06445__00150_id04582_pm9dx_txnx0__230e8fc896/00000.avi,0.5215522114927376
id06268__00159__4b55dc2ad4,id06268,-,-,real,A,RealVideo-RealAudio,Asian (South),women,00159.mp4,RealVideo-RealAudio/Asian (South)/women/id06268,RealVideo-RealAudio/Asian (South)/women/id06268/00159.mp4,/Users/jeevikakiran/Documents/USC/Multimodal/Project/FakeAVCeleb_v1.2/FakeAVCeleb_v1.2/RealVideo-RealAudio/Asian (South)/women/id06268/00159.mp4,1,0,0,0,REAL,train,0.0,6.148149490356445,7.567996501922607,1.0,ok,,/Users/jeevikakiran/Documents/USC/Multimodal/Project/syncnet_work_pretrained/pycrop/id06268__00159__4b55dc2ad4/00000.avi,0.07638447142920084
id00773__00038_id04601_wavtolip__30b36a44db,id00773,id04601,-,wav2lip,D,FakeVideo-FakeAudio,Asian (South),men,00038_id04601_wavtolip.mp4,FakeVideo-FakeAudio/Asian (South)/men/id00773,FakeVideo-FakeAudio/Asian (South)/men/id00773/00038_id04601_wavtolip.mp4,/Users/jeevikakiran/Documents/USC/Multimodal/Project/FakeAVCeleb_v1.2/FakeAVCeleb_v1.2/FakeVideo-FakeAudio/Asian (South)/men/id00773/00038_id04601_wavtolip.mp4,1,1,1,1,FAKE,val,-2.0,8.25275707244873,6.529513359069824,1.0,ok,,/Users/jeevikakiran/Documents/USC/Multimodal/Project/syncnet_work_pretrained/pycrop/id00773__00038_id04601_wavtolip__30b36a44db/00000.avi,0.38293086478042065
id07058__00010__b3df8688a6,id07058,-,-,real,A,RealVideo-RealAudio,Asian (South),men,00010.mp4,RealVideo-RealAudio/Asian (South)/men/id07058,RealVideo-RealAudio/Asian (South)/men/id07058/00010.mp4,/Users/jeevikakiran/Documents/USC/Multimodal/Project/FakeAVCeleb_v1.2/FakeAVCeleb_v1.2/RealVideo-RealAudio/Asian (South)/men/id07058/00010.mp4,1,0,0,0,REAL,val,-1.0,5.505923271179199,7.353596210479736,1.0,ok,,/Users/jeevikakiran/Documents/USC/Multimodal/Project/syncnet_work_pretrained/pycrop/id07058__00010__b3df8688a6/00000.avi,0.03771005881426
id00379__00043__e279b9f98e,id00379,-,-,real,A,RealVideo-RealAudio,Caucasian (European),women,00043.mp4,RealVideo-RealAudio/Caucasian (European)/women/id00379,RealVideo-RealAudio/Caucasian (European)/women/id00379/00043.mp4,/Users/jeevikakiran/Documents/USC/Multimodal/Project/FakeAVCeleb_v1.2/FakeAVCeleb_v1.2/RealVideo-RealAudio/Caucasian (European)/women/id00379/00043.mp4,1,0,0,0,REAL,train,-6.0,6.941046237945557,7.833995819091797,1.0,ok,,/Users/jeevikakiran/Documents/USC/Multimodal/Project/syncnet_work_pretrained/pycrop/id00379__00043__e279b9f98e/00000.avi,0.8661293075656993
id04245__00072__c35a93669e,id04245,-,-,real,A,RealVideo-RealAudio,African,women,00072.mp4,RealVideo-RealAudio/African/women/id04245,RealVideo-RealAudio/African/women/id04245/00072.mp4,/Users/jeevikakiran/Documents/USC/Multimodal/Project/FakeAVCeleb_v1.2/FakeAVCeleb_v1.2/RealVideo-RealAudio/African/women/id04245/00072.mp4,1,0,0,0,REAL,train,0.0,7.015956878662109,7.644645214080811,1.0,ok,,/Users/jeevikakiran/Documents/USC/Multimodal/Project/syncnet_work_pretrained/pycrop/id04245__00072__c35a93669e/00000.avi,0.2312645451206552
id01532__00065__d27647d927,id01532,-,-,real,A,RealVideo-RealAudio,African,women,00065.mp4,RealVideo-RealAudio/African/women/id01532,RealVideo-RealAudio/African/women/id01532/00065.mp4,/Users/jeevikakiran/Documents/USC/Multimodal/Project/FakeAVCeleb_v1.2/FakeAVCeleb_v1.2/RealVideo-RealAudio/African/women/id01532/00065.mp4,1,0,0,0,REAL,train,-6.0,4.998077392578125,9.227622985839844,1.0,ok,,/Users/jeevikakiran/Documents/USC/Multimodal/Project/syncnet_work_pretrained/pycrop/id01532__00065__d27647d927/00000.avi,0.8344086253639336
id01126__00040_id01156_wavtolip__ddb349e27a,id01126,id01156,-,wav2lip,D,FakeVideo-FakeAudio,Caucasian (European),men,00040_id01156_wavtolip.mp4,FakeVideo-FakeAudio/Caucasian (European)/men/id01126,FakeVideo-FakeAudio/Caucasian (European)/men/id01126/00040_id01156_wavtolip.mp4,/Users/jeevikakiran/Documents/USC/Multimodal/Project/FakeAVCeleb_v1.2/FakeAVCeleb_v1.2/FakeVideo-FakeAudio/Caucasian (European)/men/id01126/00040_id01156_wavtolip.mp4,1,1,1,1,FAKE,train,-2.0,9.285985946655273,6.161220550537109,1.0,ok,,/Users/jeevikakiran/Documents/USC/Multimodal/Project/syncnet_work_pretrained/pycrop/id01126__00040_id01156_wavtolip__ddb349e27a/00000.avi,0.570744585683206
id05631__00073__e7f57e1dce,id05631,-,-,real,A,RealVideo-RealAudio,Asian (East),women,00073.mp4,RealVideo-RealAudio/Asian (East)/women/id05631,RealVideo-RealAudio/Asian (East)/women/id05631/00073.mp4,/Users/jeevikakiran/Documents/USC/Multimodal/Project/FakeAVCeleb_v1.2/FakeAVCeleb_v1.2/RealVideo-RealAudio/Asian (East)/women/id05631/00073.mp4,1,0,0,0,REAL,train,1.0,5.720395088195801,8.188836097717285,1.0,ok,,/Users/jeevikakiran/Documents/USC/Multimodal/Project/syncnet_work_pretrained/pycrop/id05631__00073__e7f57e1dce/00000.avi,0.17613000271778503
id07039__00105__7b7ca74070,id07039,-,-,real,A,RealVideo-RealAudio,Asian (East),women,00105.mp4,RealVideo-RealAudio/Asian (East)/women/id07039,RealVideo-RealAudio/Asian (East)/women/id07039/00105.mp4,/Users/jeevikakiran/Documents/USC/Multimodal/Project/FakeAVCeleb_v1.2/FakeAVCeleb_v1.2/RealVideo-RealAudio/Asian (East)/women/id07039/00105.mp4,1,0,0,0,REAL,train,-1.0,6.4914350509643555,8.047614097595215,1.0,ok,,/Users/jeevikakiran/Documents/USC/Multimodal/Project/syncnet_work_pretrained/pycrop/id07039__00105__7b7ca74070/00000.avi,0.3211101505265878
id00325__00015__e3932c3937,id00325,-,-,real,A,RealVideo-RealAudio,Caucasian (European),women,00015.mp4,RealVideo-RealAudio/Caucasian (European)/women/id00325,RealVideo-RealAudio/Caucasian (European)/women/id00325/00015.mp4,/Users/jeevikakiran/Documents/USC/Multimodal/Project/FakeAVCeleb_v1.2/FakeAVCeleb_v1.2/RealVideo-RealAudio/Caucasian (European)/women/id00325/00015.mp4,1,0,0,0,REAL,train,-3.0,7.36137580871582,8.383796691894531,1.0,ok,,/Users/jeevikakiran/Documents/USC/Multimodal/Project/syncnet_work_pretrained/pycrop/id00325__00015__e3932c3937/00000.avi,0.8736002297326247
id00232__00025__8c9fcb063a,id00232,-,-,real,A,RealVideo-RealAudio,Caucasian (European),women,00025.mp4,RealVideo-RealAudio/Caucasian (European)/women/id00232,RealVideo-RealAudio/Caucasian (European)/women/id00232/00025.mp4,/Users/jeevikakiran/Documents/USC/Multimodal/Project/FakeAVCeleb_v1.2/FakeAVCeleb_v1.2/RealVideo-RealAudio/Caucasian (European)/women/id00232/00025.mp4,1,0,0,0,REAL,val,-2.0,6.114953994750977,7.827607154846191,1.0,ok,,/Users/jeevikakiran/Documents/USC/Multimodal/Project/syncnet_work_pretrained/pycrop/id00232__00025__8c9fcb063a/00000.avi,0.24063959999039375
id00488__00028__2e12a3d484,id00488,-,-,real,A,RealVideo-RealAudio,Asian (South),women,00028.mp4,RealVideo-RealAudio/Asian (South)/women/id00488,RealVideo-RealAudio/Asian (South)/women/id00488/00028.mp4,/Users/jeevikakiran/Documents/USC/Multimodal/Project/FakeAVCeleb_v1.2/FakeAVCeleb_v1.2/RealVideo-RealAudio/Asian (South)/women/id00488/00028.mp4,1,0,0,0,REAL,train,-2.0,6.730383396148682,7.879664421081543,1.0,ok,,/Users/jeevikakiran/Documents/USC/Multimodal/Project/syncnet_work_pretrained/pycrop/id00488__00028__2e12a3d484/00000.avi,0.44095816050491127
id06066__00028__b8e05d0de7,id06066,-,-,real,A,RealVideo-RealAudio,Asian (East),women,00028.mp4,RealVideo-RealAudio/Asian (East)/women/id06066,RealVideo-RealAudio/Asian (East)/women/id06066/00028.mp4,/Users/jeevikakiran/Documents/USC/Multimodal/Project/FakeAVCeleb_v1.2/FakeAVCeleb_v1.2/RealVideo-RealAudio/Asian (East)/women/id06066/00028.mp4,1,0,0,0,REAL,train,-1.0,5.656322479248047,8.56928825378418,1.0,ok,,/Users/jeevikakiran/Documents/USC/Multimodal/Project/syncnet_work_pretrained/pycrop/id06066__00028__b8e05d0de7/00000.avi,0.27158589320356624
id00830__00143__670c90e432,id00830,-,-,real,A,RealVideo-RealAudio,African,men,00143.mp4,RealVideo-RealAudio/African/men/id00830,RealVideo-RealAudio/African/men/id00830/00143.mp4,/Users/jeevikakiran/Documents/USC/Multimodal/Project/FakeAVCeleb_v1.2/FakeAVCeleb_v1.2/RealVideo-RealAudio/African/men/id00830/00143.mp4,1,0,0,0,REAL,val,0.0,7.489319801330566,7.295511245727539,1.0,ok,,/Users/jeevikakiran/Documents/USC/Multimodal/Project/syncnet_work_pretrained/pycrop/id00830__00143__670c90e432/00000.avi,0.23930427524160458
id01075__00160__79c27cda9e,id01075,-,-,real,A,RealVideo-RealAudio,Caucasian (American),women,00160.mp4,RealVideo-RealAudio/Caucasian (American)/women/id01075,RealVideo-RealAudio/Caucasian (American)/women/id01075/00160.mp4,/Users/jeevikakiran/Documents/USC/Multimodal/Project/FakeAVCeleb_v1.2/FakeAVCeleb_v1.2/RealVideo-RealAudio/Caucasian (American)/women/id01075/00160.mp4,1,0,0,0,REAL,train,-2.0,6.7369561195373535,7.170820713043213,2.0,ok,,/Users/jeevikakiran/Documents/USC/Multimodal/Project/syncnet_work_pretrained/pycrop/id01075__00160__79c27cda9e/00000.avi,0.19394016075301224
id00395__00420__61cff573e1,id00395,-,-,real,A,RealVideo-RealAudio,Caucasian (European),women,00420.mp4,RealVideo-RealAudio/Caucasian (European)/women/id00395,RealVideo-RealAudio/Caucasian (European)/women/id00395/00420.mp4,/Users/jeevikakiran/Documents/USC/Multimodal/Project/FakeAVCeleb_v1.2/FakeAVCeleb_v1.2/RealVideo-RealAudio/Caucasian (European)/women/id00395/00420.mp4,1,0,0,0,REAL,train,-2.0,7.04194974899292,7.558475494384766,1.0,ok,,/Users/jeevikakiran/Documents/USC/Multimodal/Project/syncnet_work_pretrained/pycrop/id00395__00420__61cff573e1/00000.avi,0.41045696144478544
id06158__00015_fake__55f1a63d6a,id06158,fake.mp4,-,rtvc,B,RealVideo-FakeAudio,Asian (East),women,00015_fake.mp4,RealVideo-FakeAudio/Asian (East)/women/id06158,RealVideo-FakeAudio/Asian (East)/women/id06158/00015_fake.mp4,/Users/jeevikakiran/Documents/USC/Multimodal/Project/FakeAVCeleb_v1.2/FakeAVCeleb_v1.2/RealVideo-FakeAudio/Asian (East)/women/id06158/00015_fake.mp4,1,0,1,1,FAKE,train,3.0,1.0676345825195312,12.943751335144045,1.0,ok,,/Users/jeevikakiran/Documents/USC/Multimodal/Project/syncnet_work_pretrained/pycrop/id06158__00015_fake__55f1a63d6a/00000.avi,0.7686220461002249
id00829__00271_id01178_wavtolip__b5c4d48e52,id00829,id01178,-,faceswap-wav2lip,D,FakeVideo-FakeAudio,African,women,00271_id01178_wavtolip.mp4,FakeVideo-FakeAudio/African/women/id00829,FakeVideo-FakeAudio/African/women/id00829/00271_id01178_wavtolip.mp4,/Users/jeevikakiran/Documents/USC/Multimodal/Project/FakeAVCeleb_v1.2/FakeAVCeleb_v1.2/FakeVideo-FakeAudio/African/women/id00829/00271_id01178_wavtolip.mp4,1,1,1,1,FAKE,train,-2.0,7.797489166259766,7.125538349151611,1.0,ok,,/Users/jeevikakiran/Documents/USC/Multimodal/Project/syncnet_work_pretrained/pycrop/id00829__00271_id01178_wavtolip__b5c4d48e52/00000.avi,0.47976869431630464
id04691__1__d06825b700,id04691,-,-,real,A,RealVideo-RealAudio,Asian (East),men,1.mp4,RealVideo-RealAudio/Asian (East)/men/id04691,RealVideo-RealAudio/Asian (East)/men/id04691/1.mp4,/Users/jeevikakiran/Documents/USC/Multimodal/Project/FakeAVCeleb_v1.2/FakeAVCeleb_v1.2/RealVideo-RealAudio/Asian (East)/men/id04691/1.mp4,1,0,0,0,REAL,train,-2.0,6.788448810577393,7.603472709655762,1.0,ok,,/Users/jeevikakiran/Documents/USC/Multimodal/Project/syncnet_work_pretrained/pycrop/id04691__1__d06825b700/00000.avi,0.3485126912892349
id00180__00206_id01248_2y_hnto8wrq_id00272_wavtolip__88ceb1ace0,id00180,id01248,id00272,fsgan-wav2lip,D,FakeVideo-FakeAudio,Caucasian (American),women,00206_id01248_2y-HnTO8WrQ_id00272_wavtolip.mp4,FakeVideo-FakeAudio/Caucasian (American)/women/id00180,FakeVideo-FakeAudio/Caucasian (American)/women/id00180/00206_id01248_2y-HnTO8WrQ_id00272_wavtolip.mp4,/Users/jeevikakiran/Documents/USC/Multimodal/Project/FakeAVCeleb_v1.2/FakeAVCeleb_v1.2/FakeVideo-FakeAudio/Caucasian (American)/women/id00180/00206_id01248_2y-HnTO8WrQ_id00272_wavtolip.mp4,1,1,1,1,FAKE,train,-2.0,5.141826629638672,9.555596351623535,1.0,ok,,/Users/jeevikakiran/Documents/USC/Multimodal/Project/syncnet_work_pretrained/pycrop/id00180__00206_id01248_2y_hnto8wrq_id00272_wavtolip__88ceb1ace0/00000.avi,0.6138906864417982
id02005__00052_fake__754e93a2e5,id02005,fake.mp4,-,rtvc,B,RealVideo-FakeAudio,African,men,00052_fake.mp4,RealVideo-FakeAudio/African/men/id02005,RealVideo-FakeAudio/African/men/id02005/00052_fake.mp4,/Users/jeevikakiran/Documents/USC/Multimodal/Project/FakeAVCeleb_v1.2/FakeAVCeleb_v1.2/RealVideo-FakeAudio/African/men/id02005/00052_fake.mp4,1,0,1,1,FAKE,val,-6.0,1.1336441040039062,13.37629508972168,1.0,ok,,/Users/jeevikakiran/Documents/USC/Multimodal/Project/syncnet_work_pretrained/pycrop/id02005__00052_fake__754e93a2e5/00000.avi,0.9690334827617881
id02464__00002_id00616_wavtolip__9060c94acc,id02464,id00616,-,wav2lip,D,FakeVideo-FakeAudio,Caucasian (American),women,00002_id00616_wavtolip.mp4,FakeVideo-FakeAudio/Caucasian (American)/women/id02464,FakeVideo-FakeAudio/Caucasian (American)/women/id02464/00002_id00616_wavtolip.mp4,/Users/jeevikakiran/Documents/USC/Multimodal/Project/FakeAVCeleb_v1.2/FakeAVCeleb_v1.2/FakeVideo-FakeAudio/Caucasian (American)/women/id02464/00002_id00616_wavtolip.mp4,1,1,1,1,FAKE,train,-2.0,5.071264266967773,8.911789894104004,1.0,ok,,/Users/jeevikakiran/Documents/USC/Multimodal/Project/syncnet_work_pretrained/pycrop/id02464__00002_id00616_wavtolip__9060c94acc/00000.avi,0.328015482064625
id06445__00150_id07136_4e43es5p3_m_id07686_wavtolip__8e2e9c95f7,id06445,id07136,id07686,fsgan-wav2lip,D,FakeVideo-FakeAudio,Asian (South),women,00150_id07136_4e43eS5p3_M_id07686_wavtolip.mp4,FakeVideo-FakeAudio/Asian (South)/women/id06445,FakeVideo-FakeAudio/Asian (South)/women/id06445/00150_id07136_4e43eS5p3_M_id07686_wavtolip.mp4,/Users/jeevikakiran/Documents/USC/Multimodal/Project/FakeAVCeleb_v1.2/FakeAVCeleb_v1.2/FakeVideo-FakeAudio/Asian (South)/women/id06445/00150_id07136_4e43eS5p3_M_id07686_wavtolip.mp4,1,1,1,1,FAKE,train,-2.0,9.799554824829102,5.8871169090271,1.0,ok,,/Users/jeevikakiran/Documents/USC/Multimodal/Project/syncnet_work_pretrained/pycrop/id06445__00150_id07136_4e43es5p3_m_id07686_wavtolip__8e2e9c95f7/00000.avi,0.6248116169274877
id03678__00078_id01124_lnf2ogsm00s_id00777_wavtolip__78e4f971f6,id03678,id01124,id00777,fsgan-wav2lip,D,FakeVideo-FakeAudio,Caucasian (American),men,00078_id01124_Lnf2oGSM00s_id00777_wavtolip.mp4,FakeVideo-FakeAudio/Caucasian (American)/men/id03678,FakeVideo-FakeAudio/Caucasian (American)/men/id03678/00078_id01124_Lnf2oGSM00s_id00777_wavtolip.mp4,/Users/jeevikakiran/Documents/USC/Multimodal/Project/FakeAVCeleb_v1.2/FakeAVCeleb_v1.2/FakeVideo-FakeAudio/Caucasian (American)/men/id03678/00078_id01124_Lnf2oGSM00s_id00777_wavtolip.mp4,1,1,1,1,FAKE,train,-2.0,7.353335857391357,7.809770584106445,1.0,ok,,/Users/jeevikakiran/Documents/USC/Multimodal/Project/syncnet_work_pretrained/pycrop/id03678__00078_id01124_lnf2ogsm00s_id00777_wavtolip__78e4f971f6/00000.avi,0.6174916445046428
id01163__00195_id00018_sap_fjurhlc_faceswap_id04219_wavtolip__4923f0b360,id01163,id00018,faceswap,faceswap-wav2lip,D,FakeVideo-FakeAudio,Caucasian (American),men,00195_id00018_sap-FjURHlc_faceswap_id04219_wavtolip.mp4,FakeVideo-FakeAudio/Caucasian (American)/men/id01163,FakeVideo-FakeAudio/Caucasian (American)/men/id01163/00195_id00018_sap-FjURHlc_faceswap_id04219_wavtolip.mp4,/Users/jeevikakiran/Documents/USC/Multimodal/Project/FakeAVCeleb_v1.2/FakeAVCeleb_v1.2/FakeVideo-FakeAudio/Caucasian (American)/men/id01163/00195_id00018_sap-FjURHlc_faceswap_id04219_wavtolip.mp4,1,1,1,1,FAKE,train,-2.0,7.847509860992432,6.432765483856201,1.0,ok,,/Users/jeevikakiran/Documents/USC/Multimodal/Project/syncnet_work_pretrained/pycrop/id01163__00195_id00018_sap_fjurhlc_faceswap_id04219_wavtolip__4923f0b360/00000.avi,0.234511768591484
id00835__00195__b6a5770d95,id00835,-,-,real,A,RealVideo-RealAudio,Caucasian (American),women,00195.mp4,RealVideo-RealAudio/Caucasian (American)/women/id00835,RealVideo-RealAudio/Caucasian (American)/women/id00835/00195.mp4,/Users/jeevikakiran/Documents/USC/Multimodal/Project/FakeAVCeleb_v1.2/FakeAVCeleb_v1.2/RealVideo-RealAudio/Caucasian (American)/women/id00835/00195.mp4,1,0,0,0,REAL,train,0.0,5.636643886566162,7.752259731292725,1.0,ok,,/Users/jeevikakiran/Documents/USC/Multimodal/Project/syncnet_work_pretrained/pycrop/id00835__00195__b6a5770d95/00000.avi,0.05383532563109317
id00098__00004_id00616_xt51ppmksjw_faceswap_id00097_wavtolip__b3704d6e67,id00098,id00616,faceswap,faceswap-wav2lip,D,FakeVideo-FakeAudio,Caucasian (American),women,00004_id00616_xT51pPmksJw_faceswap_id00097_wavtolip.mp4,FakeVideo-FakeAudio/Caucasian (American)/women/id00098,FakeVideo-FakeAudio/Caucasian (American)/women/id00098/00004_id00616_xT51pPmksJw_faceswap_id00097_wavtolip.mp4,/Users/jeevikakiran/Documents/USC/Multimodal/Project/FakeAVCeleb_v1.2/FakeAVCeleb_v1.2/FakeVideo-FakeAudio/Caucasian (American)/women/id00098/00004_id00616_xT51pPmksJw_faceswap_id00097_wavtolip.mp4,1,1,1,1,FAKE,train,-2.0,7.237359523773193,7.62191915512085,1.0,ok,,/Users/jeevikakiran/Documents/USC/Multimodal/Project/syncnet_work_pretrained/pycrop/id00098__00004_id00616_xt51ppmksjw_faceswap_id00097_wavtolip__b3704d6e67/00000.avi,0.5016585236797619
id04111__00015_id01215_wavtolip__970274e98e,id04111,id01215,-,wav2lip,C,FakeVideo-RealAudio,Asian (East),men,00015_id01215_wavtolip.mp4,FakeVideo-RealAudio/Asian (East)/men/id04111,FakeVideo-RealAudio/Asian (East)/men/id04111/00015_id01215_wavtolip.mp4,/Users/jeevikakiran/Documents/USC/Multimodal/Project/FakeAVCeleb_v1.2/FakeAVCeleb_v1.2/FakeVideo-RealAudio/Asian (East)/men/id04111/00015_id01215_wavtolip.mp4,1,1,0,1,FAKE,train,-2.0,4.498024940490723,8.8265380859375,1.0,ok,,/Users/jeevikakiran/Documents/USC/Multimodal/Project/syncnet_work_pretrained/pycrop/id04111__00015_id01215_wavtolip__970274e98e/00000.avi,0.1640225275103291
id09125__00098_id06225_wavtolip__3ce128c9fe,id09125,id06225,-,wav2lip,D,FakeVideo-FakeAudio,Asian (East),women,00098_id06225_wavtolip.mp4,FakeVideo-FakeAudio/Asian (East)/women/id09125,FakeVideo-FakeAudio/Asian (East)/women/id09125/00098_id06225_wavtolip.mp4,/Users/jeevikakiran/Documents/USC/Multimodal/Project/FakeAVCeleb_v1.2/FakeAVCeleb_v1.2/FakeVideo-FakeAudio/Asian (East)/women/id09125/00098_id06225_wavtolip.mp4,1,1,1,1,FAKE,train,-2.0,6.765358924865723,7.728959083557129,1.0,ok,,/Users/jeevikakiran/Documents/USC/Multimodal/Project/syncnet_work_pretrained/pycrop/id09125__00098_id06225_wavtolip__3ce128c9fe/00000.avi,0.39060991728777406
id04547__00052_fake__5443952918,id04547,fake.mp4,-,rtvc,B,RealVideo-FakeAudio,African,women,00052_fake.mp4,RealVideo-FakeAudio/African/women/id04547,RealVideo-FakeAudio/African/women/id04547/00052_fake.mp4,/Users/jeevikakiran/Documents/USC/Multimodal/Project/FakeAVCeleb_v1.2/FakeAVCeleb_v1.2/RealVideo-FakeAudio/African/women/id04547/00052_fake.mp4,1,0,1,1,FAKE,train,4.0,1.1501445770263672,13.570733070373535,1.0,ok,,/Users/jeevikakiran/Documents/USC/Multimodal/Project/syncnet_work_pretrained/pycrop/id04547__00052_fake__5443952918/00000.avi,0.9450014611339125
id03649__00001__f7aef629a4,id03649,-,-,real,A,RealVideo-RealAudio,Caucasian (European),women,00001.mp4,RealVideo-RealAudio/Caucasian (European)/women/id03649,RealVideo-RealAudio/Caucasian (European)/women/id03649/00001.mp4,/Users/jeevikakiran/Documents/USC/Multimodal/Project/FakeAVCeleb_v1.2/FakeAVCeleb_v1.2/RealVideo-RealAudio/Caucasian (European)/women/id03649/00001.mp4,1,0,0,0,REAL,train,-6.0,5.266964912414551,8.445638656616211,1.0,ok,,/Users/jeevikakiran/Documents/USC/Multimodal/Project/syncnet_work_pretrained/pycrop/id03649__00001__f7aef629a4/00000.avi,0.65873993591536
id00385__00439__33fc2aeba2,id00385,-,-,real,A,RealVideo-RealAudio,Caucasian (American),women,00439.mp4,RealVideo-RealAudio/Caucasian (American)/women/id00385,RealVideo-RealAudio/Caucasian (American)/women/id00385/00439.mp4,/Users/jeevikakiran/Documents/USC/Multimodal/Project/FakeAVCeleb_v1.2/FakeAVCeleb_v1.2/RealVideo-RealAudio/Caucasian (American)/women/id00385/00439.mp4,1,0,0,0,REAL,train,0.0,6.712512969970703,8.017196655273438,1.0,ok,,/Users/jeevikakiran/Documents/USC/Multimodal/Project/syncnet_work_pretrained/pycrop/id00385__00439__33fc2aeba2/00000.avi,0.2731230164642389
id09053__00005__af685b4c37,id09053,-,-,real,A,RealVideo-RealAudio,Asian (East),men,00005.mp4,RealVideo-RealAudio/Asian (East)/men/id09053,RealVideo-RealAudio/Asian (East)/men/id09053/00005.mp4,/Users/jeevikakiran/Documents/USC/Multimodal/Project/FakeAVCeleb_v1.2/FakeAVCeleb_v1.2/RealVideo-RealAudio/Asian (East)/men/id09053/00005.mp4,1,0,0,0,REAL,train,0.0,4.730890274047852,8.444581031799316,1.0,ok,,/Users/jeevikakiran/Documents/USC/Multimodal/Project/syncnet_work_pretrained/pycrop/id09053__00005__af685b4c37/00000.avi,0.051610811043958295
id04221__00053_id00087_wavtolip__bc0acad2f7,id04221,id00087,-,wav2lip,D,FakeVideo-FakeAudio,Caucasian (American),men,00053_id00087_wavtolip.mp4,FakeVideo-FakeAudio/Caucasian (American)/men/id04221,FakeVideo-FakeAudio/Caucasian (American)/men/id04221/00053_id00087_wavtolip.mp4,/Users/jeevikakiran/Documents/USC/Multimodal/Project/FakeAVCeleb_v1.2/FakeAVCeleb_v1.2/FakeVideo-FakeAudio/Caucasian (American)/men/id04221/00053_id00087_wavtolip.mp4,1,1,1,1,FAKE,train,-2.0,9.504335403442385,5.530743598937988,1.0,ok,,/Users/jeevikakiran/Documents/USC/Multimodal/Project/syncnet_work_pretrained/pycrop/id04221__00053_id00087_wavtolip__bc0acad2f7/00000.avi,0.380686280170261
id05743__00015_fake__9e3f84e70c,id05743,fake.mp4,-,rtvc,B,RealVideo-FakeAudio,Asian (East),men,00015_fake.mp4,RealVideo-FakeAudio/Asian (East)/men/id05743,RealVideo-FakeAudio/Asian (East)/men/id05743/00015_fake.mp4,/Users/jeevikakiran/Documents/USC/Multimodal/Project/FakeAVCeleb_v1.2/FakeAVCeleb_v1.2/RealVideo-FakeAudio/Asian (East)/men/id05743/00015_fake.mp4,1,0,1,1,FAKE,train,-13.0,0.8074817657470703,12.701335906982422,1.0,ok,,/Users/jeevikakiran/Documents/USC/Multimodal/Project/syncnet_work_pretrained/pycrop/id05743__00015_fake__9e3f84e70c/00000.avi,0.9944681826083659
id01048__00160_id00529_wavtolip__136a2fc710,id01048,id00529,-,wav2lip,C,FakeVideo-RealAudio,Caucasian (American),men,00160_id00529_wavtolip.mp4,FakeVideo-RealAudio/Caucasian (American)/men/id01048,FakeVideo-RealAudio/Caucasian (American)/men/id01048/00160_id00529_wavtolip.mp4,/Users/jeevikakiran/Documents/USC/Multimodal/Project/FakeAVCeleb_v1.2/FakeAVCeleb_v1.2/FakeVideo-RealAudio/Caucasian (American)/men/id01048/00160_id00529_wavtolip.mp4,1,1,0,1,FAKE,train,-2.0,7.907430171966553,7.360588073730469,1.0,ok,,/Users/jeevikakiran/Documents/USC/Multimodal/Project/syncnet_work_pretrained/pycrop/id01048__00160_id00529_wavtolip__136a2fc710/00000.avi,0.6136959221568954
id00569__00239__7efd8a8e56,id00569,-,-,real,A,RealVideo-RealAudio,Caucasian (European),women,00239.mp4,RealVideo-RealAudio/Caucasian (European)/women/id00569,RealVideo-RealAudio/Caucasian (European)/women/id00569/00239.mp4,/Users/jeevikakiran/Documents/USC/Multimodal/Project/FakeAVCeleb_v1.2/FakeAVCeleb_v1.2/RealVideo-RealAudio/Caucasian (European)/women/id00569/00239.mp4,1,0,0,0,REAL,train,-1.0,7.571265697479248,6.505812168121338,1.0,ok,,/Users/jeevikakiran/Documents/USC/Multimodal/Project/syncnet_work_pretrained/pycrop/id00569__00239__7efd8a8e56/00000.avi,0.12960102570568657
id00773__00038__c43970a089,id00773,-,-,real,A,RealVideo-RealAudio,Asian (South),men,00038.mp4,RealVideo-RealAudio/Asian (South)/men/id00773,RealVideo-RealAudio/Asian (South)/men/id00773/00038.mp4,/Users/jeevikakiran/Documents/USC/Multimodal/Project/FakeAVCeleb_v1.2/FakeAVCeleb_v1.2/RealVideo-RealAudio/Asian (South)/men/id00773/00038.mp4,1,0,0,0,REAL,train,-4.0,6.413382053375244,6.7456464767456055,1.0,ok,,/Users/jeevikakiran/Documents/USC/Multimodal/Project/syncnet_work_pretrained/pycrop/id00773__00038__c43970a089/00000.avi,0.1644311402840387
id02838__00080__6921a14500,id02838,-,-,real,A,RealVideo-RealAudio,African,women,00080.mp4,RealVideo-RealAudio/African/women/id02838,RealVideo-RealAudio/African/women/id02838/00080.mp4,/Users/jeevikakiran/Documents/USC/Multimodal/Project/FakeAVCeleb_v1.2/FakeAVCeleb_v1.2/RealVideo-RealAudio/African/women/id02838/00080.mp4,1,0,0,0,REAL,train,0.0,5.5402374267578125,8.489828109741211,1.0,ok,,/Users/jeevikakiran/Documents/USC/Multimodal/Project/syncnet_work_pretrained/pycrop/id02838__00080__6921a14500/00000.avi,0.14792507713028769
id00243__00037__a3064496a3,id00243,-,-,real,A,RealVideo-RealAudio,Caucasian (American),men,00037.mp4,RealVideo-RealAudio/Caucasian (American)/men/id00243,RealVideo-RealAudio/Caucasian (American)/men/id00243/00037.mp4,/Users/jeevikakiran/Documents/USC/Multimodal/Project/FakeAVCeleb_v1.2/FakeAVCeleb_v1.2/RealVideo-RealAudio/Caucasian (American)/men/id00243/00037.mp4,1,0,0,0,REAL,train,-1.0,7.317498207092285,6.967031002044678,1.0,ok,,/Users/jeevikakiran/Documents/USC/Multimodal/Project/syncnet_work_pretrained/pycrop/id00243__00037__a3064496a3/00000.avi,0.18755083829425198
id02268__00036_id01856_6q2f3b1qnrm_id01207_wavtolip__99ebc7e427,id02268,id01856,id01207,fsgan-wav2lip,D,FakeVideo-FakeAudio,African,men,00036_id01856_6Q2f3b1QNRM_id01207_wavtolip.mp4,FakeVideo-FakeAudio/African/men/id02268,FakeVideo-FakeAudio/African/men/id02268/00036_id01856_6Q2f3b1QNRM_id01207_wavtolip.mp4,/Users/jeevikakiran/Documents/USC/Multimodal/Project/FakeAVCeleb_v1.2/FakeAVCeleb_v1.2/FakeVideo-FakeAudio/African/men/id02268/00036_id01856_6Q2f3b1QNRM_id01207_wavtolip.mp4,1,1,1,1,FAKE,train,-2.0,7.97264575958252,6.568161964416504,1.0,ok,,/Users/jeevikakiran/Documents/USC/Multimodal/Project/syncnet_work_pretrained/pycrop/id02268__00036_id01856_6q2f3b1qnrm_id01207_wavtolip__99ebc7e427/00000.avi,0.31281805570150906
id00241__00015_fake__cb568d624d,id00241,fake.mp4,-,rtvc,B,RealVideo-FakeAudio,Caucasian (European),men,00015_fake.mp4,RealVideo-FakeAudio/Caucasian (European)/men/id00241,RealVideo-FakeAudio/Caucasian (European)/men/id00241/00015_fake.mp4,/Users/jeevikakiran/Documents/USC/Multimodal/Project/FakeAVCeleb_v1.2/FakeAVCeleb_v1.2/RealVideo-FakeAudio/Caucasian (European)/men/id00241/00015_fake.mp4,1,0,1,1,FAKE,train,-7.0,0.7683944702148438,13.147799491882324,1.0,ok,,/Users/jeevikakiran/Documents/USC/Multimodal/Project/syncnet_work_pretrained/pycrop/id00241__00015_fake__cb568d624d/00000.avi,0.9545056703611339
id03371__00430__6b4983d5a4,id03371,-,-,real,A,RealVideo-RealAudio,Caucasian (European),women,00430.mp4,RealVideo-RealAudio/Caucasian (European)/women/id03371,RealVideo-RealAudio/Caucasian (European)/women/id03371/00430.mp4,/Users/jeevikakiran/Documents/USC/Multimodal/Project/FakeAVCeleb_v1.2/FakeAVCeleb_v1.2/RealVideo-RealAudio/Caucasian (European)/women/id03371/00430.mp4,1,0,0,0,REAL,train,-2.0,8.468053817749023,6.653908729553223,1.0,ok,,/Users/jeevikakiran/Documents/USC/Multimodal/Project/syncnet_work_pretrained/pycrop/id03371__00430__6b4983d5a4/00000.avi,0.5052661593730794
id00049__00118__7c7493ddda,id00049,-,-,real,A,RealVideo-RealAudio,Caucasian (American),men,00118.mp4,RealVideo-RealAudio/Caucasian (American)/men/id00049,RealVideo-RealAudio/Caucasian (American)/men/id00049/00118.mp4,/Users/jeevikakiran/Documents/USC/Multimodal/Project/FakeAVCeleb_v1.2/FakeAVCeleb_v1.2/RealVideo-RealAudio/Caucasian (American)/men/id00049/00118.mp4,1,0,0,0,REAL,train,-3.0,7.613320827484131,7.0394392013549805,1.0,ok,,/Users/jeevikakiran/Documents/USC/Multimodal/Project/syncnet_work_pretrained/pycrop/id00049__00118__7c7493ddda/00000.avi,0.5004993250045312
id00264__00257__033f729b8d,id00264,-,-,real,A,RealVideo-RealAudio,Caucasian (American),men,00257.mp4,RealVideo-RealAudio/Caucasian (American)/men/id00264,RealVideo-RealAudio/Caucasian (American)/men/id00264/00257.mp4,/Users/jeevikakiran/Documents/USC/Multimodal/Project/FakeAVCeleb_v1.2/FakeAVCeleb_v1.2/RealVideo-RealAudio/Caucasian (American)/men/id00264/00257.mp4,1,0,0,0,REAL,train,-1.0,6.068315505981445,7.928971767425537,1.0,ok,,/Users/jeevikakiran/Documents/USC/Multimodal/Project/syncnet_work_pretrained/pycrop/id00264__00257__033f729b8d/00000.avi,0.18013504319324697
id03344__00114__6ee8cf8157,id03344,-,-,real,A,RealVideo-RealAudio,Asian (South),men,00114.mp4,RealVideo-RealAudio/Asian (South)/men/id03344,RealVideo-RealAudio/Asian (South)/men/id03344/00114.mp4,/Users/jeevikakiran/Documents/USC/Multimodal/Project/FakeAVCeleb_v1.2/FakeAVCeleb_v1.2/RealVideo-RealAudio/Asian (South)/men/id03344/00114.mp4,1,0,0,0,REAL,val,-2.0,5.239463806152344,7.585696220397949,1.0,ok,,/Users/jeevikakiran/Documents/USC/Multimodal/Project/syncnet_work_pretrained/pycrop/id03344__00114__6ee8cf8157/00000.avi,0.061245355107178025
id06354__00021_id00033_wavtolip__112fb85619,id06354,id00033,-,wav2lip,D,FakeVideo-FakeAudio,Asian (South),men,00021_id00033_wavtolip.mp4,FakeVideo-FakeAudio/Asian (South)/men/id06354,FakeVideo-FakeAudio/Asian (South)/men/id06354/00021_id00033_wavtolip.mp4,/Users/jeevikakiran/Documents/USC/Multimodal/Project/FakeAVCeleb_v1.2/FakeAVCeleb_v1.2/FakeVideo-FakeAudio/Asian (South)/men/id06354/00021_id00033_wavtolip.mp4,1,1,1,1,FAKE,train,-2.0,5.2966461181640625,8.284350395202637,1.0,ok,,/Users/jeevikakiran/Documents/USC/Multimodal/Project/syncnet_work_pretrained/pycrop/id06354__00021_id00033_wavtolip__112fb85619/00000.avi,0.18631134586408143
id00739__00005__b6b3fdb49e,id00739,-,-,real,A,RealVideo-RealAudio,Asian (South),women,00005.mp4,RealVideo-RealAudio/Asian (South)/women/id00739,RealVideo-RealAudio/Asian (South)/women/id00739/00005.mp4,/Users/jeevikakiran/Documents/USC/Multimodal/Project/FakeAVCeleb_v1.2/FakeAVCeleb_v1.2/RealVideo-RealAudio/Asian (South)/women/id00739/00005.mp4,1,0,0,0,REAL,train,-2.0,6.4747724533081055,8.212259292602539,1.0,ok,,/Users/jeevikakiran/Documents/USC/Multimodal/Project/syncnet_work_pretrained/pycrop/id00739__00005__b6b3fdb49e/00000.avi,0.49542488479548963
id00732__00118__40678bc839,id00732,-,-,real,A,RealVideo-RealAudio,Asian (South),men,00118.mp4,RealVideo-RealAudio/Asian (South)/men/id00732,RealVideo-RealAudio/Asian (South)/men/id00732/00118.mp4,/Users/jeevikakiran/Documents/USC/Multimodal/Project/FakeAVCeleb_v1.2/FakeAVCeleb_v1.2/RealVideo-RealAudio/Asian (South)/men/id00732/00118.mp4,1,0,0,0,REAL,train,-2.0,4.772458076477051,8.409483909606934,1.0,ok,,/Users/jeevikakiran/Documents/USC/Multimodal/Project/syncnet_work_pretrained/pycrop/id00732__00118__40678bc839/00000.avi,0.12293893849303499
id04820__00015__8eb1f5fbb4,id04820,-,-,real,A,RealVideo-RealAudio,African,women,00015.mp4,RealVideo-RealAudio/African/women/id04820,RealVideo-RealAudio/African/women/id04820/00015.mp4,/Users/jeevikakiran/Documents/USC/Multimodal/Project/FakeAVCeleb_v1.2/FakeAVCeleb_v1.2/RealVideo-RealAudio/African/women/id04820/00015.mp4,1,0,0,0,REAL,train,0.0,7.663923263549805,8.137517929077148,1.0,ok,,/Users/jeevikakiran/Documents/USC/Multimodal/Project/syncnet_work_pretrained/pycrop/id04820__00015__8eb1f5fbb4/00000.avi,0.6220211773849339
id04540__00078_fake__6205816c38,id04540,fake.mp4,-,rtvc,B,RealVideo-FakeAudio,African,women,00078_fake.mp4,RealVideo-FakeAudio/African/women/id04540,RealVideo-FakeAudio/African/women/id04540/00078_fake.mp4,/Users/jeevikakiran/Documents/USC/Multimodal/Project/FakeAVCeleb_v1.2/FakeAVCeleb_v1.2/RealVideo-FakeAudio/African/women/id04540/00078_fake.mp4,1,0,1,1,FAKE,train,-10.0,1.1043405532836914,13.041199684143066,1.0,ok,,/Users/jeevikakiran/Documents/USC/Multimodal/Project/syncnet_work_pretrained/pycrop/id04540__00078_fake__6205816c38/00000.avi,0.991320902308058
id04689__00005__047be4e7f6,id04689,-,-,real,A,RealVideo-RealAudio,African,women,00005.mp4,RealVideo-RealAudio/African/women/id04689,RealVideo-RealAudio/African/women/id04689/00005.mp4,/Users/jeevikakiran/Documents/USC/Multimodal/Project/FakeAVCeleb_v1.2/FakeAVCeleb_v1.2/RealVideo-RealAudio/African/women/id04689/00005.mp4,1,0,0,0,REAL,train,-2.0,6.395562171936035,8.971001625061035,1.0,ok,,/Users/jeevikakiran/Documents/USC/Multimodal/Project/syncnet_work_pretrained/pycrop/id04689__00005__047be4e7f6/00000.avi,0.7606001740082785
id00999__00028__b542ea0e6d,id00999,-,-,real,A,RealVideo-RealAudio,Caucasian (European),men,00028.mp4,RealVideo-RealAudio/Caucasian (European)/men/id00999,RealVideo-RealAudio/Caucasian (European)/men/id00999/00028.mp4,/Users/jeevikakiran/Documents/USC/Multimodal/Project/FakeAVCeleb_v1.2/FakeAVCeleb_v1.2/RealVideo-RealAudio/Caucasian (European)/men/id00999/00028.mp4,1,0,0,0,REAL,train,-1.0,4.321372032165527,8.261686325073242,1.0,ok,,/Users/jeevikakiran/Documents/USC/Multimodal/Project/syncnet_work_pretrained/pycrop/id00999__00028__b542ea0e6d/00000.avi,0.03580703519509342
id01172__00015_fake__17a087a974,id01172,fake.mp4,-,rtvc,B,RealVideo-FakeAudio,Caucasian (American),men,00015_fake.mp4,RealVideo-FakeAudio/Caucasian (American)/men/id01172,RealVideo-FakeAudio/Caucasian (American)/men/id01172/00015_fake.mp4,/Users/jeevikakiran/Documents/USC/Multimodal/Project/FakeAVCeleb_v1.2/FakeAVCeleb_v1.2/RealVideo-FakeAudio/Caucasian (American)/men/id01172/00015_fake.mp4,1,0,1,1,FAKE,train,-2.0,3.7436113357543945,11.008655548095703,1.0,ok,,/Users/jeevikakiran/Documents/USC/Multimodal/Project/syncnet_work_pretrained/pycrop/id01172__00015_fake__17a087a974/00000.avi,0.7395147802050072
id01182__00167_fake__097d62501f,id01182,fake.mp4,-,rtvc,B,RealVideo-FakeAudio,Caucasian (American),men,00167_fake.mp4,RealVideo-FakeAudio/Caucasian (American)/men/id01182,RealVideo-FakeAudio/Caucasian (American)/men/id01182/00167_fake.mp4,/Users/jeevikakiran/Documents/USC/Multimodal/Project/FakeAVCeleb_v1.2/FakeAVCeleb_v1.2/RealVideo-FakeAudio/Caucasian (American)/men/id01182/00167_fake.mp4,1,0,1,1,FAKE,train,-1.0,0.7700586318969727,12.891411781311035,1.0,ok,,/Users/jeevikakiran/Documents/USC/Multimodal/Project/syncnet_work_pretrained/pycrop/id01182__00167_fake__097d62501f/00000.avi,0.44128789460458706
id04537__00083_fake__5c24832823,id04537,fake.mp4,-,rtvc,B,RealVideo-FakeAudio,Asian (South),men,00083_fake.mp4,RealVideo-FakeAudio/Asian (South)/men/id04537,RealVideo-FakeAudio/Asian (South)/men/id04537/00083_fake.mp4,/Users/jeevikakiran/Documents/USC/Multimodal/Project/FakeAVCeleb_v1.2/FakeAVCeleb_v1.2/RealVideo-FakeAudio/Asian (South)/men/id04537/00083_fake.mp4,1,0,1,1,FAKE,train,0.0,1.1276073455810547,12.28471851348877,1.0,ok,,/Users/jeevikakiran/Documents/USC/Multimodal/Project/syncnet_work_pretrained/pycrop/id04537__00083_fake__5c24832823/00000.avi,0.2216982677201532
id06428__00043_id00747_wavtolip__eaf62fd8a7,id06428,id00747,-,wav2lip,D,FakeVideo-FakeAudio,Asian (South),women,00043_id00747_wavtolip.mp4,FakeVideo-FakeAudio/Asian (South)/women/id06428,FakeVideo-FakeAudio/Asian (South)/women/id06428/00043_id00747_wavtolip.mp4,/Users/jeevikakiran/Documents/USC/Multimodal/Project/FakeAVCeleb_v1.2/FakeAVCeleb_v1.2/FakeVideo-FakeAudio/Asian (South)/women/id06428/00043_id00747_wavtolip.mp4,1,1,1,1,FAKE,val,-2.0,7.4917449951171875,7.951866149902344,1.0,ok,,/Users/jeevikakiran/Documents/USC/Multimodal/Project/syncnet_work_pretrained/pycrop/id06428__00043_id00747_wavtolip__eaf62fd8a7/00000.avi,0.7117755090010194
id01210__00283_id00696_7pruracjhqu_id00184_wavtolip__b325418d82,id01210,id00696,id00184,fsgan-wav2lip,D,FakeVideo-FakeAudio,Caucasian (American),men,00283_id00696_7PrURACjhqU_id00184_wavtolip.mp4,FakeVideo-FakeAudio/Caucasian (American)/men/id01210,FakeVideo-FakeAudio/Caucasian (American)/men/id01210/00283_id00696_7PrURACjhqU_id00184_wavtolip.mp4,/Users/jeevikakiran/Documents/USC/Multimodal/Project/FakeAVCeleb_v1.2/FakeAVCeleb_v1.2/FakeVideo-FakeAudio/Caucasian (American)/men/id01210/00283_id00696_7PrURACjhqU_id00184_wavtolip.mp4,1,1,1,1,FAKE,val,-2.0,7.034143447875977,6.49700927734375,1.0,ok,,/Users/jeevikakiran/Documents/USC/Multimodal/Project/syncnet_work_pretrained/pycrop/id01210__00283_id00696_7pruracjhqu_id00184_wavtolip__b325418d82/00000.avi,0.1030583713199366
id00909__00037_id00368_kohcgdsg29u_faceswap_id01156_wavtolip__2e86125ad8,id00909,id00368,faceswap,faceswap-wav2lip,D,FakeVideo-FakeAudio,Caucasian (European),men,00037_id00368_KohcGDsg29U_faceswap_id01156_wavtolip.mp4,FakeVideo-FakeAudio/Caucasian (European)/men/id00909,FakeVideo-FakeAudio/Caucasian (European)/men/id00909/00037_id00368_KohcGDsg29U_faceswap_id01156_wavtolip.mp4,/Users/jeevikakiran/Documents/USC/Multimodal/Project/FakeAVCeleb_v1.2/FakeAVCeleb_v1.2/FakeVideo-FakeAudio/Caucasian (European)/men/id00909/00037_id00368_KohcGDsg29U_faceswap_id01156_wavtolip.mp4,1,1,1,1,FAKE,train,-2.0,7.8532023429870605,7.258530616760254,1.0,ok,,/Users/jeevikakiran/Documents/USC/Multimodal/Project/syncnet_work_pretrained/pycrop/id00909__00037_id00368_kohcgdsg29u_faceswap_id01156_wavtolip__2e86125ad8/00000.avi,0.5542969151585924
id05106__00078__3ec47ddeac,id05106,-,-,real,A,RealVideo-RealAudio,African,women,00078.mp4,RealVideo-RealAudio/African/women/id05106,RealVideo-RealAudio/African/women/id05106/00078.mp4,/Users/jeevikakiran/Documents/USC/Multimodal/Project/FakeAVCeleb_v1.2/FakeAVCeleb_v1.2/RealVideo-RealAudio/African/women/id05106/00078.mp4,1,0,0,0,REAL,train,-2.0,5.79121208190918,8.119452476501465,1.0,ok,,/Users/jeevikakiran/Documents/USC/Multimodal/Project/syncnet_work_pretrained/pycrop/id05106__00078__3ec47ddeac/00000.avi,0.25158202079888864
id00781__00092__baeac0ea86,id00781,-,-,real,A,RealVideo-RealAudio,African,men,00092.mp4,RealVideo-RealAudio/African/men/id00781,RealVideo-RealAudio/African/men/id00781/00092.mp4,/Users/jeevikakiran/Documents/USC/Multimodal/Project/FakeAVCeleb_v1.2/FakeAVCeleb_v1.2/RealVideo-RealAudio/African/men/id00781/00092.mp4,1,0,0,0,REAL,val,1.0,4.7876787185668945,7.680912494659424,1.0,ok,,/Users/jeevikakiran/Documents/USC/Multimodal/Project/syncnet_work_pretrained/pycrop/id00781__00092__baeac0ea86/00000.avi,0.025362649707099547
id03816__00093__8b7f2100ca,id03816,-,-,real,A,RealVideo-RealAudio,Caucasian (European),women,00093.mp4,RealVideo-RealAudio/Caucasian (European)/women/id03816,RealVideo-RealAudio/Caucasian (European)/women/id03816/00093.mp4,/Users/jeevikakiran/Documents/USC/Multimodal/Project/FakeAVCeleb_v1.2/FakeAVCeleb_v1.2/RealVideo-RealAudio/Caucasian (European)/women/id03816/00093.mp4,1,0,0,0,REAL,train,-2.0,7.651401996612549,6.560041427612305,1.0,ok,,/Users/jeevikakiran/Documents/USC/Multimodal/Project/syncnet_work_pretrained/pycrop/id03816__00093__8b7f2100ca/00000.avi,0.2260371150490993
id01091__00236_id00025_pjsevtbvsja_id00428_wavtolip__c8c6d064c2,id01091,id00025,id00428,fsgan-wav2lip,D,FakeVideo-FakeAudio,Caucasian (American),women,00236_id00025_PjSeVtbvSjA_id00428_wavtolip.mp4,FakeVideo-FakeAudio/Caucasian (American)/women/id01091,FakeVideo-FakeAudio/Caucasian (American)/women/id01091/00236_id00025_PjSeVtbvSjA_id00428_wavtolip.mp4,/Users/jeevikakiran/Documents/USC/Multimodal/Project/FakeAVCeleb_v1.2/FakeAVCeleb_v1.2/FakeVideo-FakeAudio/Caucasian (American)/women/id01091/00236_id00025_PjSeVtbvSjA_id00428_wavtolip.mp4,1,1,1,1,FAKE,train,-2.0,5.834884166717529,7.702897071838379,1.0,ok,,/Users/jeevikakiran/Documents/USC/Multimodal/Project/syncnet_work_pretrained/pycrop/id01091__00236_id00025_pjsevtbvsja_id00428_wavtolip__c8c6d064c2/00000.avi,0.1499962897143618
id02051__00015__d2c58b60f5,id02051,-,-,real,A,RealVideo-RealAudio,African,men,00015.mp4,RealVideo-RealAudio/African/men/id02051,RealVideo-RealAudio/African/men/id02051/00015.mp4,/Users/jeevikakiran/Documents/USC/Multimodal/Project/FakeAVCeleb_v1.2/FakeAVCeleb_v1.2/RealVideo-RealAudio/African/men/id02051/00015.mp4,1,0,0,0,REAL,train,-1.0,6.419667720794678,7.609807968139648,1.0,ok,,/Users/jeevikakiran/Documents/USC/Multimodal/Project/syncnet_work_pretrained/pycrop/id02051__00015__d2c58b60f5/00000.avi,0.17029404864404188
id02040__00476__5d3fd77818,id02040,-,-,real,A,RealVideo-RealAudio,African,men,00476.mp4,RealVideo-RealAudio/African/men/id02040,RealVideo-RealAudio/African/men/id02040/00476.mp4,/Users/jeevikakiran/Documents/USC/Multimodal/Project/FakeAVCeleb_v1.2/FakeAVCeleb_v1.2/RealVideo-RealAudio/African/men/id02040/00476.mp4,1,0,0,0,REAL,train,-1.0,4.377716064453125,8.803716659545898,1.0,ok,,/Users/jeevikakiran/Documents/USC/Multimodal/Project/syncnet_work_pretrained/pycrop/id02040__00476__5d3fd77818/00000.avi,0.09087016938079599
id00709__00206__0830bab4f7,id00709,-,-,real,A,RealVideo-RealAudio,Caucasian (European),men,00206.mp4,RealVideo-RealAudio/Caucasian (European)/men/id00709,RealVideo-RealAudio/Caucasian (European)/men/id00709/00206.mp4,/Users/jeevikakiran/Documents/USC/Multimodal/Project/FakeAVCeleb_v1.2/FakeAVCeleb_v1.2/RealVideo-RealAudio/Caucasian (European)/men/id00709/00206.mp4,1,0,0,0,REAL,val,-1.0,5.468721389770508,8.373432159423828,1.0,ok,,/Users/jeevikakiran/Documents/USC/Multimodal/Project/syncnet_work_pretrained/pycrop/id00709__00206__0830bab4f7/00000.avi,0.1724610252076797
id00431__00039__a0222d7592,id00431,-,-,real,A,RealVideo-RealAudio,Caucasian (American),women,00039.mp4,RealVideo-RealAudio/Caucasian (American)/women/id00431,RealVideo-RealAudio/Caucasian (American)/women/id00431/00039.mp4,/Users/jeevikakiran/Documents/USC/Multimodal/Project/FakeAVCeleb_v1.2/FakeAVCeleb_v1.2/RealVideo-RealAudio/Caucasian (American)/women/id00431/00039.mp4,1,0,0,0,REAL,train,0.0,6.6092424392700195,7.916975021362305,1.0,ok,,/Users/jeevikakiran/Documents/USC/Multimodal/Project/syncnet_work_pretrained/pycrop/id00431__00039__a0222d7592/00000.avi,0.21649120405730854
id07377__00025__79682c9d7d,id07377,-,-,real,A,RealVideo-RealAudio,Asian (South),women,00025.mp4,RealVideo-RealAudio/Asian (South)/women/id07377,RealVideo-RealAudio/Asian (South)/women/id07377/00025.mp4,/Users/jeevikakiran/Documents/USC/Multimodal/Project/FakeAVCeleb_v1.2/FakeAVCeleb_v1.2/RealVideo-RealAudio/Asian (South)/women/id07377/00025.mp4,1,0,0,0,REAL,train,-1.0,8.01594352722168,7.002253532409668,2.0,ok,,/Users/jeevikakiran/Documents/USC/Multimodal/Project/syncnet_work_pretrained/pycrop/id07377__00025__79682c9d7d/00000.avi,0.3842964742531622
id07182__00040_fake__6719cc01bc,id07182,fake.mp4,-,rtvc,B,RealVideo-FakeAudio,Asian (South),men,00040_fake.mp4,RealVideo-FakeAudio/Asian (South)/men/id07182,RealVideo-FakeAudio/Asian (South)/men/id07182/00040_fake.mp4,/Users/jeevikakiran/Documents/USC/Multimodal/Project/FakeAVCeleb_v1.2/FakeAVCeleb_v1.2/RealVideo-FakeAudio/Asian (South)/men/id07182/00040_fake.mp4,1,0,1,1,FAKE,train,1.0,0.8628702163696289,13.56860637664795,1.0,ok,,/Users/jeevikakiran/Documents/USC/Multimodal/Project/syncnet_work_pretrained/pycrop/id07182__00040_fake__6719cc01bc/00000.avi,0.7371225669413486
id04727__00007_id00987_wavtolip__421e49b95e,id04727,id00987,-,wav2lip,D,FakeVideo-FakeAudio,African,men,00007_id00987_wavtolip.mp4,FakeVideo-FakeAudio/African/men/id04727,FakeVideo-FakeAudio/African/men/id04727/00007_id00987_wavtolip.mp4,/Users/jeevikakiran/Documents/USC/Multimodal/Project/FakeAVCeleb_v1.2/FakeAVCeleb_v1.2/FakeVideo-FakeAudio/African/men/id04727/00007_id00987_wavtolip.mp4,1,1,1,1,FAKE,train,-2.0,6.039253234863281,8.405413627624512,1.0,ok,,/Users/jeevikakiran/Documents/USC/Multimodal/Project/syncnet_work_pretrained/pycrop/id04727__00007_id00987_wavtolip__421e49b95e/00000.avi,0.43155183809564324
id05980__00143_id02838_wavtolip__0593f911d7,id05980,id02838,-,wav2lip,C,FakeVideo-RealAudio,African,women,00143_id02838_wavtolip.mp4,FakeVideo-RealAudio/African/women/id05980,FakeVideo-RealAudio/African/women/id05980/00143_id02838_wavtolip.mp4,/Users/jeevikakiran/Documents/USC/Multimodal/Project/FakeAVCeleb_v1.2/FakeAVCeleb_v1.2/FakeVideo-RealAudio/African/women/id05980/00143_id02838_wavtolip.mp4,1,1,0,1,FAKE,train,-2.0,6.412667274475098,8.19241714477539,1.0,ok,,/Users/jeevikakiran/Documents/USC/Multimodal/Project/syncnet_work_pretrained/pycrop/id05980__00143_id02838_wavtolip__0593f911d7/00000.avi,0.46631556263456697
id00018__00181__f536f28287,id00018,-,-,real,A,RealVideo-RealAudio,Caucasian (American),men,00181.mp4,RealVideo-RealAudio/Caucasian (American)/men/id00018,RealVideo-RealAudio/Caucasian (American)/men/id00018/00181.mp4,/Users/jeevikakiran/Documents/USC/Multimodal/Project/FakeAVCeleb_v1.2/FakeAVCeleb_v1.2/RealVideo-RealAudio/Caucasian (American)/men/id00018/00181.mp4,1,0,0,0,REAL,train,0.0,7.216457366943359,7.351864337921143,1.0,ok,,/Users/jeevikakiran/Documents/USC/Multimodal/Project/syncnet_work_pretrained/pycrop/id00018__00181__f536f28287/00000.avi,0.19360295927402316
id04599__00111__2335e856e1,id04599,-,-,real,A,RealVideo-RealAudio,Asian (South),men,00111.mp4,RealVideo-RealAudio/Asian (South)/men/id04599,RealVideo-RealAudio/Asian (South)/men/id04599/00111.mp4,/Users/jeevikakiran/Documents/USC/Multimodal/Project/FakeAVCeleb_v1.2/FakeAVCeleb_v1.2/RealVideo-RealAudio/Asian (South)/men/id04599/00111.mp4,1,0,0,0,REAL,train,-3.0,4.221871376037598,9.789249420166016,1.0,ok,,/Users/jeevikakiran/Documents/USC/Multimodal/Project/syncnet_work_pretrained/pycrop/id04599__00111__2335e856e1/00000.avi,0.5252313125400856
id00842__00043__9daaf3f12c,id00842,-,-,real,A,RealVideo-RealAudio,Caucasian (American),women,00043.mp4,RealVideo-RealAudio/Caucasian (American)/women/id00842,RealVideo-RealAudio/Caucasian (American)/women/id00842/00043.mp4,/Users/jeevikakiran/Documents/USC/Multimodal/Project/FakeAVCeleb_v1.2/FakeAVCeleb_v1.2/RealVideo-RealAudio/Caucasian (American)/women/id00842/00043.mp4,1,0,0,0,REAL,train,-2.0,7.250357151031494,7.266589641571045,1.0,ok,,/Users/jeevikakiran/Documents/USC/Multimodal/Project/syncnet_work_pretrained/pycrop/id00842__00043__9daaf3f12c/00000.avi,0.35995461068840945
id07233__00010__bbdf8f8009,id07233,-,-,real,A,RealVideo-RealAudio,Asian (South),men,00010.mp4,RealVideo-RealAudio/Asian (South)/men/id07233,RealVideo-RealAudio/Asian (South)/men/id07233/00010.mp4,/Users/jeevikakiran/Documents/USC/Multimodal/Project/FakeAVCeleb_v1.2/FakeAVCeleb_v1.2/RealVideo-RealAudio/Asian (South)/men/id07233/00010.mp4,1,0,0,0,REAL,train,-2.0,5.130927085876465,8.416930198669434,1.0,ok,,/Users/jeevikakiran/Documents/USC/Multimodal/Project/syncnet_work_pretrained/pycrop/id07233__00010__bbdf8f8009/00000.avi,0.18658800360340463
id03180__00039__dcca31c6dc,id03180,-,-,real,A,RealVideo-RealAudio,Asian (South),men,00039.mp4,RealVideo-RealAudio/Asian (South)/men/id03180,RealVideo-RealAudio/Asian (South)/men/id03180/00039.mp4,/Users/jeevikakiran/Documents/USC/Multimodal/Project/FakeAVCeleb_v1.2/FakeAVCeleb_v1.2/RealVideo-RealAudio/Asian (South)/men/id03180/00039.mp4,1,0,0,0,REAL,train,-1.0,4.726051330566406,8.60097599029541,1.0,ok,,/Users/jeevikakiran/Documents/USC/Multimodal/Project/syncnet_work_pretrained/pycrop/id03180__00039__dcca31c6dc/00000.avi,0.1016750363942171
id00032__00028_fake__0a415b33e7,id00032,fake.mp4,-,rtvc,B,RealVideo-FakeAudio,Asian (South),men,00028_fake.mp4,RealVideo-FakeAudio/Asian (South)/men/id00032,RealVideo-FakeAudio/Asian (South)/men/id00032/00028_fake.mp4,/Users/jeevikakiran/Documents/USC/Multimodal/Project/FakeAVCeleb_v1.2/FakeAVCeleb_v1.2/RealVideo-FakeAudio/Asian (South)/men/id00032/00028_fake.mp4,1,0,1,1,FAKE,train,-13.0,1.2933616638183594,12.500362396240234,1.0,ok,,/Users/jeevikakiran/Documents/USC/Multimodal/Project/syncnet_work_pretrained/pycrop/id00032__00028_fake__0a415b33e7/00000.avi,0.9959426174806296
id00080__00281_fake__120a76224b,id00080,fake.mp4,-,rtvc,B,RealVideo-FakeAudio,Asian (South),women,00281_fake.mp4,RealVideo-FakeAudio/Asian (South)/women/id00080,RealVideo-FakeAudio/Asian (South)/women/id00080/00281_fake.mp4,/Users/jeevikakiran/Documents/USC/Multimodal/Project/FakeAVCeleb_v1.2/FakeAVCeleb_v1.2/RealVideo-FakeAudio/Asian (South)/women/id00080/00281_fake.mp4,1,0,1,1,FAKE,train,8.0,4.224773406982422,10.025711059570312,1.0,ok,,/Users/jeevikakiran/Documents/USC/Multimodal/Project/syncnet_work_pretrained/pycrop/id00080__00281_fake__120a76224b/00000.avi,0.946757629198699
id01099__00206_id01157_ydgqfowvkko__cf7ea77bfd,id01099,id01157,-,fsgan,C,FakeVideo-RealAudio,Caucasian (European),men,00206_id01157_yDgqfOWVKko.mp4,FakeVideo-RealAudio/Caucasian (European)/men/id01099,FakeVideo-RealAudio/Caucasian (European)/men/id01099/00206_id01157_yDgqfOWVKko.mp4,/Users/jeevikakiran/Documents/USC/Multimodal/Project/FakeAVCeleb_v1.2/FakeAVCeleb_v1.2/FakeVideo-RealAudio/Caucasian (European)/men/id01099/00206_id01157_yDgqfOWVKko.mp4,1,1,0,1,FAKE,train,-4.0,4.761382102966309,8.043899536132812,1.0,ok,,/Users/jeevikakiran/Documents/USC/Multimodal/Project/syncnet_work_pretrained/pycrop/id01099__00206_id01157_ydgqfowvkko__cf7ea77bfd/00000.avi,0.1615266305124203
id00841__00078__5b4597b971,id00841,-,-,real,A,RealVideo-RealAudio,Caucasian (American),women,00078.mp4,RealVideo-RealAudio/Caucasian (American)/women/id00841,RealVideo-RealAudio/Caucasian (American)/women/id00841/00078.mp4,/Users/jeevikakiran/Documents/USC/Multimodal/Project/FakeAVCeleb_v1.2/FakeAVCeleb_v1.2/RealVideo-RealAudio/Caucasian (American)/women/id00841/00078.mp4,1,0,0,0,REAL,train,-2.0,8.134002685546875,7.091572284698486,1.0,ok,,/Users/jeevikakiran/Documents/USC/Multimodal/Project/syncnet_work_pretrained/pycrop/id00841__00078__5b4597b971/00000.avi,0.5774478434859549
id03716__00040__c4dadad6f6,id03716,-,-,real,A,RealVideo-RealAudio,Caucasian (European),women,00040.mp4,RealVideo-RealAudio/Caucasian (European)/women/id03716,RealVideo-RealAudio/Caucasian (European)/women/id03716/00040.mp4,/Users/jeevikakiran/Documents/USC/Multimodal/Project/FakeAVCeleb_v1.2/FakeAVCeleb_v1.2/RealVideo-RealAudio/Caucasian (European)/women/id03716/00040.mp4,1,0,0,0,REAL,train,0.0,7.917749404907227,7.524039268493652,1.0,ok,,/Users/jeevikakiran/Documents/USC/Multimodal/Project/syncnet_work_pretrained/pycrop/id03716__00040__c4dadad6f6/00000.avi,0.45085835276251657
id02051__00015_fake__759e725f9a,id02051,fake.mp4,-,rtvc,B,RealVideo-FakeAudio,African,men,00015_fake.mp4,RealVideo-FakeAudio/African/men/id02051,RealVideo-FakeAudio/African/men/id02051/00015_fake.mp4,/Users/jeevikakiran/Documents/USC/Multimodal/Project/FakeAVCeleb_v1.2/FakeAVCeleb_v1.2/RealVideo-FakeAudio/African/men/id02051/00015_fake.mp4,1,0,1,1,FAKE,train,-10.0,1.5650815963745115,12.34921646118164,1.0,ok,,/Users/jeevikakiran/Documents/USC/Multimodal/Project/syncnet_work_pretrained/pycrop/id02051__00015_fake__759e725f9a/00000.avi,0.985040965742856
id00287__00005_id00379_fgkgyhcuk4g__06134cb2f3,id00287,id00379,-,fsgan,C,FakeVideo-RealAudio,Caucasian (European),women,00005_id00379_fgkgYHCuk4g.mp4,FakeVideo-RealAudio/Caucasian (European)/women/id00287,FakeVideo-RealAudio/Caucasian (European)/women/id00287/00005_id00379_fgkgYHCuk4g.mp4,/Users/jeevikakiran/Documents/USC/Multimodal/Project/FakeAVCeleb_v1.2/FakeAVCeleb_v1.2/FakeVideo-RealAudio/Caucasian (European)/women/id00287/00005_id00379_fgkgYHCuk4g.mp4,1,1,0,1,FAKE,train,-1.0,4.074084281921387,9.925817489624023,1.0,ok,,/Users/jeevikakiran/Documents/USC/Multimodal/Project/syncnet_work_pretrained/pycrop/id00287__00005_id00379_fgkgyhcuk4g__06134cb2f3/00000.avi,0.3065848007520048
id07377__00025_fake__de9daaf4d3,id07377,fake.mp4,-,rtvc,B,RealVideo-FakeAudio,Asian (South),women,00025_fake.mp4,RealVideo-FakeAudio/Asian (South)/women/id07377,RealVideo-FakeAudio/Asian (South)/women/id07377/00025_fake.mp4,/Users/jeevikakiran/Documents/USC/Multimodal/Project/FakeAVCeleb_v1.2/FakeAVCeleb_v1.2/RealVideo-FakeAudio/Asian (South)/women/id07377/00025_fake.mp4,1,0,1,1,FAKE,train,9.0,4.325507164001465,10.983962059020996,2.0,ok,,/Users/jeevikakiran/Documents/USC/Multimodal/Project/syncnet_work_pretrained/pycrop/id07377__00025_fake__de9daaf4d3/00000.avi,0.9939697715321396
id00169__00021_id01175_wavtolip__2c0fec4b74,id00169,id01175,-,wav2lip,C,FakeVideo-RealAudio,Caucasian (American),men,00021_id01175_wavtolip.mp4,FakeVideo-RealAudio/Caucasian (American)/men/id00169,FakeVideo-RealAudio/Caucasian (American)/men/id00169/00021_id01175_wavtolip.mp4,/Users/jeevikakiran/Documents/USC/Multimodal/Project/FakeAVCeleb_v1.2/FakeAVCeleb_v1.2/FakeVideo-RealAudio/Caucasian (American)/men/id00169/00021_id01175_wavtolip.mp4,1,1,0,1,FAKE,train,-2.0,7.439830303192139,7.718662738800049,1.0,ok,,/Users/jeevikakiran/Documents/USC/Multimodal/Project/syncnet_work_pretrained/pycrop/id00169__00021_id01175_wavtolip__2c0fec4b74/00000.avi,0.6084952218877431
id00813__00169__4588062a32,id00813,-,-,real,A,RealVideo-RealAudio,Caucasian (European),women,00169.mp4,RealVideo-RealAudio/Caucasian (European)/women/id00813,RealVideo-RealAudio/Caucasian (European)/women/id00813/00169.mp4,/Users/jeevikakiran/Documents/USC/Multimodal/Project/FakeAVCeleb_v1.2/FakeAVCeleb_v1.2/RealVideo-RealAudio/Caucasian (European)/women/id00813/00169.mp4,1,0,0,0,REAL,train,0.0,6.2660064697265625,8.044055938720703,1.0,ok,,/Users/jeevikakiran/Documents/USC/Multimodal/Project/syncnet_work_pretrained/pycrop/id00813__00169__4588062a32/00000.avi,0.1777915473953844
id03620__00081_fake__86076c469a,id03620,fake.mp4,-,rtvc,B,RealVideo-FakeAudio,Caucasian (European),women,00081_fake.mp4,RealVideo-FakeAudio/Caucasian (European)/women/id03620,RealVideo-FakeAudio/Caucasian (European)/women/id03620/00081_fake.mp4,/Users/jeevikakiran/Documents/USC/Multimodal/Project/FakeAVCeleb_v1.2/FakeAVCeleb_v1.2/RealVideo-FakeAudio/Caucasian (European)/women/id03620/00081_fake.mp4,1,0,1,1,FAKE,train,11.0,0.7813539505004883,13.290037155151367,1.0,ok,,/Users/jeevikakiran/Documents/USC/Multimodal/Project/syncnet_work_pretrained/pycrop/id03620__00081_fake__86076c469a/00000.avi,0.9945158689971875
id02494__00050_id01036_wavtolip__7144c19091,id02494,id01036,-,wav2lip,C,FakeVideo-RealAudio,African,men,00050_id01036_wavtolip.mp4,FakeVideo-RealAudio/African/men/id02494,FakeVideo-RealAudio/African/men/id02494/00050_id01036_wavtolip.mp4,/Users/jeevikakiran/Documents/USC/Multimodal/Project/FakeAVCeleb_v1.2/FakeAVCeleb_v1.2/FakeVideo-RealAudio/African/men/id02494/00050_id01036_wavtolip.mp4,1,1,0,1,FAKE,val,-2.0,6.134992599487305,8.348042488098145,1.0,ok,,/Users/jeevikakiran/Documents/USC/Multimodal/Project/syncnet_work_pretrained/pycrop/id02494__00050_id01036_wavtolip__7144c19091/00000.avi,0.4392667530860059
id00935__00005__a80fd583d0,id00935,-,-,real,A,RealVideo-RealAudio,Asian (East),women,00005.mp4,RealVideo-RealAudio/Asian (East)/women/id00935,RealVideo-RealAudio/Asian (East)/women/id00935/00005.mp4,/Users/jeevikakiran/Documents/USC/Multimodal/Project/FakeAVCeleb_v1.2/FakeAVCeleb_v1.2/RealVideo-RealAudio/Asian (East)/women/id00935/00005.mp4,1,0,0,0,REAL,val,-1.0,5.120059013366699,8.713412284851074,1.0,ok,,/Users/jeevikakiran/Documents/USC/Multimodal/Project/syncnet_work_pretrained/pycrop/id00935__00005__a80fd583d0/00000.avi,0.18824642321543783
id07182__00040_id00103_qptvap4y5dq_id00773_wavtolip__b14ec87cac,id07182,id00103,id00773,fsgan-wav2lip,D,FakeVideo-FakeAudio,Asian (South),men,00040_id00103_qpTVaP4y5DQ_id00773_wavtolip.mp4,FakeVideo-FakeAudio/Asian (South)/men/id07182,FakeVideo-FakeAudio/Asian (South)/men/id07182/00040_id00103_qpTVaP4y5DQ_id00773_wavtolip.mp4,/Users/jeevikakiran/Documents/USC/Multimodal/Project/FakeAVCeleb_v1.2/FakeAVCeleb_v1.2/FakeVideo-FakeAudio/Asian (South)/men/id07182/00040_id00103_qpTVaP4y5DQ_id00773_wavtolip.mp4,1,1,1,1,FAKE,val,-2.0,9.763870239257812,5.7607245445251465,1.0,ok,,/Users/jeevikakiran/Documents/USC/Multimodal/Project/syncnet_work_pretrained/pycrop/id07182__00040_id00103_qptvap4y5dq_id00773_wavtolip__b14ec87cac/00000.avi,0.561920556833811
id00990__00160__f321f5226f,id00990,-,-,real,A,RealVideo-RealAudio,Caucasian (European),men,00160.mp4,RealVideo-RealAudio/Caucasian (European)/men/id00990,RealVideo-RealAudio/Caucasian (European)/men/id00990/00160.mp4,/Users/jeevikakiran/Documents/USC/Multimodal/Project/FakeAVCeleb_v1.2/FakeAVCeleb_v1.2/RealVideo-RealAudio/Caucasian (European)/men/id00990/00160.mp4,1,0,0,0,REAL,train,-2.0,5.906322479248047,7.686712265014648,1.0,ok,,/Users/jeevikakiran/Documents/USC/Multimodal/Project/syncnet_work_pretrained/pycrop/id00990__00160__f321f5226f/00000.avi,0.15892005273595858
id01036__00010__81674299af,id01036,-,-,real,A,RealVideo-RealAudio,African,men,00010.mp4,RealVideo-RealAudio/African/men/id01036,RealVideo-RealAudio/African/men/id01036/00010.mp4,/Users/jeevikakiran/Documents/USC/Multimodal/Project/FakeAVCeleb_v1.2/FakeAVCeleb_v1.2/RealVideo-RealAudio/African/men/id01036/00010.mp4,1,0,0,0,REAL,train,1.0,6.868304252624512,8.051041603088379,1.0,ok,,/Users/jeevikakiran/Documents/USC/Multimodal/Project/syncnet_work_pretrained/pycrop/id01036__00010__81674299af/00000.avi,0.4407141355028963
id00548__00015__55e09b84f5,id00548,-,-,real,A,RealVideo-RealAudio,Caucasian (European),men,00015.mp4,RealVideo-RealAudio/Caucasian (European)/men/id00548,RealVideo-RealAudio/Caucasian (European)/men/id00548/00015.mp4,/Users/jeevikakiran/Documents/USC/Multimodal/Project/FakeAVCeleb_v1.2/FakeAVCeleb_v1.2/RealVideo-RealAudio/Caucasian (European)/men/id00548/00015.mp4,1,0,0,0,REAL,train,0.0,5.242356300354004,8.673261642456055,1.0,ok,,/Users/jeevikakiran/Documents/USC/Multimodal/Project/syncnet_work_pretrained/pycrop/id00548__00015__55e09b84f5/00000.avi,0.13701623965205934
id00052__00015_id00018_sap_fjurhlc__637a5c6bff,id00052,id00018,-,fsgan,C,FakeVideo-RealAudio,Caucasian (American),men,00015_id00018_sap-FjURHlc.mp4,FakeVideo-RealAudio/Caucasian (American)/men/id00052,FakeVideo-RealAudio/Caucasian (American)/men/id00052/00015_id00018_sap-FjURHlc.mp4,/Users/jeevikakiran/Documents/USC/Multimodal/Project/FakeAVCeleb_v1.2/FakeAVCeleb_v1.2/FakeVideo-RealAudio/Caucasian (American)/men/id00052/00015_id00018_sap-FjURHlc.mp4,1,1,0,1,FAKE,train,-1.0,6.405799865722656,8.517401695251465,1.0,ok,,/Users/jeevikakiran/Documents/USC/Multimodal/Project/syncnet_work_pretrained/pycrop/id00052__00015_id00018_sap_fjurhlc__637a5c6bff/00000.avi,0.4823575445551769
id04687__00066__7c40b64710,id04687,-,-,real,A,RealVideo-RealAudio,Asian (East),men,00066.mp4,RealVideo-RealAudio/Asian (East)/men/id04687,RealVideo-RealAudio/Asian (East)/men/id04687/00066.mp4,/Users/jeevikakiran/Documents/USC/Multimodal/Project/FakeAVCeleb_v1.2/FakeAVCeleb_v1.2/RealVideo-RealAudio/Asian (East)/men/id04687/00066.mp4,1,0,0,0,REAL,val,-1.0,4.951336860656738,8.2492094039917,1.0,ok,,/Users/jeevikakiran/Documents/USC/Multimodal/Project/syncnet_work_pretrained/pycrop/id04687__00066__7c40b64710/00000.avi,0.07793933397304445
id00848__00028__d1e70bbae7,id00848,-,-,real,A,RealVideo-RealAudio,Caucasian (American),women,00028.mp4,RealVideo-RealAudio/Caucasian (American)/women/id00848,RealVideo-RealAudio/Caucasian (American)/women/id00848/00028.mp4,/Users/jeevikakiran/Documents/USC/Multimodal/Project/FakeAVCeleb_v1.2/FakeAVCeleb_v1.2/RealVideo-RealAudio/Caucasian (American)/women/id00848/00028.mp4,1,0,0,0,REAL,train,-1.0,5.517157554626465,8.16166877746582,1.0,ok,,/Users/jeevikakiran/Documents/USC/Multimodal/Project/syncnet_work_pretrained/pycrop/id00848__00028__d1e70bbae7/00000.avi,0.13461354301688272
id02089__00092_fake__d6af6a4cb5,id02089,fake.mp4,-,rtvc,B,RealVideo-FakeAudio,Asian (South),women,00092_fake.mp4,RealVideo-FakeAudio/Asian (South)/women/id02089,RealVideo-FakeAudio/Asian (South)/women/id02089/00092_fake.mp4,/Users/jeevikakiran/Documents/USC/Multimodal/Project/FakeAVCeleb_v1.2/FakeAVCeleb_v1.2/RealVideo-FakeAudio/Asian (South)/women/id02089/00092_fake.mp4,1,0,1,1,FAKE,train,0.0,0.6971168518066406,14.349967002868652,1.0,ok,,/Users/jeevikakiran/Documents/USC/Multimodal/Project/syncnet_work_pretrained/pycrop/id02089__00092_fake__d6af6a4cb5/00000.avi,0.8392652205850593
id01392__00167__aac1e555ad,id01392,-,-,real,A,RealVideo-RealAudio,African,men,00167.mp4,RealVideo-RealAudio/African/men/id01392,RealVideo-RealAudio/African/men/id01392/00167.mp4,/Users/jeevikakiran/Documents/USC/Multimodal/Project/FakeAVCeleb_v1.2/FakeAVCeleb_v1.2/RealVideo-RealAudio/African/men/id01392/00167.mp4,1,0,0,0,REAL,train,-3.0,4.767118453979492,8.355303764343262,1.0,ok,,/Users/jeevikakiran/Documents/USC/Multimodal/Project/syncnet_work_pretrained/pycrop/id01392__00167__aac1e555ad/00000.avi,0.16957962936536766
id00262__00028__975d1df524,id00262,-,-,real,A,RealVideo-RealAudio,Caucasian (European),women,00028.mp4,RealVideo-RealAudio/Caucasian (European)/women/id00262,RealVideo-RealAudio/Caucasian (European)/women/id00262/00028.mp4,/Users/jeevikakiran/Documents/USC/Multimodal/Project/FakeAVCeleb_v1.2/FakeAVCeleb_v1.2/RealVideo-RealAudio/Caucasian (European)/women/id00262/00028.mp4,1,0,0,0,REAL,train,0.0,6.93821907043457,7.666018009185791,1.0,ok,,/Users/jeevikakiran/Documents/USC/Multimodal/Project/syncnet_work_pretrained/pycrop/id00262__00028__975d1df524/00000.avi,0.21939253646091642
id05631__00073_id06065_rni34ovupta__c417037ecc,id05631,id06065,-,fsgan,C,FakeVideo-RealAudio,Asian (East),women,00073_id06065_Rni34oVUpTA.mp4,FakeVideo-RealAudio/Asian (East)/women/id05631,FakeVideo-RealAudio/Asian (East)/women/id05631/00073_id06065_Rni34oVUpTA.mp4,/Users/jeevikakiran/Documents/USC/Multimodal/Project/FakeAVCeleb_v1.2/FakeAVCeleb_v1.2/FakeVideo-RealAudio/Asian (East)/women/id05631/00073_id06065_Rni34oVUpTA.mp4,1,1,0,1,FAKE,train,1.0,4.456750869750977,8.652843475341797,1.0,ok,,/Users/jeevikakiran/Documents/USC/Multimodal/Project/syncnet_work_pretrained/pycrop/id05631__00073_id06065_rni34ovupta__c417037ecc/00000.avi,0.07930563107121613
id04222__00078_fake__6aa1f1e4eb,id04222,fake.mp4,-,rtvc,B,RealVideo-FakeAudio,Asian (East),men,00078_fake.mp4,RealVideo-FakeAudio/Asian (East)/men/id04222,RealVideo-FakeAudio/Asian (East)/men/id04222/00078_fake.mp4,/Users/jeevikakiran/Documents/USC/Multimodal/Project/FakeAVCeleb_v1.2/FakeAVCeleb_v1.2/RealVideo-FakeAudio/Asian (East)/men/id04222/00078_fake.mp4,1,0,1,1,FAKE,train,0.0,0.5631704330444336,13.033278465270996,1.0,ok,,/Users/jeevikakiran/Documents/USC/Multimodal/Project/syncnet_work_pretrained/pycrop/id04222__00078_fake__6aa1f1e4eb/00000.avi,0.32116515356912867
id01098__00044__9050f53cbf,id01098,-,-,real,A,RealVideo-RealAudio,Caucasian (European),men,00044.mp4,RealVideo-RealAudio/Caucasian (European)/men/id01098,RealVideo-RealAudio/Caucasian (European)/men/id01098/00044.mp4,/Users/jeevikakiran/Documents/USC/Multimodal/Project/FakeAVCeleb_v1.2/FakeAVCeleb_v1.2/RealVideo-RealAudio/Caucasian (European)/men/id01098/00044.mp4,1,0,0,0,REAL,train,0.0,4.850155830383301,8.90218448638916,1.0,ok,,/Users/jeevikakiran/Documents/USC/Multimodal/Project/syncnet_work_pretrained/pycrop/id01098__00044__9050f53cbf/00000.avi,0.12140874479896638
id06355__00347__26d98edc9a,id06355,-,-,real,A,RealVideo-RealAudio,Asian (South),men,00347.mp4,RealVideo-RealAudio/Asian (South)/men/id06355,RealVideo-RealAudio/Asian (South)/men/id06355/00347.mp4,/Users/jeevikakiran/Documents/USC/Multimodal/Project/FakeAVCeleb_v1.2/FakeAVCeleb_v1.2/RealVideo-RealAudio/Asian (South)/men/id06355/00347.mp4,1,0,0,0,REAL,val,-3.0,4.935430526733398,8.640219688415527,1.0,ok,,/Users/jeevikakiran/Documents/USC/Multimodal/Project/syncnet_work_pretrained/pycrop/id06355__00347__26d98edc9a/00000.avi,0.2926682413978881
id03716__00040_id03651_ejcorkl6loi_faceswap_id00234_wavtolip__6d883f7c91,id03716,id03651,faceswap,faceswap-wav2lip,D,FakeVideo-FakeAudio,Caucasian (European),women,00040_id03651_EjcoRkL6loI_faceswap_id00234_wavtolip.mp4,FakeVideo-FakeAudio/Caucasian (European)/women/id03716,FakeVideo-FakeAudio/Caucasian (European)/women/id03716/00040_id03651_EjcoRkL6loI_faceswap_id00234_wavtolip.mp4,/Users/jeevikakiran/Documents/USC/Multimodal/Project/FakeAVCeleb_v1.2/FakeAVCeleb_v1.2/FakeVideo-FakeAudio/Caucasian (European)/women/id03716/00040_id03651_EjcoRkL6loI_faceswap_id00234_wavtolip.mp4,1,1,1,1,FAKE,train,-2.0,8.116907119750977,6.83769416809082,1.0,ok,,/Users/jeevikakiran/Documents/USC/Multimodal/Project/syncnet_work_pretrained/pycrop/id03716__00040_id03651_ejcorkl6loi_faceswap_id00234_wavtolip__6d883f7c91/00000.avi,0.46530806679139014
id04736__00083_fake__d9eba6c2f6,id04736,fake.mp4,-,rtvc,B,RealVideo-FakeAudio,African,women,00083_fake.mp4,RealVideo-FakeAudio/African/women/id04736,RealVideo-FakeAudio/African/women/id04736/00083_fake.mp4,/Users/jeevikakiran/Documents/USC/Multimodal/Project/FakeAVCeleb_v1.2/FakeAVCeleb_v1.2/RealVideo-FakeAudio/African/women/id04736/00083_fake.mp4,1,0,1,1,FAKE,train,13.0,0.9713344573974608,13.636551856994627,1.0,ok,,/Users/jeevikakiran/Documents/USC/Multimodal/Project/syncnet_work_pretrained/pycrop/id04736__00083_fake__d9eba6c2f6/00000.avi,0.9990790795246356
id00597__00019__6a5db1b0a7,id00597,-,-,real,A,RealVideo-RealAudio,Asian (East),men,00019.mp4,RealVideo-RealAudio/Asian (East)/men/id00597,RealVideo-RealAudio/Asian (East)/men/id00597/00019.mp4,/Users/jeevikakiran/Documents/USC/Multimodal/Project/FakeAVCeleb_v1.2/FakeAVCeleb_v1.2/RealVideo-RealAudio/Asian (East)/men/id00597/00019.mp4,1,0,0,0,REAL,train,-2.0,5.394246578216553,7.949992656707764,1.0,ok,,/Users/jeevikakiran/Documents/USC/Multimodal/Project/syncnet_work_pretrained/pycrop/id00597__00019__6a5db1b0a7/00000.avi,0.12924146282770294
id01170__00021_id01597_52wezxe4_ge_id01076_wavtolip__8b28efdac7,id01170,id01597,id01076,fsgan-wav2lip,D,FakeVideo-FakeAudio,African,men,00021_id01597_52WEZxe4_GE_id01076_wavtolip.mp4,FakeVideo-FakeAudio/African/men/id01170,FakeVideo-FakeAudio/African/men/id01170/00021_id01597_52WEZxe4_GE_id01076_wavtolip.mp4,/Users/jeevikakiran/Documents/USC/Multimodal/Project/FakeAVCeleb_v1.2/FakeAVCeleb_v1.2/FakeVideo-FakeAudio/African/men/id01170/00021_id01597_52WEZxe4_GE_id01076_wavtolip.mp4,1,1,1,1,FAKE,train,-2.0,8.719661712646484,6.024232864379883,1.0,ok,,/Users/jeevikakiran/Documents/USC/Multimodal/Project/syncnet_work_pretrained/pycrop/id01170__00021_id01597_52wezxe4_ge_id01076_wavtolip__8b28efdac7/00000.avi,0.33079847964683506
id04939__00174__3bf800fda8,id04939,-,-,real,A,RealVideo-RealAudio,African,women,00174.mp4,RealVideo-RealAudio/African/women/id04939,RealVideo-RealAudio/African/women/id04939/00174.mp4,/Users/jeevikakiran/Documents/USC/Multimodal/Project/FakeAVCeleb_v1.2/FakeAVCeleb_v1.2/RealVideo-RealAudio/African/women/id04939/00174.mp4,1,0,0,0,REAL,train,-1.0,6.859372138977051,8.234280586242676,1.0,ok,,/Users/jeevikakiran/Documents/USC/Multimodal/Project/syncnet_work_pretrained/pycrop/id04939__00174__3bf800fda8/00000.avi,0.5147410704028883
id00529__00409_id03678_dsfcxodi9i8_faceswap_id01042_wavtolip__82a97b3bf1,id00529,id03678,faceswap,faceswap-wav2lip,D,FakeVideo-FakeAudio,Caucasian (American),men,00409_id03678_dsfCxodI9i8_faceswap_id01042_wavtolip.mp4,FakeVideo-FakeAudio/Caucasian (American)/men/id00529,FakeVideo-FakeAudio/Caucasian (American)/men/id00529/00409_id03678_dsfCxodI9i8_faceswap_id01042_wavtolip.mp4,/Users/jeevikakiran/Documents/USC/Multimodal/Project/FakeAVCeleb_v1.2/FakeAVCeleb_v1.2/FakeVideo-FakeAudio/Caucasian (American)/men/id00529/00409_id03678_dsfCxodI9i8_faceswap_id01042_wavtolip.mp4,1,1,1,1,FAKE,train,-2.0,7.5274176597595215,7.14730167388916,1.0,ok,,/Users/jeevikakiran/Documents/USC/Multimodal/Project/syncnet_work_pretrained/pycrop/id00529__00409_id03678_dsfcxodi9i8_faceswap_id01042_wavtolip__82a97b3bf1/00000.avi,0.3999028522218439
id02508__00083__f580da19fa,id02508,-,-,real,A,RealVideo-RealAudio,African,women,00083.mp4,RealVideo-RealAudio/African/women/id02508,RealVideo-RealAudio/African/women/id02508/00083.mp4,/Users/jeevikakiran/Documents/USC/Multimodal/Project/FakeAVCeleb_v1.2/FakeAVCeleb_v1.2/RealVideo-RealAudio/African/women/id02508/00083.mp4,1,0,0,0,REAL,train,0.0,6.415582656860352,8.02039909362793,1.0,ok,,/Users/jeevikakiran/Documents/USC/Multimodal/Project/syncnet_work_pretrained/pycrop/id02508__00083__f580da19fa/00000.avi,0.20245513892097006
id00266__00470_id00594_2whhoksbevw_faceswap_id01102_wavtolip__fbc35133e1,id00266,id00594,faceswap,faceswap-wav2lip,D,FakeVideo-FakeAudio,Caucasian (European),men,00470_id00594_2WHHoksbeVw_faceswap_id01102_wavtolip.mp4,FakeVideo-FakeAudio/Caucasian (European)/men/id00266,FakeVideo-FakeAudio/Caucasian (European)/men/id00266/00470_id00594_2WHHoksbeVw_faceswap_id01102_wavtolip.mp4,/Users/jeevikakiran/Documents/USC/Multimodal/Project/FakeAVCeleb_v1.2/FakeAVCeleb_v1.2/FakeVideo-FakeAudio/Caucasian (European)/men/id00266/00470_id00594_2WHHoksbeVw_faceswap_id01102_wavtolip.mp4,1,1,1,1,FAKE,train,-2.0,6.947269916534424,6.970990180969238,1.0,ok,,/Users/jeevikakiran/Documents/USC/Multimodal/Project/syncnet_work_pretrained/pycrop/id00266__00470_id00594_2whhoksbevw_faceswap_id01102_wavtolip__fbc35133e1/00000.avi,0.18539693032527446
id06462__00014__dbefa65a49,id06462,-,-,real,A,RealVideo-RealAudio,Asian (East),women,00014.mp4,RealVideo-RealAudio/Asian (East)/women/id06462,RealVideo-RealAudio/Asian (East)/women/id06462/00014.mp4,/Users/jeevikakiran/Documents/USC/Multimodal/Project/FakeAVCeleb_v1.2/FakeAVCeleb_v1.2/RealVideo-RealAudio/Asian (East)/women/id06462/00014.mp4,1,0,0,0,REAL,val,-2.0,6.982573986053467,7.1592020988464355,1.0,ok,,/Users/jeevikakiran/Documents/USC/Multimodal/Project/syncnet_work_pretrained/pycrop/id06462__00014__dbefa65a49/00000.avi,0.24687807396402975
id00848__00028_fake__f62155e87f,id00848,fake.mp4,-,rtvc,B,RealVideo-FakeAudio,Caucasian (American),women,00028_fake.mp4,RealVideo-FakeAudio/Caucasian (American)/women/id00848,RealVideo-FakeAudio/Caucasian (American)/women/id00848/00028_fake.mp4,/Users/jeevikakiran/Documents/USC/Multimodal/Project/FakeAVCeleb_v1.2/FakeAVCeleb_v1.2/RealVideo-FakeAudio/Caucasian (American)/women/id00848/00028_fake.mp4,1,0,1,1,FAKE,train,-15.0,1.141815185546875,14.292189598083496,1.0,ok,,/Users/jeevikakiran/Documents/USC/Multimodal/Project/syncnet_work_pretrained/pycrop/id00848__00028_fake__f62155e87f/00000.avi,0.9999061343017944
id07108__00412__20effc4a0d,id07108,-,-,real,A,RealVideo-RealAudio,Asian (South),men,00412.mp4,RealVideo-RealAudio/Asian (South)/men/id07108,RealVideo-RealAudio/Asian (South)/men/id07108/00412.mp4,/Users/jeevikakiran/Documents/USC/Multimodal/Project/FakeAVCeleb_v1.2/FakeAVCeleb_v1.2/RealVideo-RealAudio/Asian (South)/men/id07108/00412.mp4,1,0,0,0,REAL,train,-2.0,6.714553356170654,7.7579522132873535,1.0,ok,,/Users/jeevikakiran/Documents/USC/Multimodal/Project/syncnet_work_pretrained/pycrop/id07108__00412__20effc4a0d/00000.avi,0.38607209761260036
id00100__00028__40870332ef,id00100,-,-,real,A,RealVideo-RealAudio,Caucasian (American),women,00028.mp4,RealVideo-RealAudio/Caucasian (American)/women/id00100,RealVideo-RealAudio/Caucasian (American)/women/id00100/00028.mp4,/Users/jeevikakiran/Documents/USC/Multimodal/Project/FakeAVCeleb_v1.2/FakeAVCeleb_v1.2/RealVideo-RealAudio/Caucasian (American)/women/id00100/00028.mp4,1,0,0,0,REAL,val,0.0,6.640415191650391,7.376402854919434,1.0,ok,,/Users/jeevikakiran/Documents/USC/Multimodal/Project/syncnet_work_pretrained/pycrop/id00100__00028__40870332ef/00000.avi,0.10370883455768624
id02948__00298__8137e19190,id02948,-,-,real,A,RealVideo-RealAudio,African,women,00298.mp4,RealVideo-RealAudio/African/women/id02948,RealVideo-RealAudio/African/women/id02948/00298.mp4,/Users/jeevikakiran/Documents/USC/Multimodal/Project/FakeAVCeleb_v1.2/FakeAVCeleb_v1.2/RealVideo-RealAudio/African/women/id02948/00298.mp4,1,0,0,0,REAL,train,-3.0,6.5823869705200195,8.120298385620117,1.0,ok,,/Users/jeevikakiran/Documents/USC/Multimodal/Project/syncnet_work_pretrained/pycrop/id02948__00298__8137e19190/00000.avi,0.60956181027903
id08313__00202_id04562_wavtolip__28222fc1f2,id08313,id04562,-,wav2lip,C,FakeVideo-RealAudio,Asian (South),men,00202_id04562_wavtolip.mp4,FakeVideo-RealAudio/Asian (South)/men/id08313,FakeVideo-RealAudio/Asian (South)/men/id08313/00202_id04562_wavtolip.mp4,/Users/jeevikakiran/Documents/USC/Multimodal/Project/FakeAVCeleb_v1.2/FakeAVCeleb_v1.2/FakeVideo-RealAudio/Asian (South)/men/id08313/00202_id04562_wavtolip.mp4,1,1,0,1,FAKE,train,-2.0,8.575103759765625,6.58573579788208,1.0,ok,,/Users/jeevikakiran/Documents/USC/Multimodal/Project/syncnet_work_pretrained/pycrop/id08313__00202_id04562_wavtolip__28222fc1f2/00000.avi,0.5123392114373876
id07768__00143__f81873b53d,id07768,-,-,real,A,RealVideo-RealAudio,Asian (South),men,00143.mp4,RealVideo-RealAudio/Asian (South)/men/id07768,RealVideo-RealAudio/Asian (South)/men/id07768/00143.mp4,/Users/jeevikakiran/Documents/USC/Multimodal/Project/FakeAVCeleb_v1.2/FakeAVCeleb_v1.2/RealVideo-RealAudio/Asian (South)/men/id07768/00143.mp4,1,0,0,0,REAL,train,-3.0,5.105539321899414,8.672754287719727,1.0,ok,,/Users/jeevikakiran/Documents/USC/Multimodal/Project/syncnet_work_pretrained/pycrop/id07768__00143__f81873b53d/00000.avi,0.35439296872841286
id01227__00052__112ee11319,id01227,-,-,real,A,RealVideo-RealAudio,Caucasian (American),women,00052.mp4,RealVideo-RealAudio/Caucasian (American)/women/id01227,RealVideo-RealAudio/Caucasian (American)/women/id01227/00052.mp4,/Users/jeevikakiran/Documents/USC/Multimodal/Project/FakeAVCeleb_v1.2/FakeAVCeleb_v1.2/RealVideo-RealAudio/Caucasian (American)/women/id01227/00052.mp4,1,0,0,0,REAL,train,0.0,6.701790809631348,7.480748176574707,1.0,ok,,/Users/jeevikakiran/Documents/USC/Multimodal/Project/syncnet_work_pretrained/pycrop/id01227__00052__112ee11319/00000.avi,0.1302874881732268
id05620__00005__282a4add77,id05620,-,-,real,A,RealVideo-RealAudio,Asian (East),women,00005.mp4,RealVideo-RealAudio/Asian (East)/women/id05620,RealVideo-RealAudio/Asian (East)/women/id05620/00005.mp4,/Users/jeevikakiran/Documents/USC/Multimodal/Project/FakeAVCeleb_v1.2/FakeAVCeleb_v1.2/RealVideo-RealAudio/Asian (East)/women/id05620/00005.mp4,1,0,0,0,REAL,train,4.0,4.736455917358398,8.777047157287598,1.0,ok,,/Users/jeevikakiran/Documents/USC/Multimodal/Project/syncnet_work_pretrained/pycrop/id05620__00005__282a4add77/00000.avi,0.39099242830267494
id06470__00052__175274abe7,id06470,-,-,real,A,RealVideo-RealAudio,Asian (East),men,00052.mp4,RealVideo-RealAudio/Asian (East)/men/id06470,RealVideo-RealAudio/Asian (East)/men/id06470/00052.mp4,/Users/jeevikakiran/Documents/USC/Multimodal/Project/FakeAVCeleb_v1.2/FakeAVCeleb_v1.2/RealVideo-RealAudio/Asian (East)/men/id06470/00052.mp4,1,0,0,0,REAL,train,-2.0,5.4773664474487305,8.523306846618652,1.0,ok,,/Users/jeevikakiran/Documents/USC/Multimodal/Project/syncnet_work_pretrained/pycrop/id06470__00052__175274abe7/00000.avi,0.3038673908753701
id06438__00110__86f7264f92,id06438,-,-,real,A,RealVideo-RealAudio,Asian (South),women,00110.mp4,RealVideo-RealAudio/Asian (South)/women/id06438,RealVideo-RealAudio/Asian (South)/women/id06438/00110.mp4,/Users/jeevikakiran/Documents/USC/Multimodal/Project/FakeAVCeleb_v1.2/FakeAVCeleb_v1.2/RealVideo-RealAudio/Asian (South)/women/id06438/00110.mp4,1,0,0,0,REAL,val,-3.0,6.051523208618164,8.460784912109375,1.0,ok,,/Users/jeevikakiran/Documents/USC/Multimodal/Project/syncnet_work_pretrained/pycrop/id06438__00110__86f7264f92/00000.avi,0.5766895176364504
id00696__00005__a8fb13b8d3,id00696,-,-,real,A,RealVideo-RealAudio,Caucasian (American),men,00005.mp4,RealVideo-RealAudio/Caucasian (American)/men/id00696,RealVideo-RealAudio/Caucasian (American)/men/id00696/00005.mp4,/Users/jeevikakiran/Documents/USC/Multimodal/Project/FakeAVCeleb_v1.2/FakeAVCeleb_v1.2/RealVideo-RealAudio/Caucasian (American)/men/id00696/00005.mp4,1,0,0,0,REAL,val,-2.0,6.340324878692627,7.024881839752197,1.0,ok,,/Users/jeevikakiran/Documents/USC/Multimodal/Project/syncnet_work_pretrained/pycrop/id00696__00005__a8fb13b8d3/00000.avi,0.09957460629276667
id07108__00412_fake__75158c7729,id07108,fake.mp4,-,rtvc,B,RealVideo-FakeAudio,Asian (South),men,00412_fake.mp4,RealVideo-FakeAudio/Asian (South)/men/id07108,RealVideo-FakeAudio/Asian (South)/men/id07108/00412_fake.mp4,/Users/jeevikakiran/Documents/USC/Multimodal/Project/FakeAVCeleb_v1.2/FakeAVCeleb_v1.2/RealVideo-FakeAudio/Asian (South)/men/id07108/00412_fake.mp4,1,0,1,1,FAKE,train,-7.0,1.4823493957519531,12.39760398864746,1.0,ok,,/Users/jeevikakiran/Documents/USC/Multimodal/Project/syncnet_work_pretrained/pycrop/id07108__00412_fake__75158c7729/00000.avi,0.9389847574024934
id00234__00063_id00234_wavtolip__2cf6e470db,id00234,id00234,-,wav2lip,D,FakeVideo-FakeAudio,Caucasian (European),women,00063_id00234_wavtolip.mp4,FakeVideo-FakeAudio/Caucasian (European)/women/id00234,FakeVideo-FakeAudio/Caucasian (European)/women/id00234/00063_id00234_wavtolip.mp4,/Users/jeevikakiran/Documents/USC/Multimodal/Project/FakeAVCeleb_v1.2/FakeAVCeleb_v1.2/FakeVideo-FakeAudio/Caucasian (European)/women/id00234/00063_id00234_wavtolip.mp4,1,1,1,1,FAKE,train,-2.0,5.648736000061035,8.989102363586426,1.0,ok,,/Users/jeevikakiran/Documents/USC/Multimodal/Project/syncnet_work_pretrained/pycrop/id00234__00063_id00234_wavtolip__2cf6e470db/00000.avi,0.5464950040334022
id00848__00028_id00458_wavtolip__821664efac,id00848,id00458,-,wav2lip,C,FakeVideo-RealAudio,Caucasian (American),women,00028_id00458_wavtolip.mp4,FakeVideo-RealAudio/Caucasian (American)/women/id00848,FakeVideo-RealAudio/Caucasian (American)/women/id00848/00028_id00458_wavtolip.mp4,/Users/jeevikakiran/Documents/USC/Multimodal/Project/FakeAVCeleb_v1.2/FakeAVCeleb_v1.2/FakeVideo-RealAudio/Caucasian (American)/women/id00848/00028_id00458_wavtolip.mp4,1,1,0,1,FAKE,train,-2.0,9.552879333496094,6.233486175537109,1.0,ok,,/Users/jeevikakiran/Documents/USC/Multimodal/Project/syncnet_work_pretrained/pycrop/id00848__00028_id00458_wavtolip__821664efac/00000.avi,0.6822656328201702
id06462__00014_id08819_wavtolip__5a195c746f,id06462,id08819,-,wav2lip,D,FakeVideo-FakeAudio,Asian (East),women,00014_id08819_wavtolip.mp4,FakeVideo-FakeAudio/Asian (East)/women/id06462,FakeVideo-FakeAudio/Asian (East)/women/id06462/00014_id08819_wavtolip.mp4,/Users/jeevikakiran/Documents/USC/Multimodal/Project/FakeAVCeleb_v1.2/FakeAVCeleb_v1.2/FakeVideo-FakeAudio/Asian (East)/women/id06462/00014_id08819_wavtolip.mp4,1,1,1,1,FAKE,train,-2.0,7.812262535095215,7.809821605682373,1.0,ok,,/Users/jeevikakiran/Documents/USC/Multimodal/Project/syncnet_work_pretrained/pycrop/id06462__00014_id08819_wavtolip__5a195c746f/00000.avi,0.7490406922215965
id01044__00336__5cc172877a,id01044,-,-,real,A,RealVideo-RealAudio,Caucasian (American),men,00336.mp4,RealVideo-RealAudio/Caucasian (American)/men/id01044,RealVideo-RealAudio/Caucasian (American)/men/id01044/00336.mp4,/Users/jeevikakiran/Documents/USC/Multimodal/Project/FakeAVCeleb_v1.2/FakeAVCeleb_v1.2/RealVideo-RealAudio/Caucasian (American)/men/id01044/00336.mp4,1,0,0,0,REAL,train,-1.0,6.6368818283081055,7.827155113220215,1.0,ok,,/Users/jeevikakiran/Documents/USC/Multimodal/Project/syncnet_work_pretrained/pycrop/id01044__00336__5cc172877a/00000.avi,0.2837502762473064
id00529__00409__7c4dd8a5fc,id00529,-,-,real,A,RealVideo-RealAudio,Caucasian (American),men,00409.mp4,RealVideo-RealAudio/Caucasian (American)/men/id00529,RealVideo-RealAudio/Caucasian (American)/men/id00529/00409.mp4,/Users/jeevikakiran/Documents/USC/Multimodal/Project/FakeAVCeleb_v1.2/FakeAVCeleb_v1.2/RealVideo-RealAudio/Caucasian (American)/men/id00529/00409.mp4,1,0,0,0,REAL,train,0.0,7.7642340660095215,7.256419181823731,1.0,ok,,/Users/jeevikakiran/Documents/USC/Multimodal/Project/syncnet_work_pretrained/pycrop/id00529__00409__7c4dd8a5fc/00000.avi,0.2985203126719387
id04583__00077__f2c90841de,id04583,-,-,real,A,RealVideo-RealAudio,Asian (South),women,00077.mp4,RealVideo-RealAudio/Asian (South)/women/id04583,RealVideo-RealAudio/Asian (South)/women/id04583/00077.mp4,/Users/jeevikakiran/Documents/USC/Multimodal/Project/FakeAVCeleb_v1.2/FakeAVCeleb_v1.2/RealVideo-RealAudio/Asian (South)/women/id04583/00077.mp4,1,0,0,0,REAL,train,-2.0,7.5052971839904785,7.087357997894287,1.0,ok,,/Users/jeevikakiran/Documents/USC/Multimodal/Project/syncnet_work_pretrained/pycrop/id04583__00077__f2c90841de/00000.avi,0.36896935915847345
id01637__00002_id02316_wavtolip__203ac2cec5,id01637,id02316,-,wav2lip,C,FakeVideo-RealAudio,African,men,00002_id02316_wavtolip.mp4,FakeVideo-RealAudio/African/men/id01637,FakeVideo-RealAudio/African/men/id01637/00002_id02316_wavtolip.mp4,/Users/jeevikakiran/Documents/USC/Multimodal/Project/FakeAVCeleb_v1.2/FakeAVCeleb_v1.2/FakeVideo-RealAudio/African/men/id01637/00002_id02316_wavtolip.mp4,1,1,0,1,FAKE,train,-2.0,8.143769264221191,7.456359386444092,1.0,ok,,/Users/jeevikakiran/Documents/USC/Multimodal/Project/syncnet_work_pretrained/pycrop/id01637__00002_id02316_wavtolip__203ac2cec5/00000.avi,0.7192896695519901
id00707__00052__09f3a466c2,id00707,-,-,real,A,RealVideo-RealAudio,African,women,00052.mp4,RealVideo-RealAudio/African/women/id00707,RealVideo-RealAudio/African/women/id00707/00052.mp4,/Users/jeevikakiran/Documents/USC/Multimodal/Project/FakeAVCeleb_v1.2/FakeAVCeleb_v1.2/RealVideo-RealAudio/African/women/id00707/00052.mp4,1,0,0,0,REAL,train,-1.0,7.667916297912598,7.198843479156494,1.0,ok,,/Users/jeevikakiran/Documents/USC/Multimodal/Project/syncnet_work_pretrained/pycrop/id00707__00052__09f3a466c2/00000.avi,0.3530581024808974
id01075__00160_fake__80457d5917,id01075,fake.mp4,-,rtvc,B,RealVideo-FakeAudio,Caucasian (American),women,00160_fake.mp4,RealVideo-FakeAudio/Caucasian (American)/women/id01075,RealVideo-FakeAudio/Caucasian (American)/women/id01075/00160_fake.mp4,/Users/jeevikakiran/Documents/USC/Multimodal/Project/FakeAVCeleb_v1.2/FakeAVCeleb_v1.2/RealVideo-FakeAudio/Caucasian (American)/women/id01075/00160_fake.mp4,1,0,1,1,FAKE,train,-11.0,1.9000015258789065,12.638242721557615,2.0,ok,,/Users/jeevikakiran/Documents/USC/Multimodal/Project/syncnet_work_pretrained/pycrop/id01075__00160_fake__80457d5917/00001.avi,0.9963098663142298
id04055__00001_fake__eed214599e,id04055,fake.mp4,-,rtvc,B,RealVideo-FakeAudio,African,women,00001_fake.mp4,RealVideo-FakeAudio/African/women/id04055,RealVideo-FakeAudio/African/women/id04055/00001_fake.mp4,/Users/jeevikakiran/Documents/USC/Multimodal/Project/FakeAVCeleb_v1.2/FakeAVCeleb_v1.2/RealVideo-FakeAudio/African/women/id04055/00001_fake.mp4,1,0,1,1,FAKE,train,-10.0,4.577746391296387,11.330304145812988,2.0,ok,,/Users/jeevikakiran/Documents/USC/Multimodal/Project/syncnet_work_pretrained/pycrop/id04055__00001_fake__eed214599e/00000.avi,0.9985017495263699
id00403__00052__886c3adf24,id00403,-,-,real,A,RealVideo-RealAudio,Caucasian (European),women,00052.mp4,RealVideo-RealAudio/Caucasian (European)/women/id00403,RealVideo-RealAudio/Caucasian (European)/women/id00403/00052.mp4,/Users/jeevikakiran/Documents/USC/Multimodal/Project/FakeAVCeleb_v1.2/FakeAVCeleb_v1.2/RealVideo-RealAudio/Caucasian (European)/women/id00403/00052.mp4,1,0,0,0,REAL,train,-1.0,7.932690143585205,7.551820278167725,1.0,ok,,/Users/jeevikakiran/Documents/USC/Multimodal/Project/syncnet_work_pretrained/pycrop/id00403__00052__886c3adf24/00000.avi,0.5852920632245318
id04414__00001__d126842ec4,id04414,-,-,real,A,RealVideo-RealAudio,Asian (East),women,00001.mp4,RealVideo-RealAudio/Asian (East)/women/id04414,RealVideo-RealAudio/Asian (East)/women/id04414/00001.mp4,/Users/jeevikakiran/Documents/USC/Multimodal/Project/FakeAVCeleb_v1.2/FakeAVCeleb_v1.2/RealVideo-RealAudio/Asian (East)/women/id04414/00001.mp4,1,0,0,0,REAL,train,0.0,6.545880317687988,8.015379905700684,1.0,ok,,/Users/jeevikakiran/Documents/USC/Multimodal/Project/syncnet_work_pretrained/pycrop/id04414__00001__d126842ec4/00000.avi,0.23058317613859072
id02316__00094__844a37ef8f,id02316,-,-,real,A,RealVideo-RealAudio,African,men,00094.mp4,RealVideo-RealAudio/African/men/id02316,RealVideo-RealAudio/African/men/id02316/00094.mp4,/Users/jeevikakiran/Documents/USC/Multimodal/Project/FakeAVCeleb_v1.2/FakeAVCeleb_v1.2/RealVideo-RealAudio/African/men/id02316/00094.mp4,1,0,0,0,REAL,train,0.0,6.002885818481445,8.301666259765625,1.0,ok,,/Users/jeevikakiran/Documents/USC/Multimodal/Project/syncnet_work_pretrained/pycrop/id02316__00094__844a37ef8f/00000.avi,0.19015603622045205
id03205__00150__eadd695a3f,id03205,-,-,real,A,RealVideo-RealAudio,Caucasian (European),men,00150.mp4,RealVideo-RealAudio/Caucasian (European)/men/id03205,RealVideo-RealAudio/Caucasian (European)/men/id03205/00150.mp4,/Users/jeevikakiran/Documents/USC/Multimodal/Project/FakeAVCeleb_v1.2/FakeAVCeleb_v1.2/RealVideo-RealAudio/Caucasian (European)/men/id03205/00150.mp4,1,0,0,0,REAL,train,0.0,5.181206703186035,8.880317687988281,1.0,ok,,/Users/jeevikakiran/Documents/USC/Multimodal/Project/syncnet_work_pretrained/pycrop/id03205__00150__eadd695a3f/00000.avi,0.17182046735890164
id03556__00043__c9ea1b62c8,id03556,-,-,real,A,RealVideo-RealAudio,Caucasian (American),women,00043.mp4,RealVideo-RealAudio/Caucasian (American)/women/id03556,RealVideo-RealAudio/Caucasian (American)/women/id03556/00043.mp4,/Users/jeevikakiran/Documents/USC/Multimodal/Project/FakeAVCeleb_v1.2/FakeAVCeleb_v1.2/RealVideo-RealAudio/Caucasian (American)/women/id03556/00043.mp4,1,0,0,0,REAL,train,-3.0,5.392233848571777,8.126310348510742,1.0,ok,,/Users/jeevikakiran/Documents/USC/Multimodal/Project/syncnet_work_pretrained/pycrop/id03556__00043__c9ea1b62c8/00000.avi,0.24268853860123907
id00616__00305_fake__2be6fd78d2,id00616,fake.mp4,-,rtvc,B,RealVideo-FakeAudio,Caucasian (American),women,00305_fake.mp4,RealVideo-FakeAudio/Caucasian (American)/women/id00616,RealVideo-FakeAudio/Caucasian (American)/women/id00616/00305_fake.mp4,/Users/jeevikakiran/Documents/USC/Multimodal/Project/FakeAVCeleb_v1.2/FakeAVCeleb_v1.2/RealVideo-FakeAudio/Caucasian (American)/women/id00616/00305_fake.mp4,1,0,1,1,FAKE,train,15.0,1.2606964111328125,12.790749549865724,1.0,ok,,/Users/jeevikakiran/Documents/USC/Multimodal/Project/syncnet_work_pretrained/pycrop/id00616__00305_fake__2be6fd78d2/00000.avi,0.9989923594014187
id03656__00052_fake__e5bd64f193,id03656,fake.mp4,-,rtvc,B,RealVideo-FakeAudio,African,women,00052_fake.mp4,RealVideo-FakeAudio/African/women/id03656,RealVideo-FakeAudio/African/women/id03656/00052_fake.mp4,/Users/jeevikakiran/Documents/USC/Multimodal/Project/FakeAVCeleb_v1.2/FakeAVCeleb_v1.2/RealVideo-FakeAudio/African/women/id03656/00052_fake.mp4,1,0,1,1,FAKE,train,4.0,1.9421625137329104,12.531617164611816,1.0,ok,,/Users/jeevikakiran/Documents/USC/Multimodal/Project/syncnet_work_pretrained/pycrop/id03656__00052_fake__e5bd64f193/00000.avi,0.8957564251487364
id00529__00409_id01042_wavtolip__8a61c2371c,id00529,id01042,-,wav2lip,C,FakeVideo-RealAudio,Caucasian (American),men,00409_id01042_wavtolip.mp4,FakeVideo-RealAudio/Caucasian (American)/men/id00529,FakeVideo-RealAudio/Caucasian (American)/men/id00529/00409_id01042_wavtolip.mp4,/Users/jeevikakiran/Documents/USC/Multimodal/Project/FakeAVCeleb_v1.2/FakeAVCeleb_v1.2/FakeVideo-RealAudio/Caucasian (American)/men/id00529/00409_id01042_wavtolip.mp4,1,1,0,1,FAKE,train,-2.0,7.898277282714844,7.0712432861328125,1.0,ok,,/Users/jeevikakiran/Documents/USC/Multimodal/Project/syncnet_work_pretrained/pycrop/id00529__00409_id01042_wavtolip__8a61c2371c/00000.avi,0.4905925102167225
id03379__00032__5aa93c43ab,id03379,-,-,real,A,RealVideo-RealAudio,Asian (East),women,00032.mp4,RealVideo-RealAudio/Asian (East)/women/id03379,RealVideo-RealAudio/Asian (East)/women/id03379/00032.mp4,/Users/jeevikakiran/Documents/USC/Multimodal/Project/FakeAVCeleb_v1.2/FakeAVCeleb_v1.2/RealVideo-RealAudio/Asian (East)/women/id03379/00032.mp4,1,0,0,0,REAL,train,-1.0,5.734532356262207,9.399222373962402,1.0,ok,,/Users/jeevikakiran/Documents/USC/Multimodal/Project/syncnet_work_pretrained/pycrop/id03379__00032__5aa93c43ab/00000.avi,0.626820294128641
id07210__00005__273c2ad8a3,id07210,-,-,real,A,RealVideo-RealAudio,Asian (South),men,00005.mp4,RealVideo-RealAudio/Asian (South)/men/id07210,RealVideo-RealAudio/Asian (South)/men/id07210/00005.mp4,/Users/jeevikakiran/Documents/USC/Multimodal/Project/FakeAVCeleb_v1.2/FakeAVCeleb_v1.2/RealVideo-RealAudio/Asian (South)/men/id07210/00005.mp4,1,0,0,0,REAL,train,-2.0,3.6922311782836914,9.6256103515625,1.0,ok,,/Users/jeevikakiran/Documents/USC/Multimodal/Project/syncnet_work_pretrained/pycrop/id07210__00005__273c2ad8a3/00000.avi,0.20437643738882283
id00149__00284_id04530_w5_pttl9hzu__ab0d5acb78,id00149,id04530,-,fsgan,C,FakeVideo-RealAudio,Asian (South),women,00284_id04530_W5-PTTL9HzU.mp4,FakeVideo-RealAudio/Asian (South)/women/id00149,FakeVideo-RealAudio/Asian (South)/women/id00149/00284_id04530_W5-PTTL9HzU.mp4,/Users/jeevikakiran/Documents/USC/Multimodal/Project/FakeAVCeleb_v1.2/FakeAVCeleb_v1.2/FakeVideo-RealAudio/Asian (South)/women/id00149/00284_id04530_W5-PTTL9HzU.mp4,1,1,0,1,FAKE,train,-1.0,5.059758186340332,8.319028854370117,1.0,ok,,/Users/jeevikakiran/Documents/USC/Multimodal/Project/syncnet_work_pretrained/pycrop/id00149__00284_id04530_w5_pttl9hzu__ab0d5acb78/00000.avi,0.09906222880459488
id00185__00015__fcf0acfe38,id00185,-,-,real,A,RealVideo-RealAudio,Caucasian (European),men,00015.mp4,RealVideo-RealAudio/Caucasian (European)/men/id00185,RealVideo-RealAudio/Caucasian (European)/men/id00185/00015.mp4,/Users/jeevikakiran/Documents/USC/Multimodal/Project/FakeAVCeleb_v1.2/FakeAVCeleb_v1.2/RealVideo-RealAudio/Caucasian (European)/men/id00185/00015.mp4,1,0,0,0,REAL,train,-2.0,5.789712905883789,8.383807182312012,1.0,ok,,/Users/jeevikakiran/Documents/USC/Multimodal/Project/syncnet_work_pretrained/pycrop/id00185__00015__fcf0acfe38/00000.avi,0.3438653459402465
id01099__00206__d847011753,id01099,-,-,real,A,RealVideo-RealAudio,Caucasian (European),men,00206.mp4,RealVideo-RealAudio/Caucasian (European)/men/id01099,RealVideo-RealAudio/Caucasian (European)/men/id01099/00206.mp4,/Users/jeevikakiran/Documents/USC/Multimodal/Project/FakeAVCeleb_v1.2/FakeAVCeleb_v1.2/RealVideo-RealAudio/Caucasian (European)/men/id01099/00206.mp4,1,0,0,0,REAL,train,-4.0,6.209158897399902,7.350195407867432,1.0,ok,,/Users/jeevikakiran/Documents/USC/Multimodal/Project/syncnet_work_pretrained/pycrop/id01099__00206__d847011753/00000.avi,0.29339916518415793
id00701__00092_fake__4ff115abf6,id00701,fake.mp4,-,rtvc,B,RealVideo-FakeAudio,African,men,00092_fake.mp4,RealVideo-FakeAudio/African/men/id00701,RealVideo-FakeAudio/African/men/id00701/00092_fake.mp4,/Users/jeevikakiran/Documents/USC/Multimodal/Project/FakeAVCeleb_v1.2/FakeAVCeleb_v1.2/RealVideo-FakeAudio/African/men/id00701/00092_fake.mp4,1,0,1,1,FAKE,train,13.0,1.240534782409668,13.689653396606444,1.0,ok,,/Users/jeevikakiran/Documents/USC/Multimodal/Project/syncnet_work_pretrained/pycrop/id00701__00092_fake__4ff115abf6/00000.avi,0.999412636911233
id04221__00053__af590f5524,id04221,-,-,real,A,RealVideo-RealAudio,Caucasian (American),men,00053.mp4,RealVideo-RealAudio/Caucasian (American)/men/id04221,RealVideo-RealAudio/Caucasian (American)/men/id04221/00053.mp4,/Users/jeevikakiran/Documents/USC/Multimodal/Project/FakeAVCeleb_v1.2/FakeAVCeleb_v1.2/RealVideo-RealAudio/Caucasian (American)/men/id04221/00053.mp4,1,0,0,0,REAL,train,-1.0,5.586911201477051,8.52224063873291,1.0,ok,,/Users/jeevikakiran/Documents/USC/Multimodal/Project/syncnet_work_pretrained/pycrop/id04221__00053__af590f5524/00000.avi,0.23886303502784903
id01035__00012__36c9444d40,id01035,-,-,real,A,RealVideo-RealAudio,Caucasian (American),men,00012.mp4,RealVideo-RealAudio/Caucasian (American)/men/id01035,RealVideo-RealAudio/Caucasian (American)/men/id01035/00012.mp4,/Users/jeevikakiran/Documents/USC/Multimodal/Project/FakeAVCeleb_v1.2/FakeAVCeleb_v1.2/RealVideo-RealAudio/Caucasian (American)/men/id01035/00012.mp4,1,0,0,0,REAL,train,-5.0,6.455377578735352,7.237953662872315,1.0,ok,,/Users/jeevikakiran/Documents/USC/Multimodal/Project/syncnet_work_pretrained/pycrop/id01035__00012__36c9444d40/00000.avi,0.43443165608616
id04219__00130_id03678_wavtolip__072acbc90e,id04219,id03678,-,wav2lip,C,FakeVideo-RealAudio,Caucasian (American),men,00130_id03678_wavtolip.mp4,FakeVideo-RealAudio/Caucasian (American)/men/id04219,FakeVideo-RealAudio/Caucasian (American)/men/id04219/00130_id03678_wavtolip.mp4,/Users/jeevikakiran/Documents/USC/Multimodal/Project/FakeAVCeleb_v1.2/FakeAVCeleb_v1.2/FakeVideo-RealAudio/Caucasian (American)/men/id04219/00130_id03678_wavtolip.mp4,1,1,0,1,FAKE,train,-2.0,5.9166717529296875,8.8102388381958,1.0,ok,,/Users/jeevikakiran/Documents/USC/Multimodal/Project/syncnet_work_pretrained/pycrop/id04219__00130_id03678_wavtolip__072acbc90e/00000.avi,0.5605665344956868
id00220__00027__1694157be1,id00220,-,-,real,A,RealVideo-RealAudio,African,women,00027.mp4,RealVideo-RealAudio/African/women/id00220,RealVideo-RealAudio/African/women/id00220/00027.mp4,/Users/jeevikakiran/Documents/USC/Multimodal/Project/FakeAVCeleb_v1.2/FakeAVCeleb_v1.2/RealVideo-RealAudio/African/women/id00220/00027.mp4,1,0,0,0,REAL,val,-2.0,7.414899826049805,8.061348915100098,1.0,ok,,/Users/jeevikakiran/Documents/USC/Multimodal/Project/syncnet_work_pretrained/pycrop/id00220__00027__1694157be1/00000.avi,0.7282721161512565
id00188__00020__3f6fd00a67,id00188,-,-,real,A,RealVideo-RealAudio,Caucasian (European),women,00020.mp4,RealVideo-RealAudio/Caucasian (European)/women/id00188,RealVideo-RealAudio/Caucasian (European)/women/id00188/00020.mp4,/Users/jeevikakiran/Documents/USC/Multimodal/Project/FakeAVCeleb_v1.2/FakeAVCeleb_v1.2/RealVideo-RealAudio/Caucasian (European)/women/id00188/00020.mp4,1,0,0,0,REAL,train,0.0,6.557966232299805,7.787681102752685,1.0,ok,,/Users/jeevikakiran/Documents/USC/Multimodal/Project/syncnet_work_pretrained/pycrop/id00188__00020__3f6fd00a67/00000.avi,0.17177954344248914
id00597__00019_fake__3fe1b8c564,id00597,fake.mp4,-,rtvc,B,RealVideo-FakeAudio,Asian (East),men,00019_fake.mp4,RealVideo-FakeAudio/Asian (East)/men/id00597,RealVideo-FakeAudio/Asian (East)/men/id00597/00019_fake.mp4,/Users/jeevikakiran/Documents/USC/Multimodal/Project/FakeAVCeleb_v1.2/FakeAVCeleb_v1.2/RealVideo-FakeAudio/Asian (East)/men/id00597/00019_fake.mp4,1,0,1,1,FAKE,train,12.0,1.2253904342651367,12.85250759124756,1.0,ok,,/Users/jeevikakiran/Documents/USC/Multimodal/Project/syncnet_work_pretrained/pycrop/id00597__00019_fake__3fe1b8c564/00000.avi,0.9960556103631399
id03668__00143__64e476325f,id03668,-,-,real,A,RealVideo-RealAudio,Caucasian (American),men,00143.mp4,RealVideo-RealAudio/Caucasian (American)/men/id03668,RealVideo-RealAudio/Caucasian (American)/men/id03668/00143.mp4,/Users/jeevikakiran/Documents/USC/Multimodal/Project/FakeAVCeleb_v1.2/FakeAVCeleb_v1.2/RealVideo-RealAudio/Caucasian (American)/men/id03668/00143.mp4,1,0,0,0,REAL,train,1.0,8.066017150878906,6.4354119300842285,1.0,ok,,/Users/jeevikakiran/Documents/USC/Multimodal/Project/syncnet_work_pretrained/pycrop/id03668__00143__64e476325f/00000.avi,0.20410756559244378
id04530__00231__0a20aba6c4,id04530,-,-,real,A,RealVideo-RealAudio,Asian (South),women,00231.mp4,RealVideo-RealAudio/Asian (South)/women/id04530,RealVideo-RealAudio/Asian (South)/women/id04530/00231.mp4,/Users/jeevikakiran/Documents/USC/Multimodal/Project/FakeAVCeleb_v1.2/FakeAVCeleb_v1.2/RealVideo-RealAudio/Asian (South)/women/id04530/00231.mp4,1,0,0,0,REAL,train,-2.0,6.158597946166992,7.871068954467773,1.0,ok,,/Users/jeevikakiran/Documents/USC/Multimodal/Project/syncnet_work_pretrained/pycrop/id04530__00231__0a20aba6c4/00000.avi,0.2655346250116759
id03941__00021__2de5f38176,id03941,-,-,real,A,RealVideo-RealAudio,Caucasian (European),women,00021.mp4,RealVideo-RealAudio/Caucasian (European)/women/id03941,RealVideo-RealAudio/Caucasian (European)/women/id03941/00021.mp4,/Users/jeevikakiran/Documents/USC/Multimodal/Project/FakeAVCeleb_v1.2/FakeAVCeleb_v1.2/RealVideo-RealAudio/Caucasian (European)/women/id03941/00021.mp4,1,0,0,0,REAL,train,-1.0,6.589898109436035,7.881853580474853,1.0,ok,,/Users/jeevikakiran/Documents/USC/Multimodal/Project/syncnet_work_pretrained/pycrop/id03941__00021__2de5f38176/00000.avi,0.28976107379117744
id09143__00056_id07102_4gkplwvjpsi_id04691_wavtolip__dd3caed7f4,id09143,id07102,id04691,fsgan-wav2lip,D,FakeVideo-FakeAudio,Asian (East),men,00056_id07102_4gKPlwvjpsI_id04691_wavtolip.mp4,FakeVideo-FakeAudio/Asian (East)/men/id09143,FakeVideo-FakeAudio/Asian (East)/men/id09143/00056_id07102_4gKPlwvjpsI_id04691_wavtolip.mp4,/Users/jeevikakiran/Documents/USC/Multimodal/Project/FakeAVCeleb_v1.2/FakeAVCeleb_v1.2/FakeVideo-FakeAudio/Asian (East)/men/id09143/00056_id07102_4gKPlwvjpsI_id04691_wavtolip.mp4,1,1,1,1,FAKE,val,-2.0,6.8846435546875,7.256606101989746,1.0,ok,,/Users/jeevikakiran/Documents/USC/Multimodal/Project/syncnet_work_pretrained/pycrop/id09143__00056_id07102_4gkplwvjpsi_id04691_wavtolip__dd3caed7f4/00000.avi,0.25310935077204577
id00498__00014__f035c27b4c,id00498,-,-,real,A,RealVideo-RealAudio,Caucasian (European),men,00014.mp4,RealVideo-RealAudio/Caucasian (European)/men/id00498,RealVideo-RealAudio/Caucasian (European)/men/id00498/00014.mp4,/Users/jeevikakiran/Documents/USC/Multimodal/Project/FakeAVCeleb_v1.2/FakeAVCeleb_v1.2/RealVideo-RealAudio/Caucasian (European)/men/id00498/00014.mp4,1,0,0,0,REAL,train,-1.0,5.1761932373046875,7.802447319030762,1.0,ok,,/Users/jeevikakiran/Documents/USC/Multimodal/Project/syncnet_work_pretrained/pycrop/id00498__00014__f035c27b4c/00000.avi,0.0510047615963354
id01179__00160__697f65a5b3,id01179,-,-,real,A,RealVideo-RealAudio,African,men,00160.mp4,RealVideo-RealAudio/African/men/id01179,RealVideo-RealAudio/African/men/id01179/00160.mp4,/Users/jeevikakiran/Documents/USC/Multimodal/Project/FakeAVCeleb_v1.2/FakeAVCeleb_v1.2/RealVideo-RealAudio/African/men/id01179/00160.mp4,1,0,0,0,REAL,train,-2.0,6.208630561828613,8.41456413269043,1.0,ok,,/Users/jeevikakiran/Documents/USC/Multimodal/Project/syncnet_work_pretrained/pycrop/id01179__00160__697f65a5b3/00000.avi,0.49167931644103235
id04884__00028_id06878_wavtolip__d0b8d98c18,id04884,id06878,-,wav2lip,C,FakeVideo-RealAudio,Asian (East),men,00028_id06878_wavtolip.mp4,FakeVideo-RealAudio/Asian (East)/men/id04884,FakeVideo-RealAudio/Asian (East)/men/id04884/00028_id06878_wavtolip.mp4,/Users/jeevikakiran/Documents/USC/Multimodal/Project/FakeAVCeleb_v1.2/FakeAVCeleb_v1.2/FakeVideo-RealAudio/Asian (East)/men/id04884/00028_id06878_wavtolip.mp4,1,1,0,1,FAKE,val,-3.0,6.1929121017456055,8.63731575012207,1.0,ok,,/Users/jeevikakiran/Documents/USC/Multimodal/Project/syncnet_work_pretrained/pycrop/id04884__00028_id06878_wavtolip__d0b8d98c18/00000.avi,0.6892046286370259
id01933__00028_id04727_aanyugiaxao__bdb520d6e2,id01933,id04727,-,fsgan,C,FakeVideo-RealAudio,African,men,00028_id04727_AAnyugIAXao.mp4,FakeVideo-RealAudio/African/men/id01933,FakeVideo-RealAudio/African/men/id01933/00028_id04727_AAnyugIAXao.mp4,/Users/jeevikakiran/Documents/USC/Multimodal/Project/FakeAVCeleb_v1.2/FakeAVCeleb_v1.2/FakeVideo-RealAudio/African/men/id01933/00028_id04727_AAnyugIAXao.mp4,1,1,0,1,FAKE,train,-2.0,4.677044868469238,8.291276931762695,1.0,ok,,/Users/jeevikakiran/Documents/USC/Multimodal/Project/syncnet_work_pretrained/pycrop/id01933__00028_id04727_aanyugiaxao__bdb520d6e2/00000.avi,0.09177813627560705
id01532__00065_id04736_d2k4fmhefq__974f50958c,id01532,id04736,-,fsgan,C,FakeVideo-RealAudio,African,women,00065_id04736__D2k4fMhEfQ.mp4,FakeVideo-RealAudio/African/women/id01532,FakeVideo-RealAudio/African/women/id01532/00065_id04736__D2k4fMhEfQ.mp4,/Users/jeevikakiran/Documents/USC/Multimodal/Project/FakeAVCeleb_v1.2/FakeAVCeleb_v1.2/FakeVideo-RealAudio/African/women/id01532/00065_id04736__D2k4fMhEfQ.mp4,1,1,0,1,FAKE,train,-6.0,4.01304817199707,9.400848388671877,1.0,ok,,/Users/jeevikakiran/Documents/USC/Multimodal/Project/syncnet_work_pretrained/pycrop/id01532__00065_id04736_d2k4fmhefq__974f50958c/00000.avi,0.6434930373607674
id00459__00382__9f56cebe83,id00459,-,-,real,A,RealVideo-RealAudio,Asian (South),men,00382.mp4,RealVideo-RealAudio/Asian (South)/men/id00459,RealVideo-RealAudio/Asian (South)/men/id00459/00382.mp4,/Users/jeevikakiran/Documents/USC/Multimodal/Project/FakeAVCeleb_v1.2/FakeAVCeleb_v1.2/RealVideo-RealAudio/Asian (South)/men/id00459/00382.mp4,1,0,0,0,REAL,train,0.0,4.993583679199219,8.844107627868652,1.0,ok,,/Users/jeevikakiran/Documents/USC/Multimodal/Project/syncnet_work_pretrained/pycrop/id00459__00382__9f56cebe83/00000.avi,0.13180315090278236
id00264__00257_id00243_wavtolip__f1823e19dd,id00264,id00243,-,wav2lip,D,FakeVideo-FakeAudio,Caucasian (American),men,00257_id00243_wavtolip.mp4,FakeVideo-FakeAudio/Caucasian (American)/men/id00264,FakeVideo-FakeAudio/Caucasian (American)/men/id00264/00257_id00243_wavtolip.mp4,/Users/jeevikakiran/Documents/USC/Multimodal/Project/FakeAVCeleb_v1.2/FakeAVCeleb_v1.2/FakeVideo-FakeAudio/Caucasian (American)/men/id00264/00257_id00243_wavtolip.mp4,1,1,1,1,FAKE,train,-2.0,7.156507968902588,7.845560073852539,1.0,ok,,/Users/jeevikakiran/Documents/USC/Multimodal/Project/syncnet_work_pretrained/pycrop/id00264__00257_id00243_wavtolip__f1823e19dd/00000.avi,0.5685054254711053
id01192__00217_id00088_wavtolip__570121ac77,id01192,id00088,-,wav2lip,D,FakeVideo-FakeAudio,Caucasian (American),men,00217_id00088_wavtolip.mp4,FakeVideo-FakeAudio/Caucasian (American)/men/id01192,FakeVideo-FakeAudio/Caucasian (American)/men/id01192/00217_id00088_wavtolip.mp4,/Users/jeevikakiran/Documents/USC/Multimodal/Project/FakeAVCeleb_v1.2/FakeAVCeleb_v1.2/FakeVideo-FakeAudio/Caucasian (American)/men/id01192/00217_id00088_wavtolip.mp4,1,1,1,1,FAKE,train,-2.0,7.919083118438721,7.027341365814209,1.0,ok,,/Users/jeevikakiran/Documents/USC/Multimodal/Project/syncnet_work_pretrained/pycrop/id01192__00217_id00088_wavtolip__570121ac77/00000.avi,0.4790478932896984
id01933__00028__3e10a0a57b,id01933,-,-,real,A,RealVideo-RealAudio,African,men,00028.mp4,RealVideo-RealAudio/African/men/id01933,RealVideo-RealAudio/African/men/id01933/00028.mp4,/Users/jeevikakiran/Documents/USC/Multimodal/Project/FakeAVCeleb_v1.2/FakeAVCeleb_v1.2/RealVideo-RealAudio/African/men/id01933/00028.mp4,1,0,0,0,REAL,train,-3.0,4.696110725402832,8.977673530578613,1.0,ok,,/Users/jeevikakiran/Documents/USC/Multimodal/Project/syncnet_work_pretrained/pycrop/id01933__00028__3e10a0a57b/00000.avi,0.3467232964243212
id00752__00340__44a25b2ede,id00752,-,-,real,A,RealVideo-RealAudio,Caucasian (American),women,00340.mp4,RealVideo-RealAudio/Caucasian (American)/women/id00752,RealVideo-RealAudio/Caucasian (American)/women/id00752/00340.mp4,/Users/jeevikakiran/Documents/USC/Multimodal/Project/FakeAVCeleb_v1.2/FakeAVCeleb_v1.2/RealVideo-RealAudio/Caucasian (American)/women/id00752/00340.mp4,1,0,0,0,REAL,train,-3.0,7.014151573181152,7.574414253234863,1.0,ok,,/Users/jeevikakiran/Documents/USC/Multimodal/Project/syncnet_work_pretrained/pycrop/id00752__00340__44a25b2ede/00000.avi,0.5255907707057684
id08299__00110__7ada6275e1,id08299,-,-,real,A,RealVideo-RealAudio,Asian (East),men,00110.mp4,RealVideo-RealAudio/Asian (East)/men/id08299,RealVideo-RealAudio/Asian (East)/men/id08299/00110.mp4,/Users/jeevikakiran/Documents/USC/Multimodal/Project/FakeAVCeleb_v1.2/FakeAVCeleb_v1.2/RealVideo-RealAudio/Asian (East)/men/id08299/00110.mp4,1,0,0,0,REAL,train,0.0,7.778414249420166,7.70354700088501,1.0,ok,,/Users/jeevikakiran/Documents/USC/Multimodal/Project/syncnet_work_pretrained/pycrop/id08299__00110__7ada6275e1/00000.avi,0.47979523676431807
id02561__02561_id09053_wavtolip__7326fb47ee,id02561,id09053,-,wav2lip,C,FakeVideo-RealAudio,Asian (East),men,02561_id09053_wavtolip.mp4,FakeVideo-RealAudio/Asian (East)/men/id02561,FakeVideo-RealAudio/Asian (East)/men/id02561/02561_id09053_wavtolip.mp4,/Users/jeevikakiran/Documents/USC/Multimodal/Project/FakeAVCeleb_v1.2/FakeAVCeleb_v1.2/FakeVideo-RealAudio/Asian (East)/men/id02561/02561_id09053_wavtolip.mp4,1,1,0,1,FAKE,train,-2.0,7.435611248016357,7.530138969421387,1.0,ok,,/Users/jeevikakiran/Documents/USC/Multimodal/Project/syncnet_work_pretrained/pycrop/id02561__02561_id09053_wavtolip__7326fb47ee/00000.avi,0.529271122815373
id01179__00160_id02005_7_egh9mw5y4__9b6bc9dc7d,id01179,id02005,-,fsgan,C,FakeVideo-RealAudio,African,men,00160_id02005_7_Egh9mW5y4.mp4,FakeVideo-RealAudio/African/men/id01179,FakeVideo-RealAudio/African/men/id01179/00160_id02005_7_Egh9mW5y4.mp4,/Users/jeevikakiran/Documents/USC/Multimodal/Project/FakeAVCeleb_v1.2/FakeAVCeleb_v1.2/FakeVideo-RealAudio/African/men/id01179/00160_id02005_7_Egh9mW5y4.mp4,1,1,0,1,FAKE,train,-3.0,6.074995517730713,7.910933017730713,1.0,ok,,/Users/jeevikakiran/Documents/USC/Multimodal/Project/syncnet_work_pretrained/pycrop/id01179__00160_id02005_7_egh9mw5y4__9b6bc9dc7d/00000.avi,0.35727355841356423
id01052__00076_id00709_rh23elmgsiq_faceswap__58f4695987,id01052,id00709,-,faceswap,C,FakeVideo-RealAudio,Caucasian (European),men,00076_id00709_Rh23ELMGsIQ_faceswap.mp4,FakeVideo-RealAudio/Caucasian (European)/men/id01052,FakeVideo-RealAudio/Caucasian (European)/men/id01052/00076_id00709_Rh23ELMGsIQ_faceswap.mp4,/Users/jeevikakiran/Documents/USC/Multimodal/Project/FakeAVCeleb_v1.2/FakeAVCeleb_v1.2/FakeVideo-RealAudio/Caucasian (European)/men/id01052/00076_id00709_Rh23ELMGsIQ_faceswap.mp4,1,1,0,1,FAKE,train,-6.0,7.759658336639404,7.090704441070557,1.0,ok,,/Users/jeevikakiran/Documents/USC/Multimodal/Project/syncnet_work_pretrained/pycrop/id01052__00076_id00709_rh23elmgsiq_faceswap__58f4695987/00000.avi,0.8467085416434926
id06470__00052_fake__6ddd36b646,id06470,fake.mp4,-,rtvc,B,RealVideo-FakeAudio,Asian (East),men,00052_fake.mp4,RealVideo-FakeAudio/Asian (East)/men/id06470,RealVideo-FakeAudio/Asian (East)/men/id06470/00052_fake.mp4,/Users/jeevikakiran/Documents/USC/Multimodal/Project/FakeAVCeleb_v1.2/FakeAVCeleb_v1.2/RealVideo-FakeAudio/Asian (East)/men/id06470/00052_fake.mp4,1,0,1,1,FAKE,train,8.0,0.947443962097168,12.524909019470217,1.0,ok,,/Users/jeevikakiran/Documents/USC/Multimodal/Project/syncnet_work_pretrained/pycrop/id06470__00052_fake__6ddd36b646/00000.avi,0.9374451363692734
id00145__00043__40c42852d5,id00145,-,-,real,A,RealVideo-RealAudio,Caucasian (American),women,00043.mp4,RealVideo-RealAudio/Caucasian (American)/women/id00145,RealVideo-RealAudio/Caucasian (American)/women/id00145/00043.mp4,/Users/jeevikakiran/Documents/USC/Multimodal/Project/FakeAVCeleb_v1.2/FakeAVCeleb_v1.2/RealVideo-RealAudio/Caucasian (American)/women/id00145/00043.mp4,1,0,0,0,REAL,train,0.0,6.699339866638184,8.498724937438965,1.0,ok,,/Users/jeevikakiran/Documents/USC/Multimodal/Project/syncnet_work_pretrained/pycrop/id00145__00043__40c42852d5/00000.avi,0.4541488918888712
id07739__00019__e62d0ae83b,id07739,-,-,real,A,RealVideo-RealAudio,Asian (East),women,00019.mp4,RealVideo-RealAudio/Asian (East)/women/id07739,RealVideo-RealAudio/Asian (East)/women/id07739/00019.mp4,/Users/jeevikakiran/Documents/USC/Multimodal/Project/FakeAVCeleb_v1.2/FakeAVCeleb_v1.2/RealVideo-RealAudio/Asian (East)/women/id07739/00019.mp4,1,0,0,0,REAL,val,-6.0,7.100918769836426,8.011961936950684,1.0,ok,,/Users/jeevikakiran/Documents/USC/Multimodal/Project/syncnet_work_pretrained/pycrop/id07739__00019__e62d0ae83b/00000.avi,0.915408508317773
id00243__00037_id03668_mjurt3_7dpe_faceswap_id00696_wavtolip__0c32eee6b6,id00243,id03668,7DpE,faceswap-wav2lip,D,FakeVideo-FakeAudio,Caucasian (American),men,00037_id03668_mjurT3_7DpE_faceswap_id00696_wavtolip.mp4,FakeVideo-FakeAudio/Caucasian (American)/men/id00243,FakeVideo-FakeAudio/Caucasian (American)/men/id00243/00037_id03668_mjurT3_7DpE_faceswap_id00696_wavtolip.mp4,/Users/jeevikakiran/Documents/USC/Multimodal/Project/FakeAVCeleb_v1.2/FakeAVCeleb_v1.2/FakeVideo-FakeAudio/Caucasian (American)/men/id00243/00037_id03668_mjurT3_7DpE_faceswap_id00696_wavtolip.mp4,1,1,1,1,FAKE,val,-2.0,8.064718246459961,7.0436110496521,1.0,ok,,/Users/jeevikakiran/Documents/USC/Multimodal/Project/syncnet_work_pretrained/pycrop/id00243__00037_id03668_mjurt3_7dpe_faceswap_id00696_wavtolip__0c32eee6b6/00000.avi,0.5345950458150025
id00264__00257_3_id00062_wavtolip__c17ce1bfac,id00264,3,-,faceswap-wav2lip,D,FakeVideo-FakeAudio,Caucasian (American),men,00257_3_id00062_wavtolip.mp4,FakeVideo-FakeAudio/Caucasian (American)/men/id00264,FakeVideo-FakeAudio/Caucasian (American)/men/id00264/00257_3_id00062_wavtolip.mp4,/Users/jeevikakiran/Documents/USC/Multimodal/Project/FakeAVCeleb_v1.2/FakeAVCeleb_v1.2/FakeVideo-FakeAudio/Caucasian (American)/men/id00264/00257_3_id00062_wavtolip.mp4,1,1,1,1,FAKE,val,-2.0,8.218076705932617,7.274471282958984,1.0,ok,,/Users/jeevikakiran/Documents/USC/Multimodal/Project/syncnet_work_pretrained/pycrop/id00264__00257_3_id00062_wavtolip__c17ce1bfac/00000.avi,0.6755755065496398
id04414__00001_id05844_wavtolip__6cf9704159,id04414,id05844,-,wav2lip,C,FakeVideo-RealAudio,Asian (East),women,00001_id05844_wavtolip.mp4,FakeVideo-RealAudio/Asian (East)/women/id04414,FakeVideo-RealAudio/Asian (East)/women/id04414/00001_id05844_wavtolip.mp4,/Users/jeevikakiran/Documents/USC/Multimodal/Project/FakeAVCeleb_v1.2/FakeAVCeleb_v1.2/FakeVideo-RealAudio/Asian (East)/women/id04414/00001_id05844_wavtolip.mp4,1,1,0,1,FAKE,train,-2.0,5.126835823059082,8.900334358215332,1.0,ok,,/Users/jeevikakiran/Documents/USC/Multimodal/Project/syncnet_work_pretrained/pycrop/id04414__00001_id05844_wavtolip__6cf9704159/00000.avi,0.34026916876240676
id01170__00021__e1510ae04e,id01170,-,-,real,A,RealVideo-RealAudio,African,men,00021.mp4,RealVideo-RealAudio/African/men/id01170,RealVideo-RealAudio/African/men/id01170/00021.mp4,/Users/jeevikakiran/Documents/USC/Multimodal/Project/FakeAVCeleb_v1.2/FakeAVCeleb_v1.2/RealVideo-RealAudio/African/men/id01170/00021.mp4,1,0,0,0,REAL,train,0.0,5.365034103393555,8.759077072143555,1.0,ok,,/Users/jeevikakiran/Documents/USC/Multimodal/Project/syncnet_work_pretrained/pycrop/id01170__00021__e1510ae04e/00000.avi,0.1778149046559294
id01048__00160__2dc697f002,id01048,-,-,real,A,RealVideo-RealAudio,Caucasian (American),men,00160.mp4,RealVideo-RealAudio/Caucasian (American)/men/id01048,RealVideo-RealAudio/Caucasian (American)/men/id01048/00160.mp4,/Users/jeevikakiran/Documents/USC/Multimodal/Project/FakeAVCeleb_v1.2/FakeAVCeleb_v1.2/RealVideo-RealAudio/Caucasian (American)/men/id01048/00160.mp4,1,0,0,0,REAL,train,-1.0,5.8913984298706055,8.02453899383545,1.0,ok,,/Users/jeevikakiran/Documents/USC/Multimodal/Project/syncnet_work_pretrained/pycrop/id01048__00160__2dc697f002/00000.avi,0.16923484475897185
id00520__00187__10373745b3,id00520,-,-,real,A,RealVideo-RealAudio,Caucasian (European),men,00187.mp4,RealVideo-RealAudio/Caucasian (European)/men/id00520,RealVideo-RealAudio/Caucasian (European)/men/id00520/00187.mp4,/Users/jeevikakiran/Documents/USC/Multimodal/Project/FakeAVCeleb_v1.2/FakeAVCeleb_v1.2/RealVideo-RealAudio/Caucasian (European)/men/id00520/00187.mp4,1,0,0,0,REAL,train,-2.0,6.133959770202637,8.054027557373047,1.0,ok,,/Users/jeevikakiran/Documents/USC/Multimodal/Project/syncnet_work_pretrained/pycrop/id00520__00187__10373745b3/00000.avi,0.3226422495981866
id00582__00006__0b1994a80f,id00582,-,-,real,A,RealVideo-RealAudio,Asian (East),women,00006.mp4,RealVideo-RealAudio/Asian (East)/women/id00582,RealVideo-RealAudio/Asian (East)/women/id00582/00006.mp4,/Users/jeevikakiran/Documents/USC/Multimodal/Project/FakeAVCeleb_v1.2/FakeAVCeleb_v1.2/RealVideo-RealAudio/Asian (East)/women/id00582/00006.mp4,1,0,0,0,REAL,train,-2.0,6.513763427734375,8.560020446777344,1.0,ok,,/Users/jeevikakiran/Documents/USC/Multimodal/Project/syncnet_work_pretrained/pycrop/id00582__00006__0b1994a80f/00000.avi,0.6503858494813292
id00971__00253_id01124_lnf2ogsm00s_id03525_wavtolip__5b97ead57c,id00971,id01124,id03525,fsgan-wav2lip,D,FakeVideo-FakeAudio,Caucasian (American),men,00253_id01124_Lnf2oGSM00s_id03525_wavtolip.mp4,FakeVideo-FakeAudio/Caucasian (American)/men/id00971,FakeVideo-FakeAudio/Caucasian (American)/men/id00971/00253_id01124_Lnf2oGSM00s_id03525_wavtolip.mp4,/Users/jeevikakiran/Documents/USC/Multimodal/Project/FakeAVCeleb_v1.2/FakeAVCeleb_v1.2/FakeVideo-FakeAudio/Caucasian (American)/men/id00971/00253_id01124_Lnf2oGSM00s_id03525_wavtolip.mp4,1,1,1,1,FAKE,train,-2.0,7.117940902709961,7.473953723907471,1.0,ok,,/Users/jeevikakiran/Documents/USC/Multimodal/Project/syncnet_work_pretrained/pycrop/id00971__00253_id01124_lnf2ogsm00s_id03525_wavtolip__5b97ead57c/00000.avi,0.4006036378756598
id00149__00284_fake__91e0519466,id00149,fake.mp4,-,rtvc,B,RealVideo-FakeAudio,Asian (South),women,00284_fake.mp4,RealVideo-FakeAudio/Asian (South)/women/id00149,RealVideo-FakeAudio/Asian (South)/women/id00149/00284_fake.mp4,/Users/jeevikakiran/Documents/USC/Multimodal/Project/FakeAVCeleb_v1.2/FakeAVCeleb_v1.2/RealVideo-FakeAudio/Asian (South)/women/id00149/00284_fake.mp4,1,0,1,1,FAKE,val,12.0,1.3571891784667969,13.129617691040039,1.0,ok,,/Users/jeevikakiran/Documents/USC/Multimodal/Project/syncnet_work_pretrained/pycrop/id00149__00284_fake__91e0519466/00000.avi,0.9979247475316168
id01238__00037__b69a10c813,id01238,-,-,real,A,RealVideo-RealAudio,Caucasian (American),women,00037.mp4,RealVideo-RealAudio/Caucasian (American)/women/id01238,RealVideo-RealAudio/Caucasian (American)/women/id01238/00037.mp4,/Users/jeevikakiran/Documents/USC/Multimodal/Project/FakeAVCeleb_v1.2/FakeAVCeleb_v1.2/RealVideo-RealAudio/Caucasian (American)/women/id01238/00037.mp4,1,0,0,0,REAL,train,1.0,7.622433185577393,7.240424633026123,1.0,ok,,/Users/jeevikakiran/Documents/USC/Multimodal/Project/syncnet_work_pretrained/pycrop/id01238__00037__b69a10c813/00000.avi,0.3551769833971309
id00345__00243__fa2832cca3,id00345,-,-,real,A,RealVideo-RealAudio,Caucasian (American),men,00243.mp4,RealVideo-RealAudio/Caucasian (American)/men/id00345,RealVideo-RealAudio/Caucasian (American)/men/id00345/00243.mp4,/Users/jeevikakiran/Documents/USC/Multimodal/Project/FakeAVCeleb_v1.2/FakeAVCeleb_v1.2/RealVideo-RealAudio/Caucasian (American)/men/id00345/00243.mp4,1,0,0,0,REAL,train,1.0,4.620068550109863,9.193103790283203,1.0,ok,,/Users/jeevikakiran/Documents/USC/Multimodal/Project/syncnet_work_pretrained/pycrop/id00345__00243__fa2832cca3/00000.avi,0.21057257942519722
id00945__00107_id00060_gz4rkcq0sxe_id04216_wavtolip__2b06b2ca57,id00945,id00060,id04216,fsgan-wav2lip,D,FakeVideo-FakeAudio,Caucasian (American),men,00107_id00060_gZ4RkcQ0SXE_id04216_wavtolip.mp4,FakeVideo-FakeAudio/Caucasian (American)/men/id00945,FakeVideo-FakeAudio/Caucasian (American)/men/id00945/00107_id00060_gZ4RkcQ0SXE_id04216_wavtolip.mp4,/Users/jeevikakiran/Documents/USC/Multimodal/Project/FakeAVCeleb_v1.2/FakeAVCeleb_v1.2/FakeVideo-FakeAudio/Caucasian (American)/men/id00945/00107_id00060_gZ4RkcQ0SXE_id04216_wavtolip.mp4,1,1,1,1,FAKE,train,-2.0,7.4514641761779785,7.8238701820373535,1.0,ok,,/Users/jeevikakiran/Documents/USC/Multimodal/Project/syncnet_work_pretrained/pycrop/id00945__00107_id00060_gz4rkcq0sxe_id04216_wavtolip__2b06b2ca57/00000.avi,0.6534187341297711
id00701__00092_id04727_aanyugiaxao_id02342_wavtolip__444529364e,id00701,id04727,id02342,fsgan-wav2lip,D,FakeVideo-FakeAudio,African,men,00092_id04727_AAnyugIAXao_id02342_wavtolip.mp4,FakeVideo-FakeAudio/African/men/id00701,FakeVideo-FakeAudio/African/men/id00701/00092_id04727_AAnyugIAXao_id02342_wavtolip.mp4,/Users/jeevikakiran/Documents/USC/Multimodal/Project/FakeAVCeleb_v1.2/FakeAVCeleb_v1.2/FakeVideo-FakeAudio/African/men/id00701/00092_id04727_AAnyugIAXao_id02342_wavtolip.mp4,1,1,1,1,FAKE,val,-2.0,9.21873664855957,5.682237148284912,1.0,ok,,/Users/jeevikakiran/Documents/USC/Multimodal/Project/syncnet_work_pretrained/pycrop/id00701__00092_id04727_aanyugiaxao_id02342_wavtolip__444529364e/00000.avi,0.351280557989565
id01004__00028__608c07e1a3,id01004,-,-,real,A,RealVideo-RealAudio,Caucasian (American),women,00028.mp4,RealVideo-RealAudio/Caucasian (American)/women/id01004,RealVideo-RealAudio/Caucasian (American)/women/id01004/00028.mp4,/Users/jeevikakiran/Documents/USC/Multimodal/Project/FakeAVCeleb_v1.2/FakeAVCeleb_v1.2/RealVideo-RealAudio/Caucasian (American)/women/id01004/00028.mp4,1,0,0,0,REAL,train,2.0,5.149062156677246,10.07119083404541,1.0,ok,,/Users/jeevikakiran/Documents/USC/Multimodal/Project/syncnet_work_pretrained/pycrop/id01004__00028__608c07e1a3/00000.avi,0.7930521400761474
id00063__00021__64e1303df3,id00063,-,-,real,A,RealVideo-RealAudio,Caucasian (European),men,00021.mp4,RealVideo-RealAudio/Caucasian (European)/men/id00063,RealVideo-RealAudio/Caucasian (European)/men/id00063/00021.mp4,/Users/jeevikakiran/Documents/USC/Multimodal/Project/FakeAVCeleb_v1.2/FakeAVCeleb_v1.2/RealVideo-RealAudio/Caucasian (European)/men/id00063/00021.mp4,1,0,0,0,REAL,train,-1.0,5.578486442565918,8.179377555847168,1.0,ok,,/Users/jeevikakiran/Documents/USC/Multimodal/Project/syncnet_work_pretrained/pycrop/id00063__00021__64e1303df3/00000.avi,0.1482028622957083
id01170__00021_id02296_wavtolip__381a81a62b,id01170,id02296,-,wav2lip,C,FakeVideo-RealAudio,African,men,00021_id02296_wavtolip.mp4,FakeVideo-RealAudio/African/men/id01170,FakeVideo-RealAudio/African/men/id01170/00021_id02296_wavtolip.mp4,/Users/jeevikakiran/Documents/USC/Multimodal/Project/FakeAVCeleb_v1.2/FakeAVCeleb_v1.2/FakeVideo-RealAudio/African/men/id01170/00021_id02296_wavtolip.mp4,1,1,0,1,FAKE,train,-2.0,8.170459747314453,6.712262153625488,1.0,ok,,/Users/jeevikakiran/Documents/USC/Multimodal/Project/syncnet_work_pretrained/pycrop/id01170__00021_id02296_wavtolip__381a81a62b/00000.avi,0.4307127116551165
id00909__00037_id01154_tvmocag4a4w__5b0ed6956d,id00909,id01154,-,fsgan,C,FakeVideo-RealAudio,Caucasian (European),men,00037_id01154_tvmOcaG4A4w.mp4,FakeVideo-RealAudio/Caucasian (European)/men/id00909,FakeVideo-RealAudio/Caucasian (European)/men/id00909/00037_id01154_tvmOcaG4A4w.mp4,/Users/jeevikakiran/Documents/USC/Multimodal/Project/FakeAVCeleb_v1.2/FakeAVCeleb_v1.2/FakeVideo-RealAudio/Caucasian (European)/men/id00909/00037_id01154_tvmOcaG4A4w.mp4,1,1,0,1,FAKE,val,-3.0,1.4786043167114258,10.71107292175293,1.0,ok,,/Users/jeevikakiran/Documents/USC/Multimodal/Project/syncnet_work_pretrained/pycrop/id00909__00037_id01154_tvmocag4a4w__5b0ed6956d/00000.avi,0.11746186275248001
id09116__00026_id01281_wavtolip__c47fec067e,id09116,id01281,-,wav2lip,C,FakeVideo-RealAudio,Asian (East),women,00026_id01281_wavtolip.mp4,FakeVideo-RealAudio/Asian (East)/women/id09116,FakeVideo-RealAudio/Asian (East)/women/id09116/00026_id01281_wavtolip.mp4,/Users/jeevikakiran/Documents/USC/Multimodal/Project/FakeAVCeleb_v1.2/FakeAVCeleb_v1.2/FakeVideo-RealAudio/Asian (East)/women/id09116/00026_id01281_wavtolip.mp4,1,1,0,1,FAKE,train,-2.0,6.334949493408203,8.954854965209961,1.0,ok,,/Users/jeevikakiran/Documents/USC/Multimodal/Project/syncnet_work_pretrained/pycrop/id09116__00026_id01281_wavtolip__c47fec067e/00000.avi,0.7403072249318987
id00359__00053_id02586_deyzydsbaeo__b246d82a08,id00359,id02586,-,fsgan,C,FakeVideo-RealAudio,African,women,00053_id02586_dEYzYDsbAeo.mp4,FakeVideo-RealAudio/African/women/id00359,FakeVideo-RealAudio/African/women/id00359/00053_id02586_dEYzYDsbAeo.mp4,/Users/jeevikakiran/Documents/USC/Multimodal/Project/FakeAVCeleb_v1.2/FakeAVCeleb_v1.2/FakeVideo-RealAudio/African/women/id00359/00053_id02586_dEYzYDsbAeo.mp4,1,1,0,1,FAKE,train,-2.0,4.837607383728027,9.142679214477539,1.0,ok,,/Users/jeevikakiran/Documents/USC/Multimodal/Project/syncnet_work_pretrained/pycrop/id00359__00053_id02586_deyzydsbaeo__b246d82a08/00000.avi,0.3451499623193914
id04221__00053_fake__9e52cc4999,id04221,fake.mp4,-,rtvc,B,RealVideo-FakeAudio,Caucasian (American),men,00053_fake.mp4,RealVideo-FakeAudio/Caucasian (American)/men/id04221,RealVideo-FakeAudio/Caucasian (American)/men/id04221/00053_fake.mp4,/Users/jeevikakiran/Documents/USC/Multimodal/Project/FakeAVCeleb_v1.2/FakeAVCeleb_v1.2/RealVideo-FakeAudio/Caucasian (American)/men/id04221/00053_fake.mp4,1,0,1,1,FAKE,train,-13.0,0.8733434677124023,13.722384452819824,1.0,ok,,/Users/jeevikakiran/Documents/USC/Multimodal/Project/syncnet_work_pretrained/pycrop/id04221__00053_fake__9e52cc4999/00000.avi,0.9990915335281634
id07102__00052_id00126_wavtolip__af8b916b64,id07102,id00126,-,wav2lip,D,FakeVideo-FakeAudio,Asian (East),men,00052_id00126_wavtolip.mp4,FakeVideo-FakeAudio/Asian (East)/men/id07102,FakeVideo-FakeAudio/Asian (East)/men/id07102/00052_id00126_wavtolip.mp4,/Users/jeevikakiran/Documents/USC/Multimodal/Project/FakeAVCeleb_v1.2/FakeAVCeleb_v1.2/FakeVideo-FakeAudio/Asian (East)/men/id07102/00052_id00126_wavtolip.mp4,1,1,1,1,FAKE,train,-2.0,7.088858604431152,7.276248931884766,1.0,ok,,/Users/jeevikakiran/Documents/USC/Multimodal/Project/syncnet_work_pretrained/pycrop/id07102__00052_id00126_wavtolip__af8b916b64/00000.avi,0.3152888920055249
id09181__00048_fake__f978ffe629,id09181,fake.mp4,-,rtvc,B,RealVideo-FakeAudio,Asian (East),women,00048_fake.mp4,RealVideo-FakeAudio/Asian (East)/women/id09181,RealVideo-FakeAudio/Asian (East)/women/id09181/00048_fake.mp4,/Users/jeevikakiran/Documents/USC/Multimodal/Project/FakeAVCeleb_v1.2/FakeAVCeleb_v1.2/RealVideo-FakeAudio/Asian (East)/women/id09181/00048_fake.mp4,1,0,1,1,FAKE,val,8.0,1.225489616394043,13.783930778503418,1.0,ok,,/Users/jeevikakiran/Documents/USC/Multimodal/Project/syncnet_work_pretrained/pycrop/id09181__00048_fake__f978ffe629/00000.avi,0.9945351926677979
id02296__00019__df2f06754b,id02296,-,-,real,A,RealVideo-RealAudio,African,men,00019.mp4,RealVideo-RealAudio/African/men/id02296,RealVideo-RealAudio/African/men/id02296/00019.mp4,/Users/jeevikakiran/Documents/USC/Multimodal/Project/FakeAVCeleb_v1.2/FakeAVCeleb_v1.2/RealVideo-RealAudio/African/men/id02296/00019.mp4,1,0,0,0,REAL,val,-2.0,6.140139579772949,8.067171096801758,1.0,ok,,/Users/jeevikakiran/Documents/USC/Multimodal/Project/syncnet_work_pretrained/pycrop/id02296__00019__df2f06754b/00000.avi,0.3293333631956705
id01238__00037_fake__fc24271b92,id01238,fake.mp4,-,rtvc,B,RealVideo-FakeAudio,Caucasian (American),women,00037_fake.mp4,RealVideo-FakeAudio/Caucasian (American)/women/id01238,RealVideo-FakeAudio/Caucasian (American)/women/id01238/00037_fake.mp4,/Users/jeevikakiran/Documents/USC/Multimodal/Project/FakeAVCeleb_v1.2/FakeAVCeleb_v1.2/RealVideo-FakeAudio/Caucasian (American)/women/id01238/00037_fake.mp4,1,0,1,1,FAKE,train,6.0,2.5797624588012695,12.707310676574707,1.0,ok,,/Users/jeevikakiran/Documents/USC/Multimodal/Project/syncnet_work_pretrained/pycrop/id01238__00037_fake__fc24271b92/00000.avi,0.9859483764431396
id00231__00037__41b05d16f0,id00231,-,-,real,A,RealVideo-RealAudio,Caucasian (American),women,00037.mp4,RealVideo-RealAudio/Caucasian (American)/women/id00231,RealVideo-RealAudio/Caucasian (American)/women/id00231/00037.mp4,/Users/jeevikakiran/Documents/USC/Multimodal/Project/FakeAVCeleb_v1.2/FakeAVCeleb_v1.2/RealVideo-RealAudio/Caucasian (American)/women/id00231/00037.mp4,1,0,0,0,REAL,train,-1.0,6.49053955078125,8.25973129272461,1.0,ok,,/Users/jeevikakiran/Documents/USC/Multimodal/Project/syncnet_work_pretrained/pycrop/id00231__00037__41b05d16f0/00000.avi,0.40325094439041104
id04726__00245_fake__2c5296c285,id04726,fake.mp4,-,rtvc,B,RealVideo-FakeAudio,Asian (East),men,00245_fake.mp4,RealVideo-FakeAudio/Asian (East)/men/id04726,RealVideo-FakeAudio/Asian (East)/men/id04726/00245_fake.mp4,/Users/jeevikakiran/Documents/USC/Multimodal/Project/FakeAVCeleb_v1.2/FakeAVCeleb_v1.2/RealVideo-FakeAudio/Asian (East)/men/id04726/00245_fake.mp4,1,0,1,1,FAKE,train,-9.0,0.629521369934082,14.420068740844727,1.0,ok,,/Users/jeevikakiran/Documents/USC/Multimodal/Project/syncnet_work_pretrained/pycrop/id04726__00245_fake__2c5296c285/00000.avi,0.9974119264713582
id00575__00092__0d33b583af,id00575,-,-,real,A,RealVideo-RealAudio,Caucasian (American),women,00092.mp4,RealVideo-RealAudio/Caucasian (American)/women/id00575,RealVideo-RealAudio/Caucasian (American)/women/id00575/00092.mp4,/Users/jeevikakiran/Documents/USC/Multimodal/Project/FakeAVCeleb_v1.2/FakeAVCeleb_v1.2/RealVideo-RealAudio/Caucasian (American)/women/id00575/00092.mp4,1,0,0,0,REAL,train,0.0,6.949317932128906,7.057376861572266,1.0,ok,,/Users/jeevikakiran/Documents/USC/Multimodal/Project/syncnet_work_pretrained/pycrop/id00575__00092__0d33b583af/00000.avi,0.09267541043572719
id01076__00005__9a1488e190,id01076,-,-,real,A,RealVideo-RealAudio,African,men,00005.mp4,RealVideo-RealAudio/African/men/id01076,RealVideo-RealAudio/African/men/id01076/00005.mp4,/Users/jeevikakiran/Documents/USC/Multimodal/Project/FakeAVCeleb_v1.2/FakeAVCeleb_v1.2/RealVideo-RealAudio/African/men/id01076/00005.mp4,1,0,0,0,REAL,train,0.0,4.981777191162109,8.980161666870117,1.0,ok,,/Users/jeevikakiran/Documents/USC/Multimodal/Project/syncnet_work_pretrained/pycrop/id01076__00005__9a1488e190/00000.avi,0.15824639356534184
id01005__00028_id00835_wavtolip__fd76d25ad4,id01005,id00835,-,wav2lip,D,FakeVideo-FakeAudio,Caucasian (American),women,00028_id00835_wavtolip.mp4,FakeVideo-FakeAudio/Caucasian (American)/women/id01005,FakeVideo-FakeAudio/Caucasian (American)/women/id01005/00028_id00835_wavtolip.mp4,/Users/jeevikakiran/Documents/USC/Multimodal/Project/FakeAVCeleb_v1.2/FakeAVCeleb_v1.2/FakeVideo-FakeAudio/Caucasian (American)/women/id01005/00028_id00835_wavtolip.mp4,1,1,1,1,FAKE,train,-2.0,5.779934883117676,8.038509368896484,2.0,ok,,/Users/jeevikakiran/Documents/USC/Multimodal/Project/syncnet_work_pretrained/pycrop/id01005__00028_id00835_wavtolip__fd76d25ad4/00000.avi,0.2241089592362459
id02494__00050__6faa06badf,id02494,-,-,real,A,RealVideo-RealAudio,African,men,00050.mp4,RealVideo-RealAudio/African/men/id02494,RealVideo-RealAudio/African/men/id02494/00050.mp4,/Users/jeevikakiran/Documents/USC/Multimodal/Project/FakeAVCeleb_v1.2/FakeAVCeleb_v1.2/RealVideo-RealAudio/African/men/id02494/00050.mp4,1,0,0,0,REAL,train,-1.0,3.657200813293457,9.079974174499512,1.0,ok,,/Users/jeevikakiran/Documents/USC/Multimodal/Project/syncnet_work_pretrained/pycrop/id02494__00050__6faa06badf/00000.avi,0.057234841745536856
id05478__00135_fake__f9dfec28f5,id05478,fake.mp4,-,rtvc,B,RealVideo-FakeAudio,Asian (South),women,00135_fake.mp4,RealVideo-FakeAudio/Asian (South)/women/id05478,RealVideo-FakeAudio/Asian (South)/women/id05478/00135_fake.mp4,/Users/jeevikakiran/Documents/USC/Multimodal/Project/FakeAVCeleb_v1.2/FakeAVCeleb_v1.2/RealVideo-FakeAudio/Asian (South)/women/id05478/00135_fake.mp4,1,0,1,1,FAKE,train,-12.0,1.2629518508911133,12.823163986206055,1.0,ok,,/Users/jeevikakiran/Documents/USC/Multimodal/Project/syncnet_work_pretrained/pycrop/id05478__00135_fake__f9dfec28f5/00000.avi,0.9960586693278377
id00415__00017_fake__35f8b78d74,id00415,fake.mp4,-,rtvc,B,RealVideo-FakeAudio,Caucasian (European),men,00017_fake.mp4,RealVideo-FakeAudio/Caucasian (European)/men/id00415,RealVideo-FakeAudio/Caucasian (European)/men/id00415/00017_fake.mp4,/Users/jeevikakiran/Documents/USC/Multimodal/Project/FakeAVCeleb_v1.2/FakeAVCeleb_v1.2/RealVideo-FakeAudio/Caucasian (European)/men/id00415/00017_fake.mp4,1,0,1,1,FAKE,val,5.0,1.0129814147949219,13.545636177062988,1.0,ok,,/Users/jeevikakiran/Documents/USC/Multimodal/Project/syncnet_work_pretrained/pycrop/id00415__00017_fake__35f8b78d74/00000.avi,0.9565916309700228
id00088__00005_id00243_owweixm3ozq_id00049_wavtolip__478674ec9c,id00088,id00243,id00049,fsgan-wav2lip,D,FakeVideo-FakeAudio,Caucasian (American),men,00005_id00243_oWwEIXM3oZQ_id00049_wavtolip.mp4,FakeVideo-FakeAudio/Caucasian (American)/men/id00088,FakeVideo-FakeAudio/Caucasian (American)/men/id00088/00005_id00243_oWwEIXM3oZQ_id00049_wavtolip.mp4,/Users/jeevikakiran/Documents/USC/Multimodal/Project/FakeAVCeleb_v1.2/FakeAVCeleb_v1.2/FakeVideo-FakeAudio/Caucasian (American)/men/id00088/00005_id00243_oWwEIXM3oZQ_id00049_wavtolip.mp4,1,1,1,1,FAKE,train,-2.0,8.504412651062012,7.121607780456543,1.0,ok,,/Users/jeevikakiran/Documents/USC/Multimodal/Project/syncnet_work_pretrained/pycrop/id00088__00005_id00243_owweixm3ozq_id00049_wavtolip__478674ec9c/00000.avi,0.7024446311838857
id03658__00077_fake__63d7ace545,id03658,fake.mp4,-,rtvc,B,RealVideo-FakeAudio,African,women,00077_fake.mp4,RealVideo-FakeAudio/African/women/id03658,RealVideo-FakeAudio/African/women/id03658/00077_fake.mp4,/Users/jeevikakiran/Documents/USC/Multimodal/Project/FakeAVCeleb_v1.2/FakeAVCeleb_v1.2/RealVideo-FakeAudio/African/women/id03658/00077_fake.mp4,1,0,1,1,FAKE,train,10.0,2.3435277938842773,12.461054801940918,1.0,ok,,/Users/jeevikakiran/Documents/USC/Multimodal/Project/syncnet_work_pretrained/pycrop/id03658__00077_fake__63d7ace545/00000.avi,0.9955854536017884
id05931__00013__59aaa49d49,id05931,-,-,real,A,RealVideo-RealAudio,Asian (South),women,00013.mp4,RealVideo-RealAudio/Asian (South)/women/id05931,RealVideo-RealAudio/Asian (South)/women/id05931/00013.mp4,/Users/jeevikakiran/Documents/USC/Multimodal/Project/FakeAVCeleb_v1.2/FakeAVCeleb_v1.2/RealVideo-RealAudio/Asian (South)/women/id05931/00013.mp4,1,0,0,0,REAL,train,1.0,5.708853721618652,8.478841781616211,1.0,ok,,/Users/jeevikakiran/Documents/USC/Multimodal/Project/syncnet_work_pretrained/pycrop/id05931__00013__59aaa49d49/00000.avi,0.2556169821891235
id06443__00232__7b3cb69fa4,id06443,-,-,real,A,RealVideo-RealAudio,Asian (East),women,00232.mp4,RealVideo-RealAudio/Asian (East)/women/id06443,RealVideo-RealAudio/Asian (East)/women/id06443/00232.mp4,/Users/jeevikakiran/Documents/USC/Multimodal/Project/FakeAVCeleb_v1.2/FakeAVCeleb_v1.2/RealVideo-RealAudio/Asian (East)/women/id06443/00232.mp4,1,0,0,0,REAL,train,-1.0,7.313288688659668,7.9556803703308105,1.0,ok,,/Users/jeevikakiran/Documents/USC/Multimodal/Project/syncnet_work_pretrained/pycrop/id06443__00232__7b3cb69fa4/00000.avi,0.5490050811047104
id03599__00072_id07233_wavtolip__2e4de5872d,id03599,id07233,-,wav2lip,C,FakeVideo-RealAudio,Asian (South),men,00072_id07233_wavtolip.mp4,FakeVideo-RealAudio/Asian (South)/men/id03599,FakeVideo-RealAudio/Asian (South)/men/id03599/00072_id07233_wavtolip.mp4,/Users/jeevikakiran/Documents/USC/Multimodal/Project/FakeAVCeleb_v1.2/FakeAVCeleb_v1.2/FakeVideo-RealAudio/Asian (South)/men/id03599/00072_id07233_wavtolip.mp4,1,1,0,1,FAKE,train,-2.0,6.9891133308410645,6.540881156921387,1.0,ok,,/Users/jeevikakiran/Documents/USC/Multimodal/Project/syncnet_work_pretrained/pycrop/id03599__00072_id07233_wavtolip__2e4de5872d/00000.avi,0.10433505058772638
id00042__00028_fake__9909981cc6,id00042,fake.mp4,-,rtvc,B,RealVideo-FakeAudio,Caucasian (European),women,00028_fake.mp4,RealVideo-FakeAudio/Caucasian (European)/women/id00042,RealVideo-FakeAudio/Caucasian (European)/women/id00042/00028_fake.mp4,/Users/jeevikakiran/Documents/USC/Multimodal/Project/FakeAVCeleb_v1.2/FakeAVCeleb_v1.2/RealVideo-FakeAudio/Caucasian (European)/women/id00042/00028_fake.mp4,1,0,1,1,FAKE,train,12.0,1.7350034713745117,11.985361099243164,1.0,ok,,/Users/jeevikakiran/Documents/USC/Multimodal/Project/syncnet_work_pretrained/pycrop/id00042__00028_fake__9909981cc6/00000.avi,0.9914277598591105
id04774__00032__a5ed8ba0c6,id04774,-,-,real,A,RealVideo-RealAudio,Asian (East),men,00032.mp4,RealVideo-RealAudio/Asian (East)/men/id04774,RealVideo-RealAudio/Asian (East)/men/id04774/00032.mp4,/Users/jeevikakiran/Documents/USC/Multimodal/Project/FakeAVCeleb_v1.2/FakeAVCeleb_v1.2/RealVideo-RealAudio/Asian (East)/men/id04774/00032.mp4,1,0,0,0,REAL,val,-2.0,5.625746250152588,7.853269100189209,1.0,ok,,/Users/jeevikakiran/Documents/USC/Multimodal/Project/syncnet_work_pretrained/pycrop/id04774__00032__a5ed8ba0c6/00000.avi,0.14667507624267473
id01530__00002__f0b9cc7ec4,id01530,-,-,real,A,RealVideo-RealAudio,African,men,00002.mp4,RealVideo-RealAudio/African/men/id01530,RealVideo-RealAudio/African/men/id01530/00002.mp4,/Users/jeevikakiran/Documents/USC/Multimodal/Project/FakeAVCeleb_v1.2/FakeAVCeleb_v1.2/RealVideo-RealAudio/African/men/id01530/00002.mp4,1,0,0,0,REAL,train,0.0,6.218654632568359,8.158822059631348,1.0,ok,,/Users/jeevikakiran/Documents/USC/Multimodal/Project/syncnet_work_pretrained/pycrop/id01530__00002__f0b9cc7ec4/00000.avi,0.19763771466553898
id07236__00143_fake__046b1ed29d,id07236,fake.mp4,-,rtvc,B,RealVideo-FakeAudio,Asian (South),women,00143_fake.mp4,RealVideo-FakeAudio/Asian (South)/women/id07236,RealVideo-FakeAudio/Asian (South)/women/id07236/00143_fake.mp4,/Users/jeevikakiran/Documents/USC/Multimodal/Project/FakeAVCeleb_v1.2/FakeAVCeleb_v1.2/RealVideo-FakeAudio/Asian (South)/women/id07236/00143_fake.mp4,1,0,1,1,FAKE,train,15.0,1.0330772399902344,14.415542602539062,1.0,ok,,/Users/jeevikakiran/Documents/USC/Multimodal/Project/syncnet_work_pretrained/pycrop/id07236__00143_fake__046b1ed29d/00000.avi,0.9999118253903194
id07165__00368__53628f52a3,id07165,-,-,real,A,RealVideo-RealAudio,Asian (South),men,00368.mp4,RealVideo-RealAudio/Asian (South)/men/id07165,RealVideo-RealAudio/Asian (South)/men/id07165/00368.mp4,/Users/jeevikakiran/Documents/USC/Multimodal/Project/FakeAVCeleb_v1.2/FakeAVCeleb_v1.2/RealVideo-RealAudio/Asian (South)/men/id07165/00368.mp4,1,0,0,0,REAL,train,-1.0,5.829659461975098,8.099676132202148,1.0,ok,,/Users/jeevikakiran/Documents/USC/Multimodal/Project/syncnet_work_pretrained/pycrop/id07165__00368__53628f52a3/00000.avi,0.17552891696606127
id00488__00028_fake__2970efe046,id00488,fake.mp4,-,rtvc,B,RealVideo-FakeAudio,Asian (South),women,00028_fake.mp4,RealVideo-FakeAudio/Asian (South)/women/id00488,RealVideo-FakeAudio/Asian (South)/women/id00488/00028_fake.mp4,/Users/jeevikakiran/Documents/USC/Multimodal/Project/FakeAVCeleb_v1.2/FakeAVCeleb_v1.2/RealVideo-FakeAudio/Asian (South)/women/id00488/00028_fake.mp4,1,0,1,1,FAKE,train,15.0,1.4789962768554688,13.53200626373291,1.0,ok,,/Users/jeevikakiran/Documents/USC/Multimodal/Project/syncnet_work_pretrained/pycrop/id00488__00028_fake__2970efe046/00000.avi,0.9997844858445686
id00365__00078__9b13df2f8a,id00365,-,-,real,A,RealVideo-RealAudio,Caucasian (European),women,00078.mp4,RealVideo-RealAudio/Caucasian (European)/women/id00365,RealVideo-RealAudio/Caucasian (European)/women/id00365/00078.mp4,/Users/jeevikakiran/Documents/USC/Multimodal/Project/FakeAVCeleb_v1.2/FakeAVCeleb_v1.2/RealVideo-RealAudio/Caucasian (European)/women/id00365/00078.mp4,1,0,0,0,REAL,train,-1.0,5.566886901855469,8.138404846191406,1.0,ok,,/Users/jeevikakiran/Documents/USC/Multimodal/Project/syncnet_work_pretrained/pycrop/id00365__00078__9b13df2f8a/00000.avi,0.13782929975119187
id05332__00065__c632d9bcc0,id05332,-,-,real,A,RealVideo-RealAudio,Asian (East),men,00065.mp4,RealVideo-RealAudio/Asian (East)/men/id05332,RealVideo-RealAudio/Asian (East)/men/id05332/00065.mp4,/Users/jeevikakiran/Documents/USC/Multimodal/Project/FakeAVCeleb_v1.2/FakeAVCeleb_v1.2/RealVideo-RealAudio/Asian (East)/men/id05332/00065.mp4,1,0,0,0,REAL,train,-5.0,6.116245746612549,7.885916709899902,1.0,ok,,/Users/jeevikakiran/Documents/USC/Multimodal/Project/syncnet_work_pretrained/pycrop/id05332__00065__c632d9bcc0/00000.avi,0.5927904693401056
id01920__00099__b269337455,id01920,-,-,real,A,RealVideo-RealAudio,African,men,00099.mp4,RealVideo-RealAudio/African/men/id01920,RealVideo-RealAudio/African/men/id01920/00099.mp4,/Users/jeevikakiran/Documents/USC/Multimodal/Project/FakeAVCeleb_v1.2/FakeAVCeleb_v1.2/RealVideo-RealAudio/African/men/id01920/00099.mp4,1,0,0,0,REAL,train,0.0,8.41877555847168,6.4499640464782715,1.0,ok,,/Users/jeevikakiran/Documents/USC/Multimodal/Project/syncnet_work_pretrained/pycrop/id01920__00099__b269337455/00000.avi,0.2077117859059118
id00374__00311_fake__c655061567,id00374,fake.mp4,-,rtvc,B,RealVideo-FakeAudio,Caucasian (European),women,00311_fake.mp4,RealVideo-FakeAudio/Caucasian (European)/women/id00374,RealVideo-FakeAudio/Caucasian (European)/women/id00374/00311_fake.mp4,/Users/jeevikakiran/Documents/USC/Multimodal/Project/FakeAVCeleb_v1.2/FakeAVCeleb_v1.2/RealVideo-FakeAudio/Caucasian (European)/women/id00374/00311_fake.mp4,1,0,1,1,FAKE,train,2.0,2.142597198486328,13.216903686523438,1.0,ok,,/Users/jeevikakiran/Documents/USC/Multimodal/Project/syncnet_work_pretrained/pycrop/id00374__00311_fake__c655061567/00000.avi,0.932515814337137
id00496__00015__9b421b1df9,id00496,-,-,real,A,RealVideo-RealAudio,Caucasian (European),women,00015.mp4,RealVideo-RealAudio/Caucasian (European)/women/id00496,RealVideo-RealAudio/Caucasian (European)/women/id00496/00015.mp4,/Users/jeevikakiran/Documents/USC/Multimodal/Project/FakeAVCeleb_v1.2/FakeAVCeleb_v1.2/RealVideo-RealAudio/Caucasian (European)/women/id00496/00015.mp4,1,0,0,0,REAL,train,-1.0,7.200599193572998,7.565466403961182,1.0,ok,,/Users/jeevikakiran/Documents/USC/Multimodal/Project/syncnet_work_pretrained/pycrop/id00496__00015__9b421b1df9/00000.avi,0.351442647221631
id04529__00186__7135836e5a,id04529,-,-,real,A,RealVideo-RealAudio,Asian (South),women,00186.mp4,RealVideo-RealAudio/Asian (South)/women/id04529,RealVideo-RealAudio/Asian (South)/women/id04529/00186.mp4,/Users/jeevikakiran/Documents/USC/Multimodal/Project/FakeAVCeleb_v1.2/FakeAVCeleb_v1.2/RealVideo-RealAudio/Asian (South)/women/id04529/00186.mp4,1,0,0,0,REAL,val,-2.0,7.285979270935059,8.245410919189453,1.0,ok,,/Users/jeevikakiran/Documents/USC/Multimodal/Project/syncnet_work_pretrained/pycrop/id04529__00186__7135836e5a/00000.avi,0.7547010316842254
id00272__00195_fake__890f3d407c,id00272,fake.mp4,-,rtvc,B,RealVideo-FakeAudio,Caucasian (American),women,00195_fake.mp4,RealVideo-FakeAudio/Caucasian (American)/women/id00272,RealVideo-FakeAudio/Caucasian (American)/women/id00272/00195_fake.mp4,/Users/jeevikakiran/Documents/USC/Multimodal/Project/FakeAVCeleb_v1.2/FakeAVCeleb_v1.2/RealVideo-FakeAudio/Caucasian (American)/women/id00272/00195_fake.mp4,1,0,1,1,FAKE,train,14.0,1.2572450637817383,13.10193920135498,2.0,ok,,/Users/jeevikakiran/Documents/USC/Multimodal/Project/syncnet_work_pretrained/pycrop/id00272__00195_fake__890f3d407c/00000.avi,0.9990372701755115
id08397__00167_fake__542ce65653,id08397,fake.mp4,-,rtvc,B,RealVideo-FakeAudio,Asian (East),women,00167_fake.mp4,RealVideo-FakeAudio/Asian (East)/women/id08397,RealVideo-FakeAudio/Asian (East)/women/id08397/00167_fake.mp4,/Users/jeevikakiran/Documents/USC/Multimodal/Project/FakeAVCeleb_v1.2/FakeAVCeleb_v1.2/RealVideo-FakeAudio/Asian (East)/women/id08397/00167_fake.mp4,1,0,1,1,FAKE,train,14.0,2.2195024490356445,13.19273853302002,1.0,ok,,/Users/jeevikakiran/Documents/USC/Multimodal/Project/syncnet_work_pretrained/pycrop/id08397__00167_fake__542ce65653/00000.avi,0.9997721176200489
id06054__00010_id07901_wavtolip__657a1f08c1,id06054,id07901,-,wav2lip,C,FakeVideo-RealAudio,Asian (East),women,00010_id07901_wavtolip.mp4,FakeVideo-RealAudio/Asian (East)/women/id06054,FakeVideo-RealAudio/Asian (East)/women/id06054/00010_id07901_wavtolip.mp4,/Users/jeevikakiran/Documents/USC/Multimodal/Project/FakeAVCeleb_v1.2/FakeAVCeleb_v1.2/FakeVideo-RealAudio/Asian (East)/women/id06054/00010_id07901_wavtolip.mp4,1,1,0,1,FAKE,val,-2.0,6.814574241638184,8.050922393798828,1.0,ok,,/Users/jeevikakiran/Documents/USC/Multimodal/Project/syncnet_work_pretrained/pycrop/id06054__00010_id07901_wavtolip__657a1f08c1/00000.avi,0.541018950787872
id00498__00014_fake__2bb71fea85,id00498,fake.mp4,-,rtvc,B,RealVideo-FakeAudio,Caucasian (European),men,00014_fake.mp4,RealVideo-FakeAudio/Caucasian (European)/men/id00498,RealVideo-FakeAudio/Caucasian (European)/men/id00498/00014_fake.mp4,/Users/jeevikakiran/Documents/USC/Multimodal/Project/FakeAVCeleb_v1.2/FakeAVCeleb_v1.2/RealVideo-FakeAudio/Caucasian (European)/men/id00498/00014_fake.mp4,1,0,1,1,FAKE,train,-14.0,0.7819137573242188,11.205551147460938,1.0,ok,,/Users/jeevikakiran/Documents/USC/Multimodal/Project/syncnet_work_pretrained/pycrop/id00498__00014_fake__2bb71fea85/00000.avi,0.9572320425777435
id02466__00136__f009bf4e76,id02466,-,-,real,A,RealVideo-RealAudio,Caucasian (American),women,00136.mp4,RealVideo-RealAudio/Caucasian (American)/women/id02466,RealVideo-RealAudio/Caucasian (American)/women/id02466/00136.mp4,/Users/jeevikakiran/Documents/USC/Multimodal/Project/FakeAVCeleb_v1.2/FakeAVCeleb_v1.2/RealVideo-RealAudio/Caucasian (American)/women/id02466/00136.mp4,1,0,0,0,REAL,train,1.0,6.432389259338379,7.92030143737793,1.0,ok,,/Users/jeevikakiran/Documents/USC/Multimodal/Project/syncnet_work_pretrained/pycrop/id02466__00136__f009bf4e76/00000.avi,0.2606544281328682
id00169__00021_fake__6feef318c8,id00169,fake.mp4,-,rtvc,B,RealVideo-FakeAudio,Caucasian (American),men,00021_fake.mp4,RealVideo-FakeAudio/Caucasian (American)/men/id00169,RealVideo-FakeAudio/Caucasian (American)/men/id00169/00021_fake.mp4,/Users/jeevikakiran/Documents/USC/Multimodal/Project/FakeAVCeleb_v1.2/FakeAVCeleb_v1.2/RealVideo-FakeAudio/Caucasian (American)/men/id00169/00021_fake.mp4,1,0,1,1,FAKE,train,10.0,3.7468271255493164,10.701398849487305,1.0,ok,,/Users/jeevikakiran/Documents/USC/Multimodal/Project/syncnet_work_pretrained/pycrop/id00169__00021_fake__6feef318c8/00000.avi,0.9869793992149117
id04939__00174_fake__ee1c2807b5,id04939,fake.mp4,-,rtvc,B,RealVideo-FakeAudio,African,women,00174_fake.mp4,RealVideo-FakeAudio/African/women/id04939,RealVideo-FakeAudio/African/women/id04939/00174_fake.mp4,/Users/jeevikakiran/Documents/USC/Multimodal/Project/FakeAVCeleb_v1.2/FakeAVCeleb_v1.2/RealVideo-FakeAudio/African/women/id04939/00174_fake.mp4,1,0,1,1,FAKE,train,11.0,2.1731910705566406,12.653757095336914,1.0,ok,,/Users/jeevikakiran/Documents/USC/Multimodal/Project/syncnet_work_pretrained/pycrop/id04939__00174_fake__ee1c2807b5/00000.avi,0.997503523201681
id03716__00040_id03651_ejcorkl6loi_faceswap_id00735_wavtolip__9087f5734a,id03716,id03651,faceswap,faceswap-wav2lip,D,FakeVideo-FakeAudio,Caucasian (European),women,00040_id03651_EjcoRkL6loI_faceswap_id00735_wavtolip.mp4,FakeVideo-FakeAudio/Caucasian (European)/women/id03716,FakeVideo-FakeAudio/Caucasian (European)/women/id03716/00040_id03651_EjcoRkL6loI_faceswap_id00735_wavtolip.mp4,/Users/jeevikakiran/Documents/USC/Multimodal/Project/FakeAVCeleb_v1.2/FakeAVCeleb_v1.2/FakeVideo-FakeAudio/Caucasian (European)/women/id03716/00040_id03651_EjcoRkL6loI_faceswap_id00735_wavtolip.mp4,1,1,1,1,FAKE,train,-2.0,10.095834732055664,5.459970951080322,1.0,ok,,/Users/jeevikakiran/Documents/USC/Multimodal/Project/syncnet_work_pretrained/pycrop/id03716__00040_id03651_ejcorkl6loi_faceswap_id00735_wavtolip__9087f5734a/00000.avi,0.5463551088651385
id02824__00130_fake__25b671c55d,id02824,fake.mp4,-,rtvc,B,RealVideo-FakeAudio,African,women,00130_fake.mp4,RealVideo-FakeAudio/African/women/id02824,RealVideo-FakeAudio/African/women/id02824/00130_fake.mp4,/Users/jeevikakiran/Documents/USC/Multimodal/Project/FakeAVCeleb_v1.2/FakeAVCeleb_v1.2/RealVideo-FakeAudio/African/women/id02824/00130_fake.mp4,1,0,1,1,FAKE,train,-2.0,1.3083038330078125,13.399369239807129,1.0,ok,,/Users/jeevikakiran/Documents/USC/Multimodal/Project/syncnet_work_pretrained/pycrop/id02824__00130_fake__25b671c55d/00000.avi,0.8601789739403866
id00078__00114_id00103_qptvap4y5dq_faceswap__3d9e5b3ff4,id00078,id00103,-,faceswap,C,FakeVideo-RealAudio,Asian (South),men,00114_id00103_qpTVaP4y5DQ_faceswap.mp4,FakeVideo-RealAudio/Asian (South)/men/id00078,FakeVideo-RealAudio/Asian (South)/men/id00078/00114_id00103_qpTVaP4y5DQ_faceswap.mp4,/Users/jeevikakiran/Documents/USC/Multimodal/Project/FakeAVCeleb_v1.2/FakeAVCeleb_v1.2/FakeVideo-RealAudio/Asian (South)/men/id00078/00114_id00103_qpTVaP4y5DQ_faceswap.mp4,1,1,0,1,FAKE,train,-2.0,5.845594882965088,7.878445148468018,1.0,ok,,/Users/jeevikakiran/Documents/USC/Multimodal/Project/syncnet_work_pretrained/pycrop/id00078__00114_id00103_qptvap4y5dq_faceswap__3d9e5b3ff4/00000.avi,0.19402576817158232
id02040__00476_id00391_tjjguzaenwi_id00944_wavtolip__09606d4c78,id02040,id00391,id00944,fsgan-wav2lip,D,FakeVideo-FakeAudio,African,men,00476_id00391_TjJgUZaenWI_id00944_wavtolip.mp4,FakeVideo-FakeAudio/African/men/id02040,FakeVideo-FakeAudio/African/men/id02040/00476_id00391_TjJgUZaenWI_id00944_wavtolip.mp4,/Users/jeevikakiran/Documents/USC/Multimodal/Project/FakeAVCeleb_v1.2/FakeAVCeleb_v1.2/FakeVideo-FakeAudio/African/men/id02040/00476_id00391_TjJgUZaenWI_id00944_wavtolip.mp4,1,1,1,1,FAKE,train,-2.0,5.950586318969727,8.050565719604492,1.0,ok,,/Users/jeevikakiran/Documents/USC/Multimodal/Project/syncnet_work_pretrained/pycrop/id02040__00476_id00391_tjjguzaenwi_id00944_wavtolip__09606d4c78/00000.avi,0.27031330589274577
id03379__00032_fake__a4141ba96d,id03379,fake.mp4,-,rtvc,B,RealVideo-FakeAudio,Asian (East),women,00032_fake.mp4,RealVideo-FakeAudio/Asian (East)/women/id03379,RealVideo-FakeAudio/Asian (East)/women/id03379/00032_fake.mp4,/Users/jeevikakiran/Documents/USC/Multimodal/Project/FakeAVCeleb_v1.2/FakeAVCeleb_v1.2/RealVideo-FakeAudio/Asian (East)/women/id03379/00032_fake.mp4,1,0,1,1,FAKE,train,8.0,1.7824554443359375,12.75422191619873,1.0,ok,,/Users/jeevikakiran/Documents/USC/Multimodal/Project/syncnet_work_pretrained/pycrop/id03379__00032_fake__a4141ba96d/00000.avi,0.9854017088376864
id00383__00171__2d1aa43ab5,id00383,-,-,real,A,RealVideo-RealAudio,Caucasian (American),women,00171.mp4,RealVideo-RealAudio/Caucasian (American)/women/id00383,RealVideo-RealAudio/Caucasian (American)/women/id00383/00171.mp4,/Users/jeevikakiran/Documents/USC/Multimodal/Project/FakeAVCeleb_v1.2/FakeAVCeleb_v1.2/RealVideo-RealAudio/Caucasian (American)/women/id00383/00171.mp4,1,0,0,0,REAL,train,-1.0,5.814259052276611,7.775096893310547,1.0,ok,,/Users/jeevikakiran/Documents/USC/Multimodal/Project/syncnet_work_pretrained/pycrop/id00383__00171__2d1aa43ab5/00000.avi,0.10762158689635982
id00634__00078_fake__415cb2fe5e,id00634,fake.mp4,-,rtvc,B,RealVideo-FakeAudio,Caucasian (European),women,00078_fake.mp4,RealVideo-FakeAudio/Caucasian (European)/women/id00634,RealVideo-FakeAudio/Caucasian (European)/women/id00634/00078_fake.mp4,/Users/jeevikakiran/Documents/USC/Multimodal/Project/FakeAVCeleb_v1.2/FakeAVCeleb_v1.2/RealVideo-FakeAudio/Caucasian (European)/women/id00634/00078_fake.mp4,1,0,1,1,FAKE,train,-3.0,1.2779998779296875,13.534048080444336,1.0,ok,,/Users/jeevikakiran/Documents/USC/Multimodal/Project/syncnet_work_pretrained/pycrop/id00634__00078_fake__415cb2fe5e/00000.avi,0.9226078303609643
id00098__00004__16f19e66a2,id00098,-,-,real,A,RealVideo-RealAudio,Caucasian (American),women,00004.mp4,RealVideo-RealAudio/Caucasian (American)/women/id00098,RealVideo-RealAudio/Caucasian (American)/women/id00098/00004.mp4,/Users/jeevikakiran/Documents/USC/Multimodal/Project/FakeAVCeleb_v1.2/FakeAVCeleb_v1.2/RealVideo-RealAudio/Caucasian (American)/women/id00098/00004.mp4,1,0,0,0,REAL,train,-2.0,5.6211748123168945,8.690918922424316,1.0,ok,,/Users/jeevikakiran/Documents/USC/Multimodal/Project/syncnet_work_pretrained/pycrop/id00098__00004__16f19e66a2/00000.avi,0.4125209348986911
id00391__00052_id01717_wavtolip__39067eef9c,id00391,id01717,-,wav2lip,C,FakeVideo-RealAudio,African,men,00052_id01717_wavtolip.mp4,FakeVideo-RealAudio/African/men/id00391,FakeVideo-RealAudio/African/men/id00391/00052_id01717_wavtolip.mp4,/Users/jeevikakiran/Documents/USC/Multimodal/Project/FakeAVCeleb_v1.2/FakeAVCeleb_v1.2/FakeVideo-RealAudio/African/men/id00391/00052_id01717_wavtolip.mp4,1,1,0,1,FAKE,train,-2.0,7.324807167053223,6.927179336547852,1.0,ok,,/Users/jeevikakiran/Documents/USC/Multimodal/Project/syncnet_work_pretrained/pycrop/id00391__00052_id01717_wavtolip__39067eef9c/00000.avi,0.25949228520092227
id02586__00042_fake__9fbff8e972,id02586,fake.mp4,-,rtvc,B,RealVideo-FakeAudio,African,women,00042_fake.mp4,RealVideo-FakeAudio/African/women/id02586,RealVideo-FakeAudio/African/women/id02586/00042_fake.mp4,/Users/jeevikakiran/Documents/USC/Multimodal/Project/FakeAVCeleb_v1.2/FakeAVCeleb_v1.2/RealVideo-FakeAudio/African/women/id02586/00042_fake.mp4,1,0,1,1,FAKE,train,-10.0,2.182352066040039,12.813199043273926,1.0,ok,,/Users/jeevikakiran/Documents/USC/Multimodal/Project/syncnet_work_pretrained/pycrop/id02586__00042_fake__9fbff8e972/00000.avi,0.9969720477393709
id00696__00005_id01182_wavtolip__5512bf69bd,id00696,id01182,-,wav2lip,C,FakeVideo-RealAudio,Caucasian (American),men,00005_id01182_wavtolip.mp4,FakeVideo-RealAudio/Caucasian (American)/men/id00696,FakeVideo-RealAudio/Caucasian (American)/men/id00696/00005_id01182_wavtolip.mp4,/Users/jeevikakiran/Documents/USC/Multimodal/Project/FakeAVCeleb_v1.2/FakeAVCeleb_v1.2/FakeVideo-RealAudio/Caucasian (American)/men/id00696/00005_id01182_wavtolip.mp4,1,1,0,1,FAKE,train,-2.0,4.7118024826049805,8.605414390563965,1.0,ok,,/Users/jeevikakiran/Documents/USC/Multimodal/Project/syncnet_work_pretrained/pycrop/id00696__00005_id01182_wavtolip__5512bf69bd/00000.avi,0.15245369908144277
id00179__00143__bd80c20082,id00179,-,-,real,A,RealVideo-RealAudio,Caucasian (American),men,00143.mp4,RealVideo-RealAudio/Caucasian (American)/men/id00179,RealVideo-RealAudio/Caucasian (American)/men/id00179/00143.mp4,/Users/jeevikakiran/Documents/USC/Multimodal/Project/FakeAVCeleb_v1.2/FakeAVCeleb_v1.2/RealVideo-RealAudio/Caucasian (American)/men/id00179/00143.mp4,1,0,0,0,REAL,train,0.0,3.8886022567749023,8.05415153503418,1.0,ok,,/Users/jeevikakiran/Documents/USC/Multimodal/Project/syncnet_work_pretrained/pycrop/id00179__00143__bd80c20082/00000.avi,0.009034016660970404
id04789__002121__894bb14257,id04789,-,-,real,A,RealVideo-RealAudio,Asian (East),men,002121.mp4,RealVideo-RealAudio/Asian (East)/men/id04789,RealVideo-RealAudio/Asian (East)/men/id04789/002121.mp4,/Users/jeevikakiran/Documents/USC/Multimodal/Project/FakeAVCeleb_v1.2/FakeAVCeleb_v1.2/RealVideo-RealAudio/Asian (East)/men/id04789/002121.mp4,1,0,0,0,REAL,train,-3.0,0.44117259979248047,10.823387145996094,1.0,ok,,/Users/jeevikakiran/Documents/USC/Multimodal/Project/syncnet_work_pretrained/pycrop/id04789__002121__894bb14257/00000.avi,0.03855757918953403
id04216__00470_id00971_wavtolip__28425281e5,id04216,id00971,-,wav2lip,C,FakeVideo-RealAudio,Caucasian (American),men,00470_id00971_wavtolip.mp4,FakeVideo-RealAudio/Caucasian (American)/men/id04216,FakeVideo-RealAudio/Caucasian (American)/men/id04216/00470_id00971_wavtolip.mp4,/Users/jeevikakiran/Documents/USC/Multimodal/Project/FakeAVCeleb_v1.2/FakeAVCeleb_v1.2/FakeVideo-RealAudio/Caucasian (American)/men/id04216/00470_id00971_wavtolip.mp4,1,1,0,1,FAKE,train,-2.0,6.042273998260498,7.54838752746582,1.0,ok,,/Users/jeevikakiran/Documents/USC/Multimodal/Project/syncnet_work_pretrained/pycrop/id04216__00470_id00971_wavtolip__28425281e5/00000.avi,0.15217253163543124
id00029__00288__93925f787c,id00029,-,-,real,A,RealVideo-RealAudio,Caucasian (American),men,00288.mp4,RealVideo-RealAudio/Caucasian (American)/men/id00029,RealVideo-RealAudio/Caucasian (American)/men/id00029/00288.mp4,/Users/jeevikakiran/Documents/USC/Multimodal/Project/FakeAVCeleb_v1.2/FakeAVCeleb_v1.2/RealVideo-RealAudio/Caucasian (American)/men/id00029/00288.mp4,1,0,0,0,REAL,train,-1.0,7.121825695037842,6.32808780670166,1.0,ok,,/Users/jeevikakiran/Documents/USC/Multimodal/Project/syncnet_work_pretrained/pycrop/id00029__00288__93925f787c/00000.avi,0.05699060333372679
id04537__00083__2c4c96d226,id04537,-,-,real,A,RealVideo-RealAudio,Asian (South),men,00083.mp4,RealVideo-RealAudio/Asian (South)/men/id04537,RealVideo-RealAudio/Asian (South)/men/id04537/00083.mp4,/Users/jeevikakiran/Documents/USC/Multimodal/Project/FakeAVCeleb_v1.2/FakeAVCeleb_v1.2/RealVideo-RealAudio/Asian (South)/men/id04537/00083.mp4,1,0,0,0,REAL,train,-2.0,5.539768218994141,7.634423732757568,1.0,ok,,/Users/jeevikakiran/Documents/USC/Multimodal/Project/syncnet_work_pretrained/pycrop/id04537__00083__2c4c96d226/00000.avi,0.09575266370786703
id03945__00063__b5ac131e2b,id03945,-,-,real,A,RealVideo-RealAudio,Asian (South),men,00063.mp4,RealVideo-RealAudio/Asian (South)/men/id03945,RealVideo-RealAudio/Asian (South)/men/id03945/00063.mp4,/Users/jeevikakiran/Documents/USC/Multimodal/Project/FakeAVCeleb_v1.2/FakeAVCeleb_v1.2/RealVideo-RealAudio/Asian (South)/men/id03945/00063.mp4,1,0,0,0,REAL,train,-1.0,5.794469833374023,7.006959438323975,2.0,ok,,/Users/jeevikakiran/Documents/USC/Multimodal/Project/syncnet_work_pretrained/pycrop/id03945__00063__b5ac131e2b/00000.avi,0.031130058374026305
id07233__00180_0__1f1e6a5d18,id07233,0.mp4,-,faceswap,C,FakeVideo-RealAudio,Asian (South),men,00180_0.mp4,FakeVideo-RealAudio/Asian (South)/men/id07233,FakeVideo-RealAudio/Asian (South)/men/id07233/00180_0.mp4,/Users/jeevikakiran/Documents/USC/Multimodal/Project/FakeAVCeleb_v1.2/FakeAVCeleb_v1.2/FakeVideo-RealAudio/Asian (South)/men/id07233/00180_0.mp4,1,1,0,1,FAKE,train,-2.0,4.464407920837402,9.008965492248535,1.0,ok,,/Users/jeevikakiran/Documents/USC/Multimodal/Project/syncnet_work_pretrained/pycrop/id07233__00180_0__1f1e6a5d18/00000.avi,0.2033033599941316
id00415__00017_id00594_wavtolip__a320d6e92a,id00415,id00594,-,wav2lip,D,FakeVideo-FakeAudio,Caucasian (European),men,00017_id00594_wavtolip.mp4,FakeVideo-FakeAudio/Caucasian (European)/men/id00415,FakeVideo-FakeAudio/Caucasian (European)/men/id00415/00017_id00594_wavtolip.mp4,/Users/jeevikakiran/Documents/USC/Multimodal/Project/FakeAVCeleb_v1.2/FakeAVCeleb_v1.2/FakeVideo-FakeAudio/Caucasian (European)/men/id00415/00017_id00594_wavtolip.mp4,1,1,1,1,FAKE,train,-2.0,6.506923675537109,7.933289527893066,1.0,ok,,/Users/jeevikakiran/Documents/USC/Multimodal/Project/syncnet_work_pretrained/pycrop/id00415__00017_id00594_wavtolip__a320d6e92a/00000.avi,0.39031299398731045
id00049__00118_id04216_wavtolip__203c2deb16,id00049,id04216,-,wav2lip,C,FakeVideo-RealAudio,Caucasian (American),men,00118_id04216_wavtolip.mp4,FakeVideo-RealAudio/Caucasian (American)/men/id00049,FakeVideo-RealAudio/Caucasian (American)/men/id00049/00118_id04216_wavtolip.mp4,/Users/jeevikakiran/Documents/USC/Multimodal/Project/FakeAVCeleb_v1.2/FakeAVCeleb_v1.2/FakeVideo-RealAudio/Caucasian (American)/men/id00049/00118_id04216_wavtolip.mp4,1,1,0,1,FAKE,train,-2.0,9.867581367492676,5.729793071746826,1.0,ok,,/Users/jeevikakiran/Documents/USC/Multimodal/Project/syncnet_work_pretrained/pycrop/id00049__00118_id04216_wavtolip__203c2deb16/00000.avi,0.583129561768436
id00366__00118_id01933_wavtolip__a4846edb4c,id00366,id01933,-,wav2lip,C,FakeVideo-RealAudio,African,men,00118_id01933_wavtolip.mp4,FakeVideo-RealAudio/African/men/id00366,FakeVideo-RealAudio/African/men/id00366/00118_id01933_wavtolip.mp4,/Users/jeevikakiran/Documents/USC/Multimodal/Project/FakeAVCeleb_v1.2/FakeAVCeleb_v1.2/FakeVideo-RealAudio/African/men/id00366/00118_id01933_wavtolip.mp4,1,1,0,1,FAKE,val,-2.0,8.188638687133789,6.44385290145874,1.0,ok,,/Users/jeevikakiran/Documents/USC/Multimodal/Project/syncnet_work_pretrained/pycrop/id00366__00118_id01933_wavtolip__a4846edb4c/00000.avi,0.3301452383861911
id00775__00092__5560920764,id00775,-,-,real,A,RealVideo-RealAudio,Caucasian (American),men,00092.mp4,RealVideo-RealAudio/Caucasian (American)/men/id00775,RealVideo-RealAudio/Caucasian (American)/men/id00775/00092.mp4,/Users/jeevikakiran/Documents/USC/Multimodal/Project/FakeAVCeleb_v1.2/FakeAVCeleb_v1.2/RealVideo-RealAudio/Caucasian (American)/men/id00775/00092.mp4,1,0,0,0,REAL,train,0.0,6.19411563873291,7.302062511444092,1.0,ok,,/Users/jeevikakiran/Documents/USC/Multimodal/Project/syncnet_work_pretrained/pycrop/id00775__00092__5560920764/00000.avi,0.05316538272273062
id00460__00005__5ff8e661ab,id00460,-,-,real,A,RealVideo-RealAudio,African,women,00005.mp4,RealVideo-RealAudio/African/women/id00460,RealVideo-RealAudio/African/women/id00460/00005.mp4,/Users/jeevikakiran/Documents/USC/Multimodal/Project/FakeAVCeleb_v1.2/FakeAVCeleb_v1.2/RealVideo-RealAudio/African/women/id00460/00005.mp4,1,0,0,0,REAL,train,1.0,6.734950065612793,7.747048377990723,1.0,ok,,/Users/jeevikakiran/Documents/USC/Multimodal/Project/syncnet_work_pretrained/pycrop/id00460__00005__5ff8e661ab/00000.avi,0.28296590063428806
id00097__00162__968527f637,id00097,-,-,real,A,RealVideo-RealAudio,Caucasian (American),women,00162.mp4,RealVideo-RealAudio/Caucasian (American)/women/id00097,RealVideo-RealAudio/Caucasian (American)/women/id00097/00162.mp4,/Users/jeevikakiran/Documents/USC/Multimodal/Project/FakeAVCeleb_v1.2/FakeAVCeleb_v1.2/RealVideo-RealAudio/Caucasian (American)/women/id00097/00162.mp4,1,0,0,0,REAL,train,3.0,7.551400661468506,6.7647929191589355,2.0,ok,,/Users/jeevikakiran/Documents/USC/Multimodal/Project/syncnet_work_pretrained/pycrop/id00097__00162__968527f637/00001.avi,0.36717295871356326
id00082__00052__5421461f34,id00082,-,-,real,A,RealVideo-RealAudio,Asian (South),men,00052.mp4,RealVideo-RealAudio/Asian (South)/men/id00082,RealVideo-RealAudio/Asian (South)/men/id00082/00052.mp4,/Users/jeevikakiran/Documents/USC/Multimodal/Project/FakeAVCeleb_v1.2/FakeAVCeleb_v1.2/RealVideo-RealAudio/Asian (South)/men/id00082/00052.mp4,1,0,0,0,REAL,train,-2.0,5.783783912658691,7.482916355133057,1.0,ok,,/Users/jeevikakiran/Documents/USC/Multimodal/Project/syncnet_work_pretrained/pycrop/id00082__00052__5421461f34/00000.avi,0.10208600722723479
id00579__00030_fake__771844e955,id00579,fake.mp4,-,rtvc,B,RealVideo-FakeAudio,Asian (East),women,00030_fake.mp4,RealVideo-FakeAudio/Asian (East)/women/id00579,RealVideo-FakeAudio/Asian (East)/women/id00579/00030_fake.mp4,/Users/jeevikakiran/Documents/USC/Multimodal/Project/FakeAVCeleb_v1.2/FakeAVCeleb_v1.2/RealVideo-FakeAudio/Asian (East)/women/id00579/00030_fake.mp4,1,0,1,1,FAKE,train,4.0,1.4829578399658203,13.316184997558594,1.0,ok,,/Users/jeevikakiran/Documents/USC/Multimodal/Project/syncnet_work_pretrained/pycrop/id00579__00030_fake__771844e955/00000.avi,0.9458322675677893
id01212__00183__58c4d620a2,id01212,-,-,real,A,RealVideo-RealAudio,Asian (East),men,00183.mp4,RealVideo-RealAudio/Asian (East)/men/id01212,RealVideo-RealAudio/Asian (East)/men/id01212/00183.mp4,/Users/jeevikakiran/Documents/USC/Multimodal/Project/FakeAVCeleb_v1.2/FakeAVCeleb_v1.2/RealVideo-RealAudio/Asian (East)/men/id01212/00183.mp4,1,0,0,0,REAL,train,-1.0,4.3220977783203125,8.346458435058594,1.0,ok,,/Users/jeevikakiran/Documents/USC/Multimodal/Project/syncnet_work_pretrained/pycrop/id01212__00183__58c4d620a2/00000.avi,0.04112569051535412
id01972__00078_id01392_wavtolip__2824de1f4a,id01972,id01392,-,wav2lip,D,FakeVideo-FakeAudio,African,men,00078_id01392_wavtolip.mp4,FakeVideo-FakeAudio/African/men/id01972,FakeVideo-FakeAudio/African/men/id01972/00078_id01392_wavtolip.mp4,/Users/jeevikakiran/Documents/USC/Multimodal/Project/FakeAVCeleb_v1.2/FakeAVCeleb_v1.2/FakeVideo-FakeAudio/African/men/id01972/00078_id01392_wavtolip.mp4,1,1,1,1,FAKE,train,-2.0,5.452292442321777,8.278318405151367,1.0,ok,,/Users/jeevikakiran/Documents/USC/Multimodal/Project/syncnet_work_pretrained/pycrop/id01972__00078_id01392_wavtolip__2824de1f4a/00000.avi,0.21824427717472872
id00418__00052_fake__5a3a8f421a,id00418,fake.mp4,-,rtvc,B,RealVideo-FakeAudio,Caucasian (American),women,00052_fake.mp4,RealVideo-FakeAudio/Caucasian (American)/women/id00418,RealVideo-FakeAudio/Caucasian (American)/women/id00418/00052_fake.mp4,/Users/jeevikakiran/Documents/USC/Multimodal/Project/FakeAVCeleb_v1.2/FakeAVCeleb_v1.2/RealVideo-FakeAudio/Caucasian (American)/women/id00418/00052_fake.mp4,1,0,1,1,FAKE,train,11.0,1.1170539855957031,11.643187522888184,1.0,ok,,/Users/jeevikakiran/Documents/USC/Multimodal/Project/syncnet_work_pretrained/pycrop/id00418__00052_fake__5a3a8f421a/00000.avi,0.9463905676060405
id05106__00078_id04820_64ybra1atlm_faceswap__4da904aefe,id05106,id04820,-,faceswap,C,FakeVideo-RealAudio,African,women,00078_id04820_64ybrA1atlM_faceswap.mp4,FakeVideo-RealAudio/African/women/id05106,FakeVideo-RealAudio/African/women/id05106/00078_id04820_64ybrA1atlM_faceswap.mp4,/Users/jeevikakiran/Documents/USC/Multimodal/Project/FakeAVCeleb_v1.2/FakeAVCeleb_v1.2/FakeVideo-RealAudio/African/women/id05106/00078_id04820_64ybrA1atlM_faceswap.mp4,1,1,0,1,FAKE,train,-2.0,4.7808380126953125,8.864340782165527,1.0,ok,,/Users/jeevikakiran/Documents/USC/Multimodal/Project/syncnet_work_pretrained/pycrop/id05106__00078_id04820_64ybra1atlm_faceswap__4da904aefe/00000.avi,0.23395321227444466
id00518__00031__a63f7fba2c,id00518,-,-,real,A,RealVideo-RealAudio,African,men,00031.mp4,RealVideo-RealAudio/African/men/id00518,RealVideo-RealAudio/African/men/id00518/00031.mp4,/Users/jeevikakiran/Documents/USC/Multimodal/Project/FakeAVCeleb_v1.2/FakeAVCeleb_v1.2/RealVideo-RealAudio/African/men/id00518/00031.mp4,1,0,0,0,REAL,train,-2.0,5.350327968597412,7.896934509277344,1.0,ok,,/Users/jeevikakiran/Documents/USC/Multimodal/Project/syncnet_work_pretrained/pycrop/id00518__00031__a63f7fba2c/00000.avi,0.11344532004236309
id02807__00032_id00763_wavtolip__b3e2810742,id02807,id00763,-,wav2lip,C,FakeVideo-RealAudio,Asian (East),women,00032_id00763_wavtolip.mp4,FakeVideo-RealAudio/Asian (East)/women/id02807,FakeVideo-RealAudio/Asian (East)/women/id02807/00032_id00763_wavtolip.mp4,/Users/jeevikakiran/Documents/USC/Multimodal/Project/FakeAVCeleb_v1.2/FakeAVCeleb_v1.2/FakeVideo-RealAudio/Asian (East)/women/id02807/00032_id00763_wavtolip.mp4,1,1,0,1,FAKE,train,-2.0,7.050363063812256,7.416905879974365,1.0,ok,,/Users/jeevikakiran/Documents/USC/Multimodal/Project/syncnet_work_pretrained/pycrop/id02807__00032_id00763_wavtolip__b3e2810742/00000.avi,0.35670318644552695
id01856__00006__37a6b7ae7c,id01856,-,-,real,A,RealVideo-RealAudio,African,men,00006.mp4,RealVideo-RealAudio/African/men/id01856,RealVideo-RealAudio/African/men/id01856/00006.mp4,/Users/jeevikakiran/Documents/USC/Multimodal/Project/FakeAVCeleb_v1.2/FakeAVCeleb_v1.2/RealVideo-RealAudio/African/men/id01856/00006.mp4,1,0,0,0,REAL,train,2.0,3.5381240844726562,9.56503677368164,1.0,ok,,/Users/jeevikakiran/Documents/USC/Multimodal/Project/syncnet_work_pretrained/pycrop/id01856__00006__37a6b7ae7c/00000.avi,0.15872758596354455
id00149__00284__af173a5016,id00149,-,-,real,A,RealVideo-RealAudio,Asian (South),women,00284.mp4,RealVideo-RealAudio/Asian (South)/women/id00149,RealVideo-RealAudio/Asian (South)/women/id00149/00284.mp4,/Users/jeevikakiran/Documents/USC/Multimodal/Project/FakeAVCeleb_v1.2/FakeAVCeleb_v1.2/RealVideo-RealAudio/Asian (South)/women/id00149/00284.mp4,1,0,0,0,REAL,train,-1.0,6.107143878936768,7.9046478271484375,1.0,ok,,/Users/jeevikakiran/Documents/USC/Multimodal/Project/syncnet_work_pretrained/pycrop/id00149__00284__af173a5016/00000.avi,0.18175724573227223
id04583__00077_id07051_d1c0pl2ap_4_id04564_wavtolip__287fa68de9,id04583,id07051,id04564,fsgan-wav2lip,D,FakeVideo-FakeAudio,Asian (South),women,00077_id07051_d1c0Pl2aP_4_id04564_wavtolip.mp4,FakeVideo-FakeAudio/Asian (South)/women/id04583,FakeVideo-FakeAudio/Asian (South)/women/id04583/00077_id07051_d1c0Pl2aP_4_id04564_wavtolip.mp4,/Users/jeevikakiran/Documents/USC/Multimodal/Project/FakeAVCeleb_v1.2/FakeAVCeleb_v1.2/FakeVideo-FakeAudio/Asian (South)/women/id04583/00077_id07051_d1c0Pl2aP_4_id04564_wavtolip.mp4,1,1,1,1,FAKE,train,-2.0,6.710672378540039,7.967597484588623,1.0,ok,,/Users/jeevikakiran/Documents/USC/Multimodal/Project/syncnet_work_pretrained/pycrop/id04583__00077_id07051_d1c0pl2ap_4_id04564_wavtolip__287fa68de9/00000.avi,0.4712106057698661
id00566__00032__8f2fb0e862,id00566,-,-,real,A,RealVideo-RealAudio,Asian (East),women,00032.mp4,RealVideo-RealAudio/Asian (East)/women/id00566,RealVideo-RealAudio/Asian (East)/women/id00566/00032.mp4,/Users/jeevikakiran/Documents/USC/Multimodal/Project/FakeAVCeleb_v1.2/FakeAVCeleb_v1.2/RealVideo-RealAudio/Asian (East)/women/id00566/00032.mp4,1,0,0,0,REAL,train,-1.0,4.926194190979004,8.150339126586914,1.0,ok,,/Users/jeevikakiran/Documents/USC/Multimodal/Project/syncnet_work_pretrained/pycrop/id00566__00032__8f2fb0e862/00000.avi,0.0646952646180635
id00183__00015__e260a061e2,id00183,-,-,real,A,RealVideo-RealAudio,Caucasian (European),men,00015.mp4,RealVideo-RealAudio/Caucasian (European)/men/id00183,RealVideo-RealAudio/Caucasian (European)/men/id00183/00015.mp4,/Users/jeevikakiran/Documents/USC/Multimodal/Project/FakeAVCeleb_v1.2/FakeAVCeleb_v1.2/RealVideo-RealAudio/Caucasian (European)/men/id00183/00015.mp4,1,0,0,0,REAL,val,-6.0,5.1539106369018555,8.788797378540039,1.0,ok,,/Users/jeevikakiran/Documents/USC/Multimodal/Project/syncnet_work_pretrained/pycrop/id00183__00015__e260a061e2/00000.avi,0.7475081387370495
id04414__00001_id06065_rni34ovupta__169b127ca4,id04414,id06065,-,fsgan,C,FakeVideo-RealAudio,Asian (East),women,00001_id06065_Rni34oVUpTA.mp4,FakeVideo-RealAudio/Asian (East)/women/id04414,FakeVideo-RealAudio/Asian (East)/women/id04414/00001_id06065_Rni34oVUpTA.mp4,/Users/jeevikakiran/Documents/USC/Multimodal/Project/FakeAVCeleb_v1.2/FakeAVCeleb_v1.2/FakeVideo-RealAudio/Asian (East)/women/id04414/00001_id06065_Rni34oVUpTA.mp4,1,1,0,1,FAKE,train,1.0,5.7649688720703125,8.608004570007324,1.0,ok,,/Users/jeevikakiran/Documents/USC/Multimodal/Project/syncnet_work_pretrained/pycrop/id04414__00001_id06065_rni34ovupta__169b127ca4/00000.avi,0.3152295811521024
id00145__00043_id00180_lkeaa8od_tg_id00458_wavtolip__0f31c5d5da,id00145,id00180,id00458,fsgan-wav2lip,D,FakeVideo-FakeAudio,Caucasian (American),women,00043_id00180_lkeAa8Od_tg_id00458_wavtolip.mp4,FakeVideo-FakeAudio/Caucasian (American)/women/id00145,FakeVideo-FakeAudio/Caucasian (American)/women/id00145/00043_id00180_lkeAa8Od_tg_id00458_wavtolip.mp4,/Users/jeevikakiran/Documents/USC/Multimodal/Project/FakeAVCeleb_v1.2/FakeAVCeleb_v1.2/FakeVideo-FakeAudio/Caucasian (American)/women/id00145/00043_id00180_lkeAa8Od_tg_id00458_wavtolip.mp4,1,1,1,1,FAKE,train,-2.0,8.662723541259766,6.718527317047119,1.0,ok,,/Users/jeevikakiran/Documents/USC/Multimodal/Project/syncnet_work_pretrained/pycrop/id00145__00043_id00180_lkeaa8od_tg_id00458_wavtolip__0f31c5d5da/00000.avi,0.5964675371779563
id00282__00268_id01051_wavtolip__24481b7387,id00282,id01051,-,wav2lip,D,FakeVideo-FakeAudio,Caucasian (European),men,00268_id01051_wavtolip.mp4,FakeVideo-FakeAudio/Caucasian (European)/men/id00282,FakeVideo-FakeAudio/Caucasian (European)/men/id00282/00268_id01051_wavtolip.mp4,/Users/jeevikakiran/Documents/USC/Multimodal/Project/FakeAVCeleb_v1.2/FakeAVCeleb_v1.2/FakeVideo-FakeAudio/Caucasian (European)/men/id00282/00268_id01051_wavtolip.mp4,1,1,1,1,FAKE,val,-2.0,5.854535102844238,8.522171020507812,1.0,ok,,/Users/jeevikakiran/Documents/USC/Multimodal/Project/syncnet_work_pretrained/pycrop/id00282__00268_id01051_wavtolip__24481b7387/00000.avi,0.41925369658781114
id01211__00023_id01168_wavtolip__b8b600431f,id01211,id01168,-,wav2lip,C,FakeVideo-RealAudio,Caucasian (American),men,00023_id01168_wavtolip.mp4,FakeVideo-RealAudio/Caucasian (American)/men/id01211,FakeVideo-RealAudio/Caucasian (American)/men/id01211/00023_id01168_wavtolip.mp4,/Users/jeevikakiran/Documents/USC/Multimodal/Project/FakeAVCeleb_v1.2/FakeAVCeleb_v1.2/FakeVideo-RealAudio/Caucasian (American)/men/id01211/00023_id01168_wavtolip.mp4,1,1,0,1,FAKE,train,-2.0,9.832220077514648,6.093719005584717,1.0,ok,,/Users/jeevikakiran/Documents/USC/Multimodal/Project/syncnet_work_pretrained/pycrop/id01211__00023_id01168_wavtolip__b8b600431f/00000.avi,0.7114404634808706
id01215__00001_fake__fbaf5ba868,id01215,fake.mp4,-,rtvc,B,RealVideo-FakeAudio,Asian (East),men,00001_fake.mp4,RealVideo-FakeAudio/Asian (East)/men/id01215,RealVideo-FakeAudio/Asian (East)/men/id01215/00001_fake.mp4,/Users/jeevikakiran/Documents/USC/Multimodal/Project/FakeAVCeleb_v1.2/FakeAVCeleb_v1.2/RealVideo-FakeAudio/Asian (East)/men/id01215/00001_fake.mp4,1,0,1,1,FAKE,val,1.0,1.4168357849121094,12.958663940429688,1.0,ok,,/Users/jeevikakiran/Documents/USC/Multimodal/Project/syncnet_work_pretrained/pycrop/id01215__00001_fake__fbaf5ba868/00000.avi,0.6777782181048368
id03211__00032__3f23b08655,id03211,-,-,real,A,RealVideo-RealAudio,Asian (East),women,00032.mp4,RealVideo-RealAudio/Asian (East)/women/id03211,RealVideo-RealAudio/Asian (East)/women/id03211/00032.mp4,/Users/jeevikakiran/Documents/USC/Multimodal/Project/FakeAVCeleb_v1.2/FakeAVCeleb_v1.2/RealVideo-RealAudio/Asian (East)/women/id03211/00032.mp4,1,0,0,0,REAL,train,-1.0,4.594878196716309,9.000983238220215,1.0,ok,,/Users/jeevikakiran/Documents/USC/Multimodal/Project/syncnet_work_pretrained/pycrop/id03211__00032__3f23b08655/00000.avi,0.15717490850709323
id06591__00021_id08299_wavtolip__1eba5ce1e9,id06591,id08299,-,wav2lip,D,FakeVideo-FakeAudio,Asian (East),men,00021_id08299_wavtolip.mp4,FakeVideo-FakeAudio/Asian (East)/men/id06591,FakeVideo-FakeAudio/Asian (East)/men/id06591/00021_id08299_wavtolip.mp4,/Users/jeevikakiran/Documents/USC/Multimodal/Project/FakeAVCeleb_v1.2/FakeAVCeleb_v1.2/FakeVideo-FakeAudio/Asian (East)/men/id06591/00021_id08299_wavtolip.mp4,1,1,1,1,FAKE,train,-2.0,8.516282081604004,7.131133079528809,1.0,ok,,/Users/jeevikakiran/Documents/USC/Multimodal/Project/syncnet_work_pretrained/pycrop/id06591__00021_id08299_wavtolip__1eba5ce1e9/00000.avi,0.7090826341467583
id09174__00015__ae1d7802b4,id09174,-,-,real,A,RealVideo-RealAudio,Asian (East),women,00015.mp4,RealVideo-RealAudio/Asian (East)/women/id09174,RealVideo-RealAudio/Asian (East)/women/id09174/00015.mp4,/Users/jeevikakiran/Documents/USC/Multimodal/Project/FakeAVCeleb_v1.2/FakeAVCeleb_v1.2/RealVideo-RealAudio/Asian (East)/women/id09174/00015.mp4,1,0,0,0,REAL,val,-1.0,7.001559734344482,6.893565654754639,1.0,ok,,/Users/jeevikakiran/Documents/USC/Multimodal/Project/syncnet_work_pretrained/pycrop/id09174__00015__ae1d7802b4/00000.avi,0.11784342224741204
id00857__00347__b7baada3f0,id00857,-,-,real,A,RealVideo-RealAudio,Asian (South),men,00347.mp4,RealVideo-RealAudio/Asian (South)/men/id00857,RealVideo-RealAudio/Asian (South)/men/id00857/00347.mp4,/Users/jeevikakiran/Documents/USC/Multimodal/Project/FakeAVCeleb_v1.2/FakeAVCeleb_v1.2/RealVideo-RealAudio/Asian (South)/men/id00857/00347.mp4,1,0,0,0,REAL,train,-2.0,5.358079433441162,7.723612308502197,1.0,ok,,/Users/jeevikakiran/Documents/USC/Multimodal/Project/syncnet_work_pretrained/pycrop/id00857__00347__b7baada3f0/00000.avi,0.08801515475531047
id00025__00025__f208d6434a,id00025,-,-,real,A,RealVideo-RealAudio,Caucasian (American),women,00025.mp4,RealVideo-RealAudio/Caucasian (American)/women/id00025,RealVideo-RealAudio/Caucasian (American)/women/id00025/00025.mp4,/Users/jeevikakiran/Documents/USC/Multimodal/Project/FakeAVCeleb_v1.2/FakeAVCeleb_v1.2/RealVideo-RealAudio/Caucasian (American)/women/id00025/00025.mp4,1,0,0,0,REAL,train,1.0,7.065408229827881,7.214239120483398,1.0,ok,,/Users/jeevikakiran/Documents/USC/Multimodal/Project/syncnet_work_pretrained/pycrop/id00025__00025__f208d6434a/00000.avi,0.1999829471583621
id02567__00040_id00292_wavtolip__3afb9f3191,id02567,id00292,-,wav2lip,C,FakeVideo-RealAudio,Caucasian (European),men,00040_id00292_wavtolip.mp4,FakeVideo-RealAudio/Caucasian (European)/men/id02567,FakeVideo-RealAudio/Caucasian (European)/men/id02567/00040_id00292_wavtolip.mp4,/Users/jeevikakiran/Documents/USC/Multimodal/Project/FakeAVCeleb_v1.2/FakeAVCeleb_v1.2/FakeVideo-RealAudio/Caucasian (European)/men/id02567/00040_id00292_wavtolip.mp4,1,1,0,1,FAKE,val,-2.0,9.41964340209961,6.416229724884033,1.0,ok,,/Users/jeevikakiran/Documents/USC/Multimodal/Project/syncnet_work_pretrained/pycrop/id02567__00040_id00292_wavtolip__3afb9f3191/00000.avi,0.7097500839844845
id00459__00382_id07195_wavtolip__bdc6675d65,id00459,id07195,-,wav2lip,D,FakeVideo-FakeAudio,Asian (South),men,00382_id07195_wavtolip.mp4,FakeVideo-FakeAudio/Asian (South)/men/id00459,FakeVideo-FakeAudio/Asian (South)/men/id00459/00382_id07195_wavtolip.mp4,/Users/jeevikakiran/Documents/USC/Multimodal/Project/FakeAVCeleb_v1.2/FakeAVCeleb_v1.2/FakeVideo-FakeAudio/Asian (South)/men/id00459/00382_id07195_wavtolip.mp4,1,1,1,1,FAKE,train,-2.0,7.6669416427612305,6.749181270599365,1.0,ok,,/Users/jeevikakiran/Documents/USC/Multimodal/Project/syncnet_work_pretrained/pycrop/id00459__00382_id07195_wavtolip__bdc6675d65/00000.avi,0.2909336095229428
id00243__00037_fake__8a969289ea,id00243,fake.mp4,-,rtvc,B,RealVideo-FakeAudio,Caucasian (American),men,00037_fake.mp4,RealVideo-FakeAudio/Caucasian (American)/men/id00243,RealVideo-FakeAudio/Caucasian (American)/men/id00243/00037_fake.mp4,/Users/jeevikakiran/Documents/USC/Multimodal/Project/FakeAVCeleb_v1.2/FakeAVCeleb_v1.2/RealVideo-FakeAudio/Caucasian (American)/men/id00243/00037_fake.mp4,1,0,1,1,FAKE,val,5.0,2.32344913482666,12.448148727416992,1.0,ok,,/Users/jeevikakiran/Documents/USC/Multimodal/Project/syncnet_work_pretrained/pycrop/id00243__00037_fake__8a969289ea/00000.avi,0.9523698101785611
id00025__00025_id01005_wavtolip__0da65339e5,id00025,id01005,-,wav2lip,D,FakeVideo-FakeAudio,Caucasian (American),women,00025_id01005_wavtolip.mp4,FakeVideo-FakeAudio/Caucasian (American)/women/id00025,FakeVideo-FakeAudio/Caucasian (American)/women/id00025/00025_id01005_wavtolip.mp4,/Users/jeevikakiran/Documents/USC/Multimodal/Project/FakeAVCeleb_v1.2/FakeAVCeleb_v1.2/FakeVideo-FakeAudio/Caucasian (American)/women/id00025/00025_id01005_wavtolip.mp4,1,1,1,1,FAKE,train,-2.0,8.028038024902344,6.818655967712402,1.0,ok,,/Users/jeevikakiran/Documents/USC/Multimodal/Project/syncnet_work_pretrained/pycrop/id00025__00025_id01005_wavtolip__0da65339e5/00000.avi,0.4279763462571684
id03103__00130_fake__c71507affa,id03103,fake.mp4,-,rtvc,B,RealVideo-FakeAudio,African,women,00130_fake.mp4,RealVideo-FakeAudio/African/women/id03103,RealVideo-FakeAudio/African/women/id03103/00130_fake.mp4,/Users/jeevikakiran/Documents/USC/Multimodal/Project/FakeAVCeleb_v1.2/FakeAVCeleb_v1.2/RealVideo-FakeAudio/African/women/id03103/00130_fake.mp4,1,0,1,1,FAKE,train,15.0,0.933445930480957,12.814602851867676,1.0,ok,,/Users/jeevikakiran/Documents/USC/Multimodal/Project/syncnet_work_pretrained/pycrop/id03103__00130_fake__c71507affa/00000.avi,0.9985006144139124
id06439__00118__6821ee783e,id06439,-,-,real,A,RealVideo-RealAudio,Asian (South),women,00118.mp4,RealVideo-RealAudio/Asian (South)/women/id06439,RealVideo-RealAudio/Asian (South)/women/id06439/00118.mp4,/Users/jeevikakiran/Documents/USC/Multimodal/Project/FakeAVCeleb_v1.2/FakeAVCeleb_v1.2/RealVideo-RealAudio/Asian (South)/women/id06439/00118.mp4,1,0,0,0,REAL,train,-1.0,5.620918273925781,8.436264038085938,1.0,ok,,/Users/jeevikakiran/Documents/USC/Multimodal/Project/syncnet_work_pretrained/pycrop/id06439__00118__6821ee783e/00000.avi,0.22123765403417428
id04216__00470__12d064e2c6,id04216,-,-,real,A,RealVideo-RealAudio,Caucasian (American),men,00470.mp4,RealVideo-RealAudio/Caucasian (American)/men/id04216,RealVideo-RealAudio/Caucasian (American)/men/id04216/00470.mp4,/Users/jeevikakiran/Documents/USC/Multimodal/Project/FakeAVCeleb_v1.2/FakeAVCeleb_v1.2/RealVideo-RealAudio/Caucasian (American)/men/id04216/00470.mp4,1,0,0,0,REAL,val,0.0,6.917564868927002,7.375145435333252,1.0,ok,,/Users/jeevikakiran/Documents/USC/Multimodal/Project/syncnet_work_pretrained/pycrop/id04216__00470__12d064e2c6/00000.avi,0.14335527305095674
id04073__00021__b985e8d50c,id04073,-,-,real,A,RealVideo-RealAudio,Caucasian (American),men,00021.mp4,RealVideo-RealAudio/Caucasian (American)/men/id04073,RealVideo-RealAudio/Caucasian (American)/men/id04073/00021.mp4,/Users/jeevikakiran/Documents/USC/Multimodal/Project/FakeAVCeleb_v1.2/FakeAVCeleb_v1.2/RealVideo-RealAudio/Caucasian (American)/men/id04073/00021.mp4,1,0,0,0,REAL,train,0.0,6.410734176635742,7.38815450668335,1.0,ok,,/Users/jeevikakiran/Documents/USC/Multimodal/Project/syncnet_work_pretrained/pycrop/id04073__00021__b985e8d50c/00000.avi,0.07984977399801933
id06427__00138_id06060_wavtolip__a18fd9a040,id06427,id06060,-,wav2lip,C,FakeVideo-RealAudio,Asian (East),women,00138_id06060_wavtolip.mp4,FakeVideo-RealAudio/Asian (East)/women/id06427,FakeVideo-RealAudio/Asian (East)/women/id06427/00138_id06060_wavtolip.mp4,/Users/jeevikakiran/Documents/USC/Multimodal/Project/FakeAVCeleb_v1.2/FakeAVCeleb_v1.2/FakeVideo-RealAudio/Asian (East)/women/id06427/00138_id06060_wavtolip.mp4,1,1,0,1,FAKE,train,-2.0,7.613715648651123,7.127349376678467,1.0,ok,,/Users/jeevikakiran/Documents/USC/Multimodal/Project/syncnet_work_pretrained/pycrop/id06427__00138_id06060_wavtolip__a18fd9a040/00000.avi,0.4197047398835378
id00835__00195_fake__909ff43e17,id00835,fake.mp4,-,rtvc,B,RealVideo-FakeAudio,Caucasian (American),women,00195_fake.mp4,RealVideo-FakeAudio/Caucasian (American)/women/id00835,RealVideo-FakeAudio/Caucasian (American)/women/id00835/00195_fake.mp4,/Users/jeevikakiran/Documents/USC/Multimodal/Project/FakeAVCeleb_v1.2/FakeAVCeleb_v1.2/RealVideo-FakeAudio/Caucasian (American)/women/id00835/00195_fake.mp4,1,0,1,1,FAKE,train,-4.0,1.175480842590332,12.540301322937012,1.0,ok,,/Users/jeevikakiran/Documents/USC/Multimodal/Project/syncnet_work_pretrained/pycrop/id00835__00195_fake__909ff43e17/00000.avi,0.7574974621326246
id00253__00021_id00183_z2dhzllpwuq_faceswap__f28ef67d0e,id00253,id00183,-,faceswap,C,FakeVideo-RealAudio,Caucasian (European),men,00021_id00183_z2DhZllPWUQ_faceswap.mp4,FakeVideo-RealAudio/Caucasian (European)/men/id00253,FakeVideo-RealAudio/Caucasian (European)/men/id00253/00021_id00183_z2DhZllPWUQ_faceswap.mp4,/Users/jeevikakiran/Documents/USC/Multimodal/Project/FakeAVCeleb_v1.2/FakeAVCeleb_v1.2/FakeVideo-RealAudio/Caucasian (European)/men/id00253/00021_id00183_z2DhZllPWUQ_faceswap.mp4,1,1,0,1,FAKE,train,-3.0,5.824566841125488,8.417375564575195,1.0,ok,,/Users/jeevikakiran/Documents/USC/Multimodal/Project/syncnet_work_pretrained/pycrop/id00253__00021_id00183_z2dhzllpwuq_faceswap__f28ef67d0e/00000.avi,0.4830198731856486
id00225__00078_id00415_wavtolip__21fd9b5080,id00225,id00415,-,wav2lip,D,FakeVideo-FakeAudio,Caucasian (European),men,00078_id00415_wavtolip.mp4,FakeVideo-FakeAudio/Caucasian (European)/men/id00225,FakeVideo-FakeAudio/Caucasian (European)/men/id00225/00078_id00415_wavtolip.mp4,/Users/jeevikakiran/Documents/USC/Multimodal/Project/FakeAVCeleb_v1.2/FakeAVCeleb_v1.2/FakeVideo-FakeAudio/Caucasian (European)/men/id00225/00078_id00415_wavtolip.mp4,1,1,1,1,FAKE,train,-2.0,8.208824157714844,6.197579860687256,1.0,ok,,/Users/jeevikakiran/Documents/USC/Multimodal/Project/syncnet_work_pretrained/pycrop/id00225__00078_id00415_wavtolip__21fd9b5080/00000.avi,0.2504765688803241
id02567__00040__0ed3bb7ffa,id02567,-,-,real,A,RealVideo-RealAudio,Caucasian (European),men,00040.mp4,RealVideo-RealAudio/Caucasian (European)/men/id02567,RealVideo-RealAudio/Caucasian (European)/men/id02567/00040.mp4,/Users/jeevikakiran/Documents/USC/Multimodal/Project/FakeAVCeleb_v1.2/FakeAVCeleb_v1.2/RealVideo-RealAudio/Caucasian (European)/men/id02567/00040.mp4,1,0,0,0,REAL,train,-1.0,6.772806644439697,7.5555009841918945,1.0,ok,,/Users/jeevikakiran/Documents/USC/Multimodal/Project/syncnet_work_pretrained/pycrop/id02567__00040__0ed3bb7ffa/00000.avi,0.23106047092685317
id03559__00023__48c2d98425,id03559,-,-,real,A,RealVideo-RealAudio,Asian (South),women,00023.mp4,RealVideo-RealAudio/Asian (South)/women/id03559,RealVideo-RealAudio/Asian (South)/women/id03559/00023.mp4,/Users/jeevikakiran/Documents/USC/Multimodal/Project/FakeAVCeleb_v1.2/FakeAVCeleb_v1.2/RealVideo-RealAudio/Asian (South)/women/id03559/00023.mp4,1,0,0,0,REAL,train,0.0,5.495901107788086,8.477483749389648,1.0,ok,,/Users/jeevikakiran/Documents/USC/Multimodal/Project/syncnet_work_pretrained/pycrop/id03559__00023__48c2d98425/00000.avi,0.1380995265266495
id00554__00028__c66aa39b4d,id00554,-,-,real,A,RealVideo-RealAudio,Caucasian (European),men,00028.mp4,RealVideo-RealAudio/Caucasian (European)/men/id00554,RealVideo-RealAudio/Caucasian (European)/men/id00554/00028.mp4,/Users/jeevikakiran/Documents/USC/Multimodal/Project/FakeAVCeleb_v1.2/FakeAVCeleb_v1.2/RealVideo-RealAudio/Caucasian (European)/men/id00554/00028.mp4,1,0,0,0,REAL,train,-4.0,5.371748924255371,8.704299926757812,1.0,ok,,/Users/jeevikakiran/Documents/USC/Multimodal/Project/syncnet_work_pretrained/pycrop/id00554__00028__c66aa39b4d/00000.avi,0.5707117989442466
id01223__00255__faeece1792,id01223,-,-,real,A,RealVideo-RealAudio,Caucasian (American),women,00255.mp4,RealVideo-RealAudio/Caucasian (American)/women/id01223,RealVideo-RealAudio/Caucasian (American)/women/id01223/00255.mp4,/Users/jeevikakiran/Documents/USC/Multimodal/Project/FakeAVCeleb_v1.2/FakeAVCeleb_v1.2/RealVideo-RealAudio/Caucasian (American)/women/id01223/00255.mp4,1,0,0,0,REAL,train,-3.0,5.534407615661621,9.063189506530762,1.0,ok,,/Users/jeevikakiran/Documents/USC/Multimodal/Project/syncnet_work_pretrained/pycrop/id01223__00255__faeece1792/00000.avi,0.6532388595124061
id00971__00253__dbc2fe6d4b,id00971,-,-,real,A,RealVideo-RealAudio,Caucasian (American),men,00253.mp4,RealVideo-RealAudio/Caucasian (American)/men/id00971,RealVideo-RealAudio/Caucasian (American)/men/id00971/00253.mp4,/Users/jeevikakiran/Documents/USC/Multimodal/Project/FakeAVCeleb_v1.2/FakeAVCeleb_v1.2/RealVideo-RealAudio/Caucasian (American)/men/id00971/00253.mp4,1,0,0,0,REAL,train,0.0,4.446287155151367,8.758906364440918,1.0,ok,,/Users/jeevikakiran/Documents/USC/Multimodal/Project/syncnet_work_pretrained/pycrop/id00971__00253__dbc2fe6d4b/00000.avi,0.059428726089327207
id00171__00092_fake__2232d5be83,id00171,fake.mp4,-,rtvc,B,RealVideo-FakeAudio,Caucasian (European),men,00092_fake.mp4,RealVideo-FakeAudio/Caucasian (European)/men/id00171,RealVideo-FakeAudio/Caucasian (European)/men/id00171/00092_fake.mp4,/Users/jeevikakiran/Documents/USC/Multimodal/Project/FakeAVCeleb_v1.2/FakeAVCeleb_v1.2/RealVideo-FakeAudio/Caucasian (European)/men/id00171/00092_fake.mp4,1,0,1,1,FAKE,train,10.0,1.335423469543457,13.774694442749023,1.0,ok,,/Users/jeevikakiran/Documents/USC/Multimodal/Project/syncnet_work_pretrained/pycrop/id00171__00092_fake__2232d5be83/00000.avi,0.9981399166629457
id00398__00016_id00835_zwtp4szbb5k_id00231_wavtolip__3483500981,id00398,id00835,id00231,fsgan-wav2lip,D,FakeVideo-FakeAudio,Caucasian (American),women,00016_id00835_zWTp4szbb5k_id00231_wavtolip.mp4,FakeVideo-FakeAudio/Caucasian (American)/women/id00398,FakeVideo-FakeAudio/Caucasian (American)/women/id00398/00016_id00835_zWTp4szbb5k_id00231_wavtolip.mp4,/Users/jeevikakiran/Documents/USC/Multimodal/Project/FakeAVCeleb_v1.2/FakeAVCeleb_v1.2/FakeVideo-FakeAudio/Caucasian (American)/women/id00398/00016_id00835_zWTp4szbb5k_id00231_wavtolip.mp4,1,1,1,1,FAKE,val,-2.0,6.552999496459961,8.198272705078125,1.0,ok,,/Users/jeevikakiran/Documents/USC/Multimodal/Project/syncnet_work_pretrained/pycrop/id00398__00016_id00835_zwtp4szbb5k_id00231_wavtolip__3483500981/00000.avi,0.515705629732206
id03678__00078__68af9c7f40,id03678,-,-,real,A,RealVideo-RealAudio,Caucasian (American),men,00078.mp4,RealVideo-RealAudio/Caucasian (American)/men/id03678,RealVideo-RealAudio/Caucasian (American)/men/id03678/00078.mp4,/Users/jeevikakiran/Documents/USC/Multimodal/Project/FakeAVCeleb_v1.2/FakeAVCeleb_v1.2/RealVideo-RealAudio/Caucasian (American)/men/id03678/00078.mp4,1,0,0,0,REAL,val,-1.0,6.775322914123535,7.608815670013428,1.0,ok,,/Users/jeevikakiran/Documents/USC/Multimodal/Project/syncnet_work_pretrained/pycrop/id03678__00078__68af9c7f40/00000.avi,0.2480577410279254
id00062__00278_fake__86bbdd6489,id00062,fake.mp4,-,rtvc,B,RealVideo-FakeAudio,Caucasian (American),men,00278_fake.mp4,RealVideo-FakeAudio/Caucasian (American)/men/id00062,RealVideo-FakeAudio/Caucasian (American)/men/id00062/00278_fake.mp4,/Users/jeevikakiran/Documents/USC/Multimodal/Project/FakeAVCeleb_v1.2/FakeAVCeleb_v1.2/RealVideo-FakeAudio/Caucasian (American)/men/id00062/00278_fake.mp4,1,0,1,1,FAKE,train,11.0,1.2029657363891602,13.71839427947998,1.0,ok,,/Users/jeevikakiran/Documents/USC/Multimodal/Project/syncnet_work_pretrained/pycrop/id00062__00278_fake__86bbdd6489/00000.avi,0.9984803636004108
id03696__00160__abdeb14b19,id03696,-,-,real,A,RealVideo-RealAudio,Caucasian (American),women,00160.mp4,RealVideo-RealAudio/Caucasian (American)/women/id03696,RealVideo-RealAudio/Caucasian (American)/women/id03696/00160.mp4,/Users/jeevikakiran/Documents/USC/Multimodal/Project/FakeAVCeleb_v1.2/FakeAVCeleb_v1.2/RealVideo-RealAudio/Caucasian (American)/women/id03696/00160.mp4,1,0,0,0,REAL,val,-2.0,7.080977439880371,7.666851043701172,1.0,ok,,/Users/jeevikakiran/Documents/USC/Multimodal/Project/syncnet_work_pretrained/pycrop/id03696__00160__abdeb14b19/00000.avi,0.4683073214471553
id00592__00017_id01907_lbcrkurq0uy_id04689_wavtolip__5a854e7725,id00592,id01907,id04689,fsgan-wav2lip,D,FakeVideo-FakeAudio,African,women,00017_id01907_LBcRkuRq0uY_id04689_wavtolip.mp4,FakeVideo-FakeAudio/African/women/id00592,FakeVideo-FakeAudio/African/women/id00592/00017_id01907_LBcRkuRq0uY_id04689_wavtolip.mp4,/Users/jeevikakiran/Documents/USC/Multimodal/Project/FakeAVCeleb_v1.2/FakeAVCeleb_v1.2/FakeVideo-FakeAudio/African/women/id00592/00017_id01907_LBcRkuRq0uY_id04689_wavtolip.mp4,1,1,1,1,FAKE,train,-2.0,7.132569313049316,8.019211769104004,1.0,ok,,/Users/jeevikakiran/Documents/USC/Multimodal/Project/syncnet_work_pretrained/pycrop/id00592__00017_id01907_lbcrkurq0uy_id04689_wavtolip__5a854e7725/00000.avi,0.6310513680064727
id06158__00015__2dd216a992,id06158,-,-,real,A,RealVideo-RealAudio,Asian (East),women,00015.mp4,RealVideo-RealAudio/Asian (East)/women/id06158,RealVideo-RealAudio/Asian (East)/women/id06158/00015.mp4,/Users/jeevikakiran/Documents/USC/Multimodal/Project/FakeAVCeleb_v1.2/FakeAVCeleb_v1.2/RealVideo-RealAudio/Asian (East)/women/id06158/00015.mp4,1,0,0,0,REAL,train,-3.0,6.917361736297607,7.110637664794922,1.0,ok,,/Users/jeevikakiran/Documents/USC/Multimodal/Project/syncnet_work_pretrained/pycrop/id06158__00015__2dd216a992/00000.avi,0.30794457718370566
id08819__00052__2afdec7406,id08819,-,-,real,A,RealVideo-RealAudio,Asian (East),women,00052.mp4,RealVideo-RealAudio/Asian (East)/women/id08819,RealVideo-RealAudio/Asian (East)/women/id08819/00052.mp4,/Users/jeevikakiran/Documents/USC/Multimodal/Project/FakeAVCeleb_v1.2/FakeAVCeleb_v1.2/RealVideo-RealAudio/Asian (East)/women/id08819/00052.mp4,1,0,0,0,REAL,train,-2.0,7.37390661239624,7.129314422607422,1.0,ok,,/Users/jeevikakiran/Documents/USC/Multimodal/Project/syncnet_work_pretrained/pycrop/id08819__00052__2afdec7406/00000.avi,0.3448458122479404
id00032__00028__3b562e25ac,id00032,-,-,real,A,RealVideo-RealAudio,Asian (South),men,00028.mp4,RealVideo-RealAudio/Asian (South)/men/id00032,RealVideo-RealAudio/Asian (South)/men/id00032/00028.mp4,/Users/jeevikakiran/Documents/USC/Multimodal/Project/FakeAVCeleb_v1.2/FakeAVCeleb_v1.2/RealVideo-RealAudio/Asian (South)/men/id00032/00028.mp4,1,0,0,0,REAL,train,-2.0,6.390538215637207,7.520928382873535,1.0,ok,,/Users/jeevikakiran/Documents/USC/Multimodal/Project/syncnet_work_pretrained/pycrop/id00032__00028__3b562e25ac/00000.avi,0.2145568540179666
id00945__00107__e86588300d,id00945,-,-,real,A,RealVideo-RealAudio,Caucasian (American),men,00107.mp4,RealVideo-RealAudio/Caucasian (American)/men/id00945,RealVideo-RealAudio/Caucasian (American)/men/id00945/00107.mp4,/Users/jeevikakiran/Documents/USC/Multimodal/Project/FakeAVCeleb_v1.2/FakeAVCeleb_v1.2/RealVideo-RealAudio/Caucasian (American)/men/id00945/00107.mp4,1,0,0,0,REAL,train,0.0,4.715248107910156,9.437865257263184,1.0,ok,,/Users/jeevikakiran/Documents/USC/Multimodal/Project/syncnet_work_pretrained/pycrop/id00945__00107__e86588300d/00000.avi,0.2216863614533362
id01091__00236__bc80d32d02,id01091,-,-,real,A,RealVideo-RealAudio,Caucasian (American),women,00236.mp4,RealVideo-RealAudio/Caucasian (American)/women/id01091,RealVideo-RealAudio/Caucasian (American)/women/id01091/00236.mp4,/Users/jeevikakiran/Documents/USC/Multimodal/Project/FakeAVCeleb_v1.2/FakeAVCeleb_v1.2/RealVideo-RealAudio/Caucasian (American)/women/id01091/00236.mp4,1,0,0,0,REAL,train,6.0,7.013528347015381,7.432769775390625,1.0,ok,,/Users/jeevikakiran/Documents/USC/Multimodal/Project/syncnet_work_pretrained/pycrop/id01091__00236__bc80d32d02/00000.avi,0.7836671608168506
id00560__00041__d76c92fd2c,id00560,-,-,real,A,RealVideo-RealAudio,Asian (East),men,00041.mp4,RealVideo-RealAudio/Asian (East)/men/id00560,RealVideo-RealAudio/Asian (East)/men/id00560/00041.mp4,/Users/jeevikakiran/Documents/USC/Multimodal/Project/FakeAVCeleb_v1.2/FakeAVCeleb_v1.2/RealVideo-RealAudio/Asian (East)/men/id00560/00041.mp4,1,0,0,0,REAL,train,-1.0,6.582836627960205,7.40310525894165,1.0,ok,,/Users/jeevikakiran/Documents/USC/Multimodal/Project/syncnet_work_pretrained/pycrop/id00560__00041__d76c92fd2c/00000.avi,0.15266352564294194
id07179__00206__7c2377db8f,id07179,-,-,real,A,RealVideo-RealAudio,Asian (South),men,00206.mp4,RealVideo-RealAudio/Asian (South)/men/id07179,RealVideo-RealAudio/Asian (South)/men/id07179/00206.mp4,/Users/jeevikakiran/Documents/USC/Multimodal/Project/FakeAVCeleb_v1.2/FakeAVCeleb_v1.2/RealVideo-RealAudio/Asian (South)/men/id07179/00206.mp4,1,0,0,0,REAL,val,-1.0,5.999678611755371,8.599069595336914,1.0,ok,,/Users/jeevikakiran/Documents/USC/Multimodal/Project/syncnet_work_pretrained/pycrop/id07179__00206__7c2377db8f/00000.avi,0.3830590627895368
id08613__00074__d10f815882,id08613,-,-,real,A,RealVideo-RealAudio,Asian (East),men,00074.mp4,RealVideo-RealAudio/Asian (East)/men/id08613,RealVideo-RealAudio/Asian (East)/men/id08613/00074.mp4,/Users/jeevikakiran/Documents/USC/Multimodal/Project/FakeAVCeleb_v1.2/FakeAVCeleb_v1.2/RealVideo-RealAudio/Asian (East)/men/id08613/00074.mp4,1,0,0,0,REAL,train,2.0,6.350996494293213,7.555886745452881,1.0,ok,,/Users/jeevikakiran/Documents/USC/Multimodal/Project/syncnet_work_pretrained/pycrop/id08613__00074__d10f815882/00000.avi,0.215577172684792
id00860__00154__f201c5cf24,id00860,-,-,real,A,RealVideo-RealAudio,Asian (South),men,00154.mp4,RealVideo-RealAudio/Asian (South)/men/id00860,RealVideo-RealAudio/Asian (South)/men/id00860/00154.mp4,/Users/jeevikakiran/Documents/USC/Multimodal/Project/FakeAVCeleb_v1.2/FakeAVCeleb_v1.2/RealVideo-RealAudio/Asian (South)/men/id00860/00154.mp4,1,0,0,0,REAL,train,0.0,2.514995574951172,10.003178596496582,1.0,ok,,/Users/jeevikakiran/Documents/USC/Multimodal/Project/syncnet_work_pretrained/pycrop/id00860__00154__f201c5cf24/00000.avi,0.03739659182018078
id04490__00054_fake__18b6e3690e,id04490,fake.mp4,-,rtvc,B,RealVideo-FakeAudio,Asian (South),women,00054_fake.mp4,RealVideo-FakeAudio/Asian (South)/women/id04490,RealVideo-FakeAudio/Asian (South)/women/id04490/00054_fake.mp4,/Users/jeevikakiran/Documents/USC/Multimodal/Project/FakeAVCeleb_v1.2/FakeAVCeleb_v1.2/RealVideo-FakeAudio/Asian (South)/women/id04490/00054_fake.mp4,1,0,1,1,FAKE,train,-5.0,1.7407379150390625,11.881269454956055,1.0,ok,,/Users/jeevikakiran/Documents/USC/Multimodal/Project/syncnet_work_pretrained/pycrop/id04490__00054_fake__18b6e3690e/00000.avi,0.7787954297032252
id05931__00013_id07049_biljgzcywi4__54213af138,id05931,id07049,-,fsgan,C,FakeVideo-RealAudio,Asian (South),women,00013_id07049_BiljgZcyWI4.mp4,FakeVideo-RealAudio/Asian (South)/women/id05931,FakeVideo-RealAudio/Asian (South)/women/id05931/00013_id07049_BiljgZcyWI4.mp4,/Users/jeevikakiran/Documents/USC/Multimodal/Project/FakeAVCeleb_v1.2/FakeAVCeleb_v1.2/FakeVideo-RealAudio/Asian (South)/women/id05931/00013_id07049_BiljgZcyWI4.mp4,1,1,0,1,FAKE,train,1.0,3.9618959426879883,9.722860336303711,1.0,ok,,/Users/jeevikakiran/Documents/USC/Multimodal/Project/syncnet_work_pretrained/pycrop/id05931__00013_id07049_biljgzcywi4__54213af138/00000.avi,0.21268211557602273
id06535__00183_fake__22aee04a13,id06535,fake.mp4,-,rtvc,B,RealVideo-FakeAudio,Asian (East),men,00183_fake.mp4,RealVideo-FakeAudio/Asian (East)/men/id06535,RealVideo-FakeAudio/Asian (East)/men/id06535/00183_fake.mp4,/Users/jeevikakiran/Documents/USC/Multimodal/Project/FakeAVCeleb_v1.2/FakeAVCeleb_v1.2/RealVideo-FakeAudio/Asian (East)/men/id06535/00183_fake.mp4,1,0,1,1,FAKE,train,-2.0,1.6622200012207031,13.447061538696289,1.0,ok,,/Users/jeevikakiran/Documents/USC/Multimodal/Project/syncnet_work_pretrained/pycrop/id06535__00183_fake__22aee04a13/00000.avi,0.9146005712142962
id04564__00417_fake__48d144e0fc,id04564,fake.mp4,-,rtvc,B,RealVideo-FakeAudio,Asian (South),women,00417_fake.mp4,RealVideo-FakeAudio/Asian (South)/women/id04564,RealVideo-FakeAudio/Asian (South)/women/id04564/00417_fake.mp4,/Users/jeevikakiran/Documents/USC/Multimodal/Project/FakeAVCeleb_v1.2/FakeAVCeleb_v1.2/RealVideo-FakeAudio/Asian (South)/women/id04564/00417_fake.mp4,1,0,1,1,FAKE,val,12.0,0.8115358352661133,14.396893501281738,1.0,ok,,/Users/jeevikakiran/Documents/USC/Multimodal/Project/syncnet_work_pretrained/pycrop/id04564__00417_fake__48d144e0fc/00000.avi,0.999491443388956
id01005__00028_fake__b87953043f,id01005,fake.mp4,-,rtvc,B,RealVideo-FakeAudio,Caucasian (American),women,00028_fake.mp4,RealVideo-FakeAudio/Caucasian (American)/women/id01005,RealVideo-FakeAudio/Caucasian (American)/women/id01005/00028_fake.mp4,/Users/jeevikakiran/Documents/USC/Multimodal/Project/FakeAVCeleb_v1.2/FakeAVCeleb_v1.2/RealVideo-FakeAudio/Caucasian (American)/women/id01005/00028_fake.mp4,1,0,1,1,FAKE,train,12.0,2.4611387252807617,11.938919067382812,2.0,ok,,/Users/jeevikakiran/Documents/USC/Multimodal/Project/syncnet_work_pretrained/pycrop/id01005__00028_fake__b87953043f/00000.avi,0.996475694740537
id01105__00083__7214036ef9,id01105,-,-,real,A,RealVideo-RealAudio,Caucasian (American),men,00083.mp4,RealVideo-RealAudio/Caucasian (American)/men/id01105,RealVideo-RealAudio/Caucasian (American)/men/id01105/00083.mp4,/Users/jeevikakiran/Documents/USC/Multimodal/Project/FakeAVCeleb_v1.2/FakeAVCeleb_v1.2/RealVideo-RealAudio/Caucasian (American)/men/id01105/00083.mp4,1,0,0,0,REAL,train,-1.0,5.940709114074707,8.023391723632812,1.0,ok,,/Users/jeevikakiran/Documents/USC/Multimodal/Project/syncnet_work_pretrained/pycrop/id01105__00083__7214036ef9/00000.avi,0.17843760614256482
id03344__00114_id04599_wavtolip__ea54535e52,id03344,id04599,-,wav2lip,D,FakeVideo-FakeAudio,Asian (South),men,00114_id04599_wavtolip.mp4,FakeVideo-FakeAudio/Asian (South)/men/id03344,FakeVideo-FakeAudio/Asian (South)/men/id03344/00114_id04599_wavtolip.mp4,/Users/jeevikakiran/Documents/USC/Multimodal/Project/FakeAVCeleb_v1.2/FakeAVCeleb_v1.2/FakeVideo-FakeAudio/Asian (South)/men/id03344/00114_id04599_wavtolip.mp4,1,1,1,1,FAKE,train,-2.0,8.17257308959961,7.217409133911133,1.0,ok,,/Users/jeevikakiran/Documents/USC/Multimodal/Project/syncnet_work_pretrained/pycrop/id03344__00114_id04599_wavtolip__ea54535e52/00000.avi,0.6402141331967472
id00078__00114__dedd286144,id00078,-,-,real,A,RealVideo-RealAudio,Asian (South),men,00114.mp4,RealVideo-RealAudio/Asian (South)/men/id00078,RealVideo-RealAudio/Asian (South)/men/id00078/00114.mp4,/Users/jeevikakiran/Documents/USC/Multimodal/Project/FakeAVCeleb_v1.2/FakeAVCeleb_v1.2/RealVideo-RealAudio/Asian (South)/men/id00078/00114.mp4,1,0,0,0,REAL,train,-2.0,6.1515913009643555,8.195972442626953,1.0,ok,,/Users/jeevikakiran/Documents/USC/Multimodal/Project/syncnet_work_pretrained/pycrop/id00078__00114__dedd286144/00000.avi,0.3826010340656053
id00826__00065_id00373_wavtolip__e206b97f8e,id00826,id00373,-,wav2lip,C,FakeVideo-RealAudio,Caucasian (European),women,00065_id00373_wavtolip.mp4,FakeVideo-RealAudio/Caucasian (European)/women/id00826,FakeVideo-RealAudio/Caucasian (European)/women/id00826/00065_id00373_wavtolip.mp4,/Users/jeevikakiran/Documents/USC/Multimodal/Project/FakeAVCeleb_v1.2/FakeAVCeleb_v1.2/FakeVideo-RealAudio/Caucasian (European)/women/id00826/00065_id00373_wavtolip.mp4,1,1,0,1,FAKE,train,-2.0,7.258542537689209,7.765156269073486,1.0,ok,,/Users/jeevikakiran/Documents/USC/Multimodal/Project/syncnet_work_pretrained/pycrop/id00826__00065_id00373_wavtolip__e206b97f8e/00000.avi,0.5687377055229289
id00775__00092_id01042_wavtolip__f19f444e5d,id00775,id01042,-,wav2lip,C,FakeVideo-RealAudio,Caucasian (American),men,00092_id01042_wavtolip.mp4,FakeVideo-RealAudio/Caucasian (American)/men/id00775,FakeVideo-RealAudio/Caucasian (American)/men/id00775/00092_id01042_wavtolip.mp4,/Users/jeevikakiran/Documents/USC/Multimodal/Project/FakeAVCeleb_v1.2/FakeAVCeleb_v1.2/FakeVideo-RealAudio/Caucasian (American)/men/id00775/00092_id01042_wavtolip.mp4,1,1,0,1,FAKE,val,-2.0,6.945705413818359,7.869885444641113,1.0,ok,,/Users/jeevikakiran/Documents/USC/Multimodal/Project/syncnet_work_pretrained/pycrop/id00775__00092_id01042_wavtolip__f19f444e5d/00000.avi,0.5086340650739943
id03941__00021_id00495_e46aimuc4a0__0e637bfb97,id03941,id00495,-,fsgan,C,FakeVideo-RealAudio,Caucasian (European),women,00021_id00495_E46aiMUC4A0.mp4,FakeVideo-RealAudio/Caucasian (European)/women/id03941,FakeVideo-RealAudio/Caucasian (European)/women/id03941/00021_id00495_E46aiMUC4A0.mp4,/Users/jeevikakiran/Documents/USC/Multimodal/Project/FakeAVCeleb_v1.2/FakeAVCeleb_v1.2/FakeVideo-RealAudio/Caucasian (European)/women/id03941/00021_id00495_E46aiMUC4A0.mp4,1,1,0,1,FAKE,train,-1.0,5.588387489318848,8.578180313110352,1.0,ok,,/Users/jeevikakiran/Documents/USC/Multimodal/Project/syncnet_work_pretrained/pycrop/id03941__00021_id00495_e46aimuc4a0__0e637bfb97/00000.avi,0.25682223155816103
id03649__00001_fake__48d6823506,id03649,fake.mp4,-,rtvc,B,RealVideo-FakeAudio,Caucasian (European),women,00001_fake.mp4,RealVideo-FakeAudio/Caucasian (European)/women/id03649,RealVideo-FakeAudio/Caucasian (European)/women/id03649/00001_fake.mp4,/Users/jeevikakiran/Documents/USC/Multimodal/Project/FakeAVCeleb_v1.2/FakeAVCeleb_v1.2/RealVideo-FakeAudio/Caucasian (European)/women/id03649/00001_fake.mp4,1,0,1,1,FAKE,train,-2.0,0.8089466094970703,12.261240005493164,1.0,ok,,/Users/jeevikakiran/Documents/USC/Multimodal/Project/syncnet_work_pretrained/pycrop/id03649__00001_fake__48d6823506/00000.avi,0.31596208904863815
id03965__00051__4970150f48,id03965,-,-,real,A,RealVideo-RealAudio,Asian (East),men,00051.mp4,RealVideo-RealAudio/Asian (East)/men/id03965,RealVideo-RealAudio/Asian (East)/men/id03965/00051.mp4,/Users/jeevikakiran/Documents/USC/Multimodal/Project/FakeAVCeleb_v1.2/FakeAVCeleb_v1.2/RealVideo-RealAudio/Asian (East)/men/id03965/00051.mp4,1,0,0,0,REAL,train,-1.0,4.450115203857422,8.831474304199219,1.0,ok,,/Users/jeevikakiran/Documents/USC/Multimodal/Project/syncnet_work_pretrained/pycrop/id03965__00051__4970150f48/00000.avi,0.10346773905427066
id03556__00043_id01217_wavtolip__ddb8ca0fff,id03556,id01217,-,wav2lip,D,FakeVideo-FakeAudio,Caucasian (American),women,00043_id01217_wavtolip.mp4,FakeVideo-FakeAudio/Caucasian (American)/women/id03556,FakeVideo-FakeAudio/Caucasian (American)/women/id03556/00043_id01217_wavtolip.mp4,/Users/jeevikakiran/Documents/USC/Multimodal/Project/FakeAVCeleb_v1.2/FakeAVCeleb_v1.2/FakeVideo-FakeAudio/Caucasian (American)/women/id03556/00043_id01217_wavtolip.mp4,1,1,1,1,FAKE,train,-2.0,7.57908296585083,7.489876747131348,1.0,ok,,/Users/jeevikakiran/Documents/USC/Multimodal/Project/syncnet_work_pretrained/pycrop/id03556__00043_id01217_wavtolip__ddb8ca0fff/00000.avi,0.5600552798309318
id00478__00206_fake__2528114e09,id00478,fake.mp4,-,rtvc,B,RealVideo-FakeAudio,African,men,00206_fake.mp4,RealVideo-FakeAudio/African/men/id00478,RealVideo-FakeAudio/African/men/id00478/00206_fake.mp4,/Users/jeevikakiran/Documents/USC/Multimodal/Project/FakeAVCeleb_v1.2/FakeAVCeleb_v1.2/RealVideo-FakeAudio/African/men/id00478/00206_fake.mp4,1,0,1,1,FAKE,train,-6.0,1.6231679916381836,13.02418041229248,1.0,ok,,/Users/jeevikakiran/Documents/USC/Multimodal/Project/syncnet_work_pretrained/pycrop/id00478__00206_fake__2528114e09/00000.avi,0.970820902084559
id00554__00028_id00266_wavtolip__841a010683,id00554,id00266,-,wav2lip,C,FakeVideo-RealAudio,Caucasian (European),men,00028_id00266_wavtolip.mp4,FakeVideo-RealAudio/Caucasian (European)/men/id00554,FakeVideo-RealAudio/Caucasian (European)/men/id00554/00028_id00266_wavtolip.mp4,/Users/jeevikakiran/Documents/USC/Multimodal/Project/FakeAVCeleb_v1.2/FakeAVCeleb_v1.2/FakeVideo-RealAudio/Caucasian (European)/men/id00554/00028_id00266_wavtolip.mp4,1,1,0,1,FAKE,train,-2.0,6.907077789306641,7.793135166168213,1.0,ok,,/Users/jeevikakiran/Documents/USC/Multimodal/Project/syncnet_work_pretrained/pycrop/id00554__00028_id00266_wavtolip__841a010683/00000.avi,0.4633920105159453
id06437__00028_id06438_vf3xbvgyqya__a9ed21a044,id06437,id06438,-,fsgan,C,FakeVideo-RealAudio,Asian (South),women,00028_id06438_vf3xBVgYqYA.mp4,FakeVideo-RealAudio/Asian (South)/women/id06437,FakeVideo-RealAudio/Asian (South)/women/id06437/00028_id06438_vf3xBVgYqYA.mp4,/Users/jeevikakiran/Documents/USC/Multimodal/Project/FakeAVCeleb_v1.2/FakeAVCeleb_v1.2/FakeVideo-RealAudio/Asian (South)/women/id06437/00028_id06438_vf3xBVgYqYA.mp4,1,1,0,1,FAKE,val,-1.0,3.5688819885253906,9.932984352111816,1.0,ok,,/Users/jeevikakiran/Documents/USC/Multimodal/Project/syncnet_work_pretrained/pycrop/id06437__00028_id06438_vf3xbvgyqya__a9ed21a044/00000.avi,0.18535113204007242
id06343__00023_fake__02df385f60,id06343,fake.mp4,-,rtvc,B,RealVideo-FakeAudio,Asian (South),women,00023_fake.mp4,RealVideo-FakeAudio/Asian (South)/women/id06343,RealVideo-FakeAudio/Asian (South)/women/id06343/00023_fake.mp4,/Users/jeevikakiran/Documents/USC/Multimodal/Project/FakeAVCeleb_v1.2/FakeAVCeleb_v1.2/RealVideo-FakeAudio/Asian (South)/women/id06343/00023_fake.mp4,1,0,1,1,FAKE,val,-2.0,1.2509737014770508,12.962916374206543,1.0,ok,,/Users/jeevikakiran/Documents/USC/Multimodal/Project/syncnet_work_pretrained/pycrop/id06343__00023_fake__02df385f60/00000.avi,0.7317505085342716
id05252__00052_id02838_wavtolip__fd8a958bd0,id05252,id02838,-,wav2lip,D,FakeVideo-FakeAudio,African,women,00052_id02838_wavtolip.mp4,FakeVideo-FakeAudio/African/women/id05252,FakeVideo-FakeAudio/African/women/id05252/00052_id02838_wavtolip.mp4,/Users/jeevikakiran/Documents/USC/Multimodal/Project/FakeAVCeleb_v1.2/FakeAVCeleb_v1.2/FakeVideo-FakeAudio/African/women/id05252/00052_id02838_wavtolip.mp4,1,1,1,1,FAKE,train,-2.0,6.542394638061523,8.52717399597168,1.0,ok,,/Users/jeevikakiran/Documents/USC/Multimodal/Project/syncnet_work_pretrained/pycrop/id05252__00052_id02838_wavtolip__fd8a958bd0/00000.avi,0.6464900553773519
id00234__00063_fake__336885fce0,id00234,fake.mp4,-,rtvc,B,RealVideo-FakeAudio,Caucasian (European),women,00063_fake.mp4,RealVideo-FakeAudio/Caucasian (European)/women/id00234,RealVideo-FakeAudio/Caucasian (European)/women/id00234/00063_fake.mp4,/Users/jeevikakiran/Documents/USC/Multimodal/Project/FakeAVCeleb_v1.2/FakeAVCeleb_v1.2/RealVideo-FakeAudio/Caucasian (European)/women/id00234/00063_fake.mp4,1,0,1,1,FAKE,train,-12.0,2.388190269470215,12.149049758911133,1.0,ok,,/Users/jeevikakiran/Documents/USC/Multimodal/Project/syncnet_work_pretrained/pycrop/id00234__00063_fake__336885fce0/00000.avi,0.997271980598281
id02005__00052_id00987_s4evn4cpce4__750045755b,id02005,id00987,-,fsgan,C,FakeVideo-RealAudio,African,men,00052_id00987_S4evN4CPCe4.mp4,FakeVideo-RealAudio/African/men/id02005,FakeVideo-RealAudio/African/men/id02005/00052_id00987_S4evN4CPCe4.mp4,/Users/jeevikakiran/Documents/USC/Multimodal/Project/FakeAVCeleb_v1.2/FakeAVCeleb_v1.2/FakeVideo-RealAudio/African/men/id02005/00052_id00987_S4evN4CPCe4.mp4,1,1,0,1,FAKE,train,0.0,6.147503852844238,8.035181999206543,1.0,ok,,/Users/jeevikakiran/Documents/USC/Multimodal/Project/syncnet_work_pretrained/pycrop/id02005__00052_id00987_s4evn4cpce4__750045755b/00000.avi,0.1538093177893371
id00897__00005__88bcd01f42,id00897,-,-,real,A,RealVideo-RealAudio,Caucasian (European),women,00005.mp4,RealVideo-RealAudio/Caucasian (European)/women/id00897,RealVideo-RealAudio/Caucasian (European)/women/id00897/00005.mp4,/Users/jeevikakiran/Documents/USC/Multimodal/Project/FakeAVCeleb_v1.2/FakeAVCeleb_v1.2/RealVideo-RealAudio/Caucasian (European)/women/id00897/00005.mp4,1,0,0,0,REAL,train,1.0,5.358482360839844,8.572040557861328,1.0,ok,,/Users/jeevikakiran/Documents/USC/Multimodal/Project/syncnet_work_pretrained/pycrop/id00897__00005__88bcd01f42/00000.avi,0.2008879516060144
id06443__00232_fake__320256ebb0,id06443,fake.mp4,-,rtvc,B,RealVideo-FakeAudio,Asian (East),women,00232_fake.mp4,RealVideo-FakeAudio/Asian (East)/women/id06443,RealVideo-FakeAudio/Asian (East)/women/id06443/00232_fake.mp4,/Users/jeevikakiran/Documents/USC/Multimodal/Project/FakeAVCeleb_v1.2/FakeAVCeleb_v1.2/RealVideo-FakeAudio/Asian (East)/women/id06443/00232_fake.mp4,1,0,1,1,FAKE,train,0.0,2.774433135986328,12.021129608154297,1.0,ok,,/Users/jeevikakiran/Documents/USC/Multimodal/Project/syncnet_work_pretrained/pycrop/id06443__00232_fake__320256ebb0/00000.avi,0.6235176096796761
id00166__00010_id00476_wavtolip__d86b1ed06c,id00166,id00476,-,wav2lip,D,FakeVideo-FakeAudio,African,men,00010_id00476_wavtolip.mp4,FakeVideo-FakeAudio/African/men/id00166,FakeVideo-FakeAudio/African/men/id00166/00010_id00476_wavtolip.mp4,/Users/jeevikakiran/Documents/USC/Multimodal/Project/FakeAVCeleb_v1.2/FakeAVCeleb_v1.2/FakeVideo-FakeAudio/African/men/id00166/00010_id00476_wavtolip.mp4,1,1,1,1,FAKE,train,-2.0,4.930631637573242,9.438408851623535,1.0,ok,,/Users/jeevikakiran/Documents/USC/Multimodal/Project/syncnet_work_pretrained/pycrop/id00166__00010_id00476_wavtolip__d86b1ed06c/00000.avi,0.4957899622588511
id04144__00028__4fc0c08460,id04144,-,-,real,A,RealVideo-RealAudio,Asian (East),women,00028.mp4,RealVideo-RealAudio/Asian (East)/women/id04144,RealVideo-RealAudio/Asian (East)/women/id04144/00028.mp4,/Users/jeevikakiran/Documents/USC/Multimodal/Project/FakeAVCeleb_v1.2/FakeAVCeleb_v1.2/RealVideo-RealAudio/Asian (East)/women/id04144/00028.mp4,1,0,0,0,REAL,train,-2.0,5.892833709716797,7.957804203033447,1.0,ok,,/Users/jeevikakiran/Documents/USC/Multimodal/Project/syncnet_work_pretrained/pycrop/id04144__00028__4fc0c08460/00000.avi,0.22672549193881775
id00592__00017_id05106_znnddjlabm4__4db54a4165,id00592,id05106,-,fsgan,C,FakeVideo-RealAudio,African,women,00017_id05106_ZnnDdjlABM4.mp4,FakeVideo-RealAudio/African/women/id00592,FakeVideo-RealAudio/African/women/id00592/00017_id05106_ZnnDdjlABM4.mp4,/Users/jeevikakiran/Documents/USC/Multimodal/Project/FakeAVCeleb_v1.2/FakeAVCeleb_v1.2/FakeVideo-RealAudio/African/women/id00592/00017_id05106_ZnnDdjlABM4.mp4,1,1,0,1,FAKE,val,-2.0,4.207457542419434,8.96118450164795,1.0,ok,,/Users/jeevikakiran/Documents/USC/Multimodal/Project/syncnet_work_pretrained/pycrop/id00592__00017_id05106_znnddjlabm4__4db54a4165/00000.avi,0.1430165469082416
id07195__00186__19627802a3,id07195,-,-,real,A,RealVideo-RealAudio,Asian (South),men,00186.mp4,RealVideo-RealAudio/Asian (South)/men/id07195,RealVideo-RealAudio/Asian (South)/men/id07195/00186.mp4,/Users/jeevikakiran/Documents/USC/Multimodal/Project/FakeAVCeleb_v1.2/FakeAVCeleb_v1.2/RealVideo-RealAudio/Asian (South)/men/id07195/00186.mp4,1,0,0,0,REAL,train,-4.0,5.5923333168029785,7.876506805419922,1.0,ok,,/Users/jeevikakiran/Documents/USC/Multimodal/Project/syncnet_work_pretrained/pycrop/id07195__00186__19627802a3/00000.avi,0.3064565733568519
id07236__00143__c87d0c99f3,id07236,-,-,real,A,RealVideo-RealAudio,Asian (South),women,00143.mp4,RealVideo-RealAudio/Asian (South)/women/id07236,RealVideo-RealAudio/Asian (South)/women/id07236/00143.mp4,/Users/jeevikakiran/Documents/USC/Multimodal/Project/FakeAVCeleb_v1.2/FakeAVCeleb_v1.2/RealVideo-RealAudio/Asian (South)/women/id07236/00143.mp4,1,0,0,0,REAL,train,-2.0,4.4278364181518555,9.072626113891602,1.0,ok,,/Users/jeevikakiran/Documents/USC/Multimodal/Project/syncnet_work_pretrained/pycrop/id07236__00143__c87d0c99f3/00000.avi,0.21293564188424927
id00184__00241__bebb6e2856,id00184,-,-,real,A,RealVideo-RealAudio,Caucasian (American),men,00241.mp4,RealVideo-RealAudio/Caucasian (American)/men/id00184,RealVideo-RealAudio/Caucasian (American)/men/id00184/00241.mp4,/Users/jeevikakiran/Documents/USC/Multimodal/Project/FakeAVCeleb_v1.2/FakeAVCeleb_v1.2/RealVideo-RealAudio/Caucasian (American)/men/id00184/00241.mp4,1,0,0,0,REAL,val,0.0,5.294661521911621,8.755763053894043,1.0,ok,,/Users/jeevikakiran/Documents/USC/Multimodal/Project/syncnet_work_pretrained/pycrop/id00184__00241__bebb6e2856/00000.avi,0.1636874915398847
id01661__00059_id01907_lbcrkurq0uy__ad789128c8,id01661,id01907,-,fsgan,C,FakeVideo-RealAudio,African,women,00059_id01907_LBcRkuRq0uY.mp4,FakeVideo-RealAudio/African/women/id01661,FakeVideo-RealAudio/African/women/id01661/00059_id01907_LBcRkuRq0uY.mp4,/Users/jeevikakiran/Documents/USC/Multimodal/Project/FakeAVCeleb_v1.2/FakeAVCeleb_v1.2/FakeVideo-RealAudio/African/women/id01661/00059_id01907_LBcRkuRq0uY.mp4,1,1,0,1,FAKE,train,-3.0,4.497869491577148,8.269440650939941,1.0,ok,,/Users/jeevikakiran/Documents/USC/Multimodal/Project/syncnet_work_pretrained/pycrop/id01661__00059_id01907_lbcrkurq0uy__ad789128c8/00000.avi,0.10967918717398911
id05743__00015__447d26776d,id05743,-,-,real,A,RealVideo-RealAudio,Asian (East),men,00015.mp4,RealVideo-RealAudio/Asian (East)/men/id05743,RealVideo-RealAudio/Asian (East)/men/id05743/00015.mp4,/Users/jeevikakiran/Documents/USC/Multimodal/Project/FakeAVCeleb_v1.2/FakeAVCeleb_v1.2/RealVideo-RealAudio/Asian (East)/men/id05743/00015.mp4,1,0,0,0,REAL,train,-2.0,5.441725730895996,8.691726684570312,1.0,ok,,/Users/jeevikakiran/Documents/USC/Multimodal/Project/syncnet_work_pretrained/pycrop/id05743__00015__447d26776d/00000.avi,0.35606778285661417
id04529__00186_fake__926452715b,id04529,fake.mp4,-,rtvc,B,RealVideo-FakeAudio,Asian (South),women,00186_fake.mp4,RealVideo-FakeAudio/Asian (South)/women/id04529,RealVideo-FakeAudio/Asian (South)/women/id04529/00186_fake.mp4,/Users/jeevikakiran/Documents/USC/Multimodal/Project/FakeAVCeleb_v1.2/FakeAVCeleb_v1.2/RealVideo-FakeAudio/Asian (South)/women/id04529/00186_fake.mp4,1,0,1,1,FAKE,train,8.0,2.9651308059692383,12.457127571105957,1.0,ok,,/Users/jeevikakiran/Documents/USC/Multimodal/Project/syncnet_work_pretrained/pycrop/id04529__00186_fake__926452715b/00000.avi,0.9950055104989998
id00569__00239_id00484_u7ytz8efzv0_id03716_wavtolip__bd52777689,id00569,id00484,id03716,fsgan-wav2lip,D,FakeVideo-FakeAudio,Caucasian (European),women,00239_id00484_u7YTz8eFZv0_id03716_wavtolip.mp4,FakeVideo-FakeAudio/Caucasian (European)/women/id00569,FakeVideo-FakeAudio/Caucasian (European)/women/id00569/00239_id00484_u7YTz8eFZv0_id03716_wavtolip.mp4,/Users/jeevikakiran/Documents/USC/Multimodal/Project/FakeAVCeleb_v1.2/FakeAVCeleb_v1.2/FakeVideo-FakeAudio/Caucasian (European)/women/id00569/00239_id00484_u7YTz8eFZv0_id03716_wavtolip.mp4,1,1,1,1,FAKE,train,-2.0,5.818645477294922,8.834502220153809,1.0,ok,,/Users/jeevikakiran/Documents/USC/Multimodal/Project/syncnet_work_pretrained/pycrop/id00569__00239_id00484_u7ytz8efzv0_id03716_wavtolip__bd52777689/00000.avi,0.5382123110456393
id00043__00135_id01026_rm4zert7om0__b86e82009e,id00043,id01026,-,fsgan,C,FakeVideo-RealAudio,Asian (South),women,00135_id01026_rM4ZERt7oM0.mp4,FakeVideo-RealAudio/Asian (South)/women/id00043,FakeVideo-RealAudio/Asian (South)/women/id00043/00135_id01026_rM4ZERt7oM0.mp4,/Users/jeevikakiran/Documents/USC/Multimodal/Project/FakeAVCeleb_v1.2/FakeAVCeleb_v1.2/FakeVideo-RealAudio/Asian (South)/women/id00043/00135_id01026_rM4ZERt7oM0.mp4,1,1,0,1,FAKE,train,-1.0,3.3469314575195312,9.6427640914917,1.0,ok,,/Users/jeevikakiran/Documents/USC/Multimodal/Project/syncnet_work_pretrained/pycrop/id00043__00135_id01026_rm4zert7om0__b86e82009e/00000.avi,0.09385681421053595
id00495__00027__2917dbedc9,id00495,-,-,real,A,RealVideo-RealAudio,Caucasian (European),women,00027.mp4,RealVideo-RealAudio/Caucasian (European)/women/id00495,RealVideo-RealAudio/Caucasian (European)/women/id00495/00027.mp4,/Users/jeevikakiran/Documents/USC/Multimodal/Project/FakeAVCeleb_v1.2/FakeAVCeleb_v1.2/RealVideo-RealAudio/Caucasian (European)/women/id00495/00027.mp4,1,0,0,0,REAL,train,-4.0,7.173461437225342,7.197236061096191,1.0,ok,,/Users/jeevikakiran/Documents/USC/Multimodal/Project/syncnet_work_pretrained/pycrop/id00495__00027__2917dbedc9/00000.avi,0.5384627737531094
id01856__00006_fake__de8520779c,id01856,fake.mp4,-,rtvc,B,RealVideo-FakeAudio,African,men,00006_fake.mp4,RealVideo-FakeAudio/African/men/id01856,RealVideo-FakeAudio/African/men/id01856/00006_fake.mp4,/Users/jeevikakiran/Documents/USC/Multimodal/Project/FakeAVCeleb_v1.2/FakeAVCeleb_v1.2/RealVideo-FakeAudio/African/men/id01856/00006_fake.mp4,1,0,1,1,FAKE,train,2.0,2.6844282150268555,10.995184898376465,1.0,ok,,/Users/jeevikakiran/Documents/USC/Multimodal/Project/syncnet_work_pretrained/pycrop/id01856__00006_fake__de8520779c/00000.avi,0.4019069661914241
id04727__00007_fake__9fff3f9051,id04727,fake.mp4,-,rtvc,B,RealVideo-FakeAudio,African,men,00007_fake.mp4,RealVideo-FakeAudio/African/men/id04727,RealVideo-FakeAudio/African/men/id04727/00007_fake.mp4,/Users/jeevikakiran/Documents/USC/Multimodal/Project/FakeAVCeleb_v1.2/FakeAVCeleb_v1.2/RealVideo-FakeAudio/African/men/id04727/00007_fake.mp4,1,0,1,1,FAKE,train,14.0,2.4428510665893555,11.169200897216797,1.0,ok,,/Users/jeevikakiran/Documents/USC/Multimodal/Project/syncnet_work_pretrained/pycrop/id04727__00007_fake__9fff3f9051/00000.avi,0.9948873284445473
id06152__06152__05b98cb77d,id06152,-,-,real,A,RealVideo-RealAudio,Asian (East),men,06152.mp4,RealVideo-RealAudio/Asian (East)/men/id06152,RealVideo-RealAudio/Asian (East)/men/id06152/06152.mp4,/Users/jeevikakiran/Documents/USC/Multimodal/Project/FakeAVCeleb_v1.2/FakeAVCeleb_v1.2/RealVideo-RealAudio/Asian (East)/men/id06152/06152.mp4,1,0,0,0,REAL,train,-4.0,7.85374641418457,7.307714939117432,2.0,ok,,/Users/jeevikakiran/Documents/USC/Multimodal/Project/syncnet_work_pretrained/pycrop/id06152__06152__05b98cb77d/00000.avi,0.7775563187412267
id03344__00114_id00103_qptvap4y5dq__23040894a6,id03344,id00103,-,fsgan,C,FakeVideo-RealAudio,Asian (South),men,00114_id00103_qpTVaP4y5DQ.mp4,FakeVideo-RealAudio/Asian (South)/men/id03344,FakeVideo-RealAudio/Asian (South)/men/id03344/00114_id00103_qpTVaP4y5DQ.mp4,/Users/jeevikakiran/Documents/USC/Multimodal/Project/FakeAVCeleb_v1.2/FakeAVCeleb_v1.2/FakeVideo-RealAudio/Asian (South)/men/id03344/00114_id00103_qpTVaP4y5DQ.mp4,1,1,0,1,FAKE,val,-2.0,3.1695899963378906,9.167943000793457,1.0,ok,,/Users/jeevikakiran/Documents/USC/Multimodal/Project/syncnet_work_pretrained/pycrop/id03344__00114_id00103_qptvap4y5dq__23040894a6/00000.avi,0.05565781874687411
id07210__00005_id04599_q60dpi5nhmk__e4e8bb031d,id07210,id04599,-,fsgan,C,FakeVideo-RealAudio,Asian (South),men,00005_id04599_Q60DPi5Nhmk.mp4,FakeVideo-RealAudio/Asian (South)/men/id07210,FakeVideo-RealAudio/Asian (South)/men/id07210/00005_id04599_Q60DPi5Nhmk.mp4,/Users/jeevikakiran/Documents/USC/Multimodal/Project/FakeAVCeleb_v1.2/FakeAVCeleb_v1.2/FakeVideo-RealAudio/Asian (South)/men/id07210/00005_id04599_Q60DPi5Nhmk.mp4,1,1,0,1,FAKE,train,-2.0,1.8255720138549805,12.73699951171875,1.0,ok,,/Users/jeevikakiran/Documents/USC/Multimodal/Project/syncnet_work_pretrained/pycrop/id07210__00005_id04599_q60dpi5nhmk__e4e8bb031d/00000.avi,0.8008611314678707
id00358__00217__b026aa38e9,id00358,-,-,real,A,RealVideo-RealAudio,Caucasian (European),men,00217.mp4,RealVideo-RealAudio/Caucasian (European)/men/id00358,RealVideo-RealAudio/Caucasian (European)/men/id00358/00217.mp4,/Users/jeevikakiran/Documents/USC/Multimodal/Project/FakeAVCeleb_v1.2/FakeAVCeleb_v1.2/RealVideo-RealAudio/Caucasian (European)/men/id00358/00217.mp4,1,0,0,0,REAL,train,-3.0,6.7541022300720215,7.323606014251709,1.0,ok,,/Users/jeevikakiran/Documents/USC/Multimodal/Project/syncnet_work_pretrained/pycrop/id00358__00217__b026aa38e9/00000.avi,0.3387257705058941
id01212__00183_id06269_jm9beizigbe_faceswap_id01212_wavtolip__09692e4d5c,id01212,id06269,faceswap,faceswap-wav2lip,D,FakeVideo-FakeAudio,Asian (East),men,00183_id06269_Jm9bEizIGBE_faceswap_id01212_wavtolip.mp4,FakeVideo-FakeAudio/Asian (East)/men/id01212,FakeVideo-FakeAudio/Asian (East)/men/id01212/00183_id06269_Jm9bEizIGBE_faceswap_id01212_wavtolip.mp4,/Users/jeevikakiran/Documents/USC/Multimodal/Project/FakeAVCeleb_v1.2/FakeAVCeleb_v1.2/FakeVideo-FakeAudio/Asian (East)/men/id01212/00183_id06269_Jm9bEizIGBE_faceswap_id01212_wavtolip.mp4,1,1,1,1,FAKE,train,-2.0,5.5771989822387695,8.56638240814209,1.0,ok,,/Users/jeevikakiran/Documents/USC/Multimodal/Project/syncnet_work_pretrained/pycrop/id01212__00183_id06269_jm9beizigbe_faceswap_id01212_wavtolip__09692e4d5c/00000.avi,0.3491936061073615
id00745__00165__2cff2a1418,id00745,-,-,real,A,RealVideo-RealAudio,Asian (South),men,00165.mp4,RealVideo-RealAudio/Asian (South)/men/id00745,RealVideo-RealAudio/Asian (South)/men/id00745/00165.mp4,/Users/jeevikakiran/Documents/USC/Multimodal/Project/FakeAVCeleb_v1.2/FakeAVCeleb_v1.2/RealVideo-RealAudio/Asian (South)/men/id00745/00165.mp4,1,0,0,0,REAL,val,-1.0,6.1445136070251465,7.974444389343262,1.0,ok,,/Users/jeevikakiran/Documents/USC/Multimodal/Project/syncnet_work_pretrained/pycrop/id00745__00165__2cff2a1418/00000.avi,0.20805800158497095
id01126__00040_fake__99223a8e02,id01126,fake.mp4,-,rtvc,B,RealVideo-FakeAudio,Caucasian (European),men,00040_fake.mp4,RealVideo-FakeAudio/Caucasian (European)/men/id01126,RealVideo-FakeAudio/Caucasian (European)/men/id01126/00040_fake.mp4,/Users/jeevikakiran/Documents/USC/Multimodal/Project/FakeAVCeleb_v1.2/FakeAVCeleb_v1.2/RealVideo-FakeAudio/Caucasian (European)/men/id01126/00040_fake.mp4,1,0,1,1,FAKE,train,5.0,0.7494525909423828,13.3240966796875,1.0,ok,,/Users/jeevikakiran/Documents/USC/Multimodal/Project/syncnet_work_pretrained/pycrop/id01126__00040_fake__99223a8e02/00000.avi,0.9141995263033325
id00187__00360_id01102_agfukdgmo3a__95a34d4695,id00187,id01102,-,fsgan,C,FakeVideo-RealAudio,Caucasian (European),men,00360_id01102_aGFUkdgmo3A.mp4,FakeVideo-RealAudio/Caucasian (European)/men/id00187,FakeVideo-RealAudio/Caucasian (European)/men/id00187/00360_id01102_aGFUkdgmo3A.mp4,/Users/jeevikakiran/Documents/USC/Multimodal/Project/FakeAVCeleb_v1.2/FakeAVCeleb_v1.2/FakeVideo-RealAudio/Caucasian (European)/men/id00187/00360_id01102_aGFUkdgmo3A.mp4,1,1,0,1,FAKE,train,-3.0,3.5763473510742188,9.836795806884766,1.0,ok,,/Users/jeevikakiran/Documents/USC/Multimodal/Project/syncnet_work_pretrained/pycrop/id00187__00360_id01102_agfukdgmo3a__95a34d4695/00000.avi,0.33556716667532854
id00271__00028__9abc584baa,id00271,-,-,real,A,RealVideo-RealAudio,Caucasian (European),women,00028.mp4,RealVideo-RealAudio/Caucasian (European)/women/id00271,RealVideo-RealAudio/Caucasian (European)/women/id00271/00028.mp4,/Users/jeevikakiran/Documents/USC/Multimodal/Project/FakeAVCeleb_v1.2/FakeAVCeleb_v1.2/RealVideo-RealAudio/Caucasian (European)/women/id00271/00028.mp4,1,0,0,0,REAL,train,2.0,6.822568893432617,8.185467720031738,1.0,ok,,/Users/jeevikakiran/Documents/USC/Multimodal/Project/syncnet_work_pretrained/pycrop/id00271__00028__9abc584baa/00000.avi,0.5992132496216507
id01281__00040__6fc1f0500d,id01281,-,-,real,A,RealVideo-RealAudio,Asian (East),women,00040.mp4,RealVideo-RealAudio/Asian (East)/women/id01281,RealVideo-RealAudio/Asian (East)/women/id01281/00040.mp4,/Users/jeevikakiran/Documents/USC/Multimodal/Project/FakeAVCeleb_v1.2/FakeAVCeleb_v1.2/RealVideo-RealAudio/Asian (East)/women/id01281/00040.mp4,1,0,0,0,REAL,train,1.0,6.170318603515625,8.099440574645996,1.0,ok,,/Users/jeevikakiran/Documents/USC/Multimodal/Project/syncnet_work_pretrained/pycrop/id01281__00040__6fc1f0500d/00000.avi,0.2513934602829823
id00173__00118_id01610_wavtolip__d907690a63,id00173,id01610,-,wav2lip,C,FakeVideo-RealAudio,African,men,00118_id01610_wavtolip.mp4,FakeVideo-RealAudio/African/men/id00173,FakeVideo-RealAudio/African/men/id00173/00118_id01610_wavtolip.mp4,/Users/jeevikakiran/Documents/USC/Multimodal/Project/FakeAVCeleb_v1.2/FakeAVCeleb_v1.2/FakeVideo-RealAudio/African/men/id00173/00118_id01610_wavtolip.mp4,1,1,0,1,FAKE,train,-2.0,6.095640182495117,8.635125160217285,1.0,ok,,/Users/jeevikakiran/Documents/USC/Multimodal/Project/syncnet_work_pretrained/pycrop/id00173__00118_id01610_wavtolip__d907690a63/00000.avi,0.5467641878221786
id00068__00004_id01002_wavtolip__d0a90a8aaf,id00068,id01002,-,wav2lip,D,FakeVideo-FakeAudio,Caucasian (European),women,00004_id01002_wavtolip.mp4,FakeVideo-FakeAudio/Caucasian (European)/women/id00068,FakeVideo-FakeAudio/Caucasian (European)/women/id00068/00004_id01002_wavtolip.mp4,/Users/jeevikakiran/Documents/USC/Multimodal/Project/FakeAVCeleb_v1.2/FakeAVCeleb_v1.2/FakeVideo-FakeAudio/Caucasian (European)/women/id00068/00004_id01002_wavtolip.mp4,1,1,1,1,FAKE,val,-2.0,9.278021812438965,6.136754035949707,1.0,ok,,/Users/jeevikakiran/Documents/USC/Multimodal/Project/syncnet_work_pretrained/pycrop/id00068__00004_id01002_wavtolip__d0a90a8aaf/00000.avi,0.5579730559481159
id09116__00026_id00430_q7jhssgelk4_faceswap_id06158_wavtolip__963a4f6dae,id09116,id00430,faceswap,faceswap-wav2lip,D,FakeVideo-FakeAudio,Asian (East),women,00026_id00430_q7jhSsGElK4_faceswap_id06158_wavtolip.mp4,FakeVideo-FakeAudio/Asian (East)/women/id09116,FakeVideo-FakeAudio/Asian (East)/women/id09116/00026_id00430_q7jhSsGElK4_faceswap_id06158_wavtolip.mp4,/Users/jeevikakiran/Documents/USC/Multimodal/Project/FakeAVCeleb_v1.2/FakeAVCeleb_v1.2/FakeVideo-FakeAudio/Asian (East)/women/id09116/00026_id00430_q7jhSsGElK4_faceswap_id06158_wavtolip.mp4,1,1,1,1,FAKE,val,-2.0,7.460800647735596,7.598410129547119,1.0,ok,,/Users/jeevikakiran/Documents/USC/Multimodal/Project/syncnet_work_pretrained/pycrop/id09116__00026_id00430_q7jhssgelk4_faceswap_id06158_wavtolip__963a4f6dae/00000.avi,0.5661477102983118
id06427__00138__89aa7f1b3a,id06427,-,-,real,A,RealVideo-RealAudio,Asian (East),women,00138.mp4,RealVideo-RealAudio/Asian (East)/women/id06427,RealVideo-RealAudio/Asian (East)/women/id06427/00138.mp4,/Users/jeevikakiran/Documents/USC/Multimodal/Project/FakeAVCeleb_v1.2/FakeAVCeleb_v1.2/RealVideo-RealAudio/Asian (East)/women/id06427/00138.mp4,1,0,0,0,REAL,val,0.0,7.246453762054443,7.224741458892822,1.0,ok,,/Users/jeevikakiran/Documents/USC/Multimodal/Project/syncnet_work_pretrained/pycrop/id06427__00138__89aa7f1b3a/00000.avi,0.16782589584184368
id00581__00010__c54fc7505e,id00581,-,-,real,A,RealVideo-RealAudio,Caucasian (European),women,00010.mp4,RealVideo-RealAudio/Caucasian (European)/women/id00581,RealVideo-RealAudio/Caucasian (European)/women/id00581/00010.mp4,/Users/jeevikakiran/Documents/USC/Multimodal/Project/FakeAVCeleb_v1.2/FakeAVCeleb_v1.2/RealVideo-RealAudio/Caucasian (European)/women/id00581/00010.mp4,1,0,0,0,REAL,train,-1.0,6.550210475921631,7.789454936981201,1.0,ok,,/Users/jeevikakiran/Documents/USC/Multimodal/Project/syncnet_work_pretrained/pycrop/id00581__00010__c54fc7505e/00000.avi,0.2486913496942263
id00823__00125__ea2a3872e6,id00823,-,-,real,A,RealVideo-RealAudio,Caucasian (European),women,00125.mp4,RealVideo-RealAudio/Caucasian (European)/women/id00823,RealVideo-RealAudio/Caucasian (European)/women/id00823/00125.mp4,/Users/jeevikakiran/Documents/USC/Multimodal/Project/FakeAVCeleb_v1.2/FakeAVCeleb_v1.2/RealVideo-RealAudio/Caucasian (European)/women/id00823/00125.mp4,1,0,0,0,REAL,train,-2.0,4.824834823608398,8.901860237121582,1.0,ok,,/Users/jeevikakiran/Documents/USC/Multimodal/Project/syncnet_work_pretrained/pycrop/id00823__00125__ea2a3872e6/00000.avi,0.25656515355000165
id04726__00245__27bc69d3f6,id04726,-,-,real,A,RealVideo-RealAudio,Asian (East),men,00245.mp4,RealVideo-RealAudio/Asian (East)/men/id04726,RealVideo-RealAudio/Asian (East)/men/id04726/00245.mp4,/Users/jeevikakiran/Documents/USC/Multimodal/Project/FakeAVCeleb_v1.2/FakeAVCeleb_v1.2/RealVideo-RealAudio/Asian (East)/men/id04726/00245.mp4,1,0,0,0,REAL,val,-1.0,4.830991744995117,9.082762718200684,1.0,ok,,/Users/jeevikakiran/Documents/USC/Multimodal/Project/syncnet_work_pretrained/pycrop/id04726__00245__27bc69d3f6/00000.avi,0.22701447818801507
id00100__00028_fake__2ee629b95f,id00100,fake.mp4,-,rtvc,B,RealVideo-FakeAudio,Caucasian (American),women,00028_fake.mp4,RealVideo-FakeAudio/Caucasian (American)/women/id00100,RealVideo-FakeAudio/Caucasian (American)/women/id00100/00028_fake.mp4,/Users/jeevikakiran/Documents/USC/Multimodal/Project/FakeAVCeleb_v1.2/FakeAVCeleb_v1.2/RealVideo-FakeAudio/Caucasian (American)/women/id00100/00028_fake.mp4,1,0,1,1,FAKE,train,11.0,1.2025012969970703,13.098000526428223,1.0,ok,,/Users/jeevikakiran/Documents/USC/Multimodal/Project/syncnet_work_pretrained/pycrop/id00100__00028_fake__2ee629b95f/00000.avi,0.9956803895944417
id00021__00010_id01175_q_36xlwl6_o__07a09c4b4d,id00021,id01175,36xlWL6,fsgan,C,FakeVideo-RealAudio,Caucasian (American),men,00010_id01175_Q_36xlWL6_o.mp4,FakeVideo-RealAudio/Caucasian (American)/men/id00021,FakeVideo-RealAudio/Caucasian (American)/men/id00021/00010_id01175_Q_36xlWL6_o.mp4,/Users/jeevikakiran/Documents/USC/Multimodal/Project/FakeAVCeleb_v1.2/FakeAVCeleb_v1.2/FakeVideo-RealAudio/Caucasian (American)/men/id00021/00010_id01175_Q_36xlWL6_o.mp4,1,1,0,1,FAKE,train,1.0,5.230756759643555,8.651893615722656,1.0,ok,,/Users/jeevikakiran/Documents/USC/Multimodal/Project/syncnet_work_pretrained/pycrop/id00021__00010_id01175_q_36xlwl6_o__07a09c4b4d/00000.avi,0.19512754583315142
id04582__00180__c11c01d162,id04582,-,-,real,A,RealVideo-RealAudio,Asian (South),women,00180.mp4,RealVideo-RealAudio/Asian (South)/women/id04582,RealVideo-RealAudio/Asian (South)/women/id04582/00180.mp4,/Users/jeevikakiran/Documents/USC/Multimodal/Project/FakeAVCeleb_v1.2/FakeAVCeleb_v1.2/RealVideo-RealAudio/Asian (South)/women/id04582/00180.mp4,1,0,0,0,REAL,train,-1.0,8.973041534423828,7.223263740539551,1.0,ok,,/Users/jeevikakiran/Documents/USC/Multimodal/Project/syncnet_work_pretrained/pycrop/id04582__00180__c11c01d162/00000.avi,0.7655123747700716
id01157__00048__e843e33751,id01157,-,-,real,A,RealVideo-RealAudio,Caucasian (European),men,00048.mp4,RealVideo-RealAudio/Caucasian (European)/men/id01157,RealVideo-RealAudio/Caucasian (European)/men/id01157/00048.mp4,/Users/jeevikakiran/Documents/USC/Multimodal/Project/FakeAVCeleb_v1.2/FakeAVCeleb_v1.2/RealVideo-RealAudio/Caucasian (European)/men/id01157/00048.mp4,1,0,0,0,REAL,train,-1.0,5.586013317108154,7.782875061035156,1.0,ok,,/Users/jeevikakiran/Documents/USC/Multimodal/Project/syncnet_work_pretrained/pycrop/id01157__00048__e843e33751/00000.avi,0.08258255717903747
id00088__00005_id01201_q8xwfmniwya_id01239_wavtolip__07cdf125bd,id00088,id01201,id01239,fsgan-wav2lip,D,FakeVideo-FakeAudio,Caucasian (American),men,00005_id01201_Q8XWfmNiWYA_id01239_wavtolip.mp4,FakeVideo-FakeAudio/Caucasian (American)/men/id00088,FakeVideo-FakeAudio/Caucasian (American)/men/id00088/00005_id01201_Q8XWfmNiWYA_id01239_wavtolip.mp4,/Users/jeevikakiran/Documents/USC/Multimodal/Project/FakeAVCeleb_v1.2/FakeAVCeleb_v1.2/FakeVideo-FakeAudio/Caucasian (American)/men/id00088/00005_id01201_Q8XWfmNiWYA_id01239_wavtolip.mp4,1,1,1,1,FAKE,train,-2.0,6.693195343017578,7.847814559936523,1.0,ok,,/Users/jeevikakiran/Documents/USC/Multimodal/Project/syncnet_work_pretrained/pycrop/id00088__00005_id01201_q8xwfmniwya_id01239_wavtolip__07cdf125bd/00000.avi,0.4156117848733132
id04034__00009_id00088_wavtolip__446aff5c42,id04034,id00088,-,wav2lip,D,FakeVideo-FakeAudio,Caucasian (American),men,00009_id00088_wavtolip.mp4,FakeVideo-FakeAudio/Caucasian (American)/men/id04034,FakeVideo-FakeAudio/Caucasian (American)/men/id04034/00009_id00088_wavtolip.mp4,/Users/jeevikakiran/Documents/USC/Multimodal/Project/FakeAVCeleb_v1.2/FakeAVCeleb_v1.2/FakeVideo-FakeAudio/Caucasian (American)/men/id04034/00009_id00088_wavtolip.mp4,1,1,1,1,FAKE,train,-2.0,7.655383586883545,7.2994771003723145,1.0,ok,,/Users/jeevikakiran/Documents/USC/Multimodal/Project/syncnet_work_pretrained/pycrop/id04034__00009_id00088_wavtolip__446aff5c42/00000.avi,0.505565706426998
id00816__00118_fake__527f7ce150,id00816,fake.mp4,-,rtvc,B,RealVideo-FakeAudio,Asian (South),men,00118_fake.mp4,RealVideo-FakeAudio/Asian (South)/men/id00816,RealVideo-FakeAudio/Asian (South)/men/id00816/00118_fake.mp4,/Users/jeevikakiran/Documents/USC/Multimodal/Project/FakeAVCeleb_v1.2/FakeAVCeleb_v1.2/RealVideo-FakeAudio/Asian (South)/men/id00816/00118_fake.mp4,1,0,1,1,FAKE,train,-6.0,1.7132043838500977,11.83389663696289,1.0,ok,,/Users/jeevikakiran/Documents/USC/Multimodal/Project/syncnet_work_pretrained/pycrop/id00816__00118_fake__527f7ce150/00000.avi,0.8343407982443909
id06439__00118_fake__2f864c6cb6,id06439,fake.mp4,-,rtvc,B,RealVideo-FakeAudio,Asian (South),women,00118_fake.mp4,RealVideo-FakeAudio/Asian (South)/women/id06439,RealVideo-FakeAudio/Asian (South)/women/id06439/00118_fake.mp4,/Users/jeevikakiran/Documents/USC/Multimodal/Project/FakeAVCeleb_v1.2/FakeAVCeleb_v1.2/RealVideo-FakeAudio/Asian (South)/women/id06439/00118_fake.mp4,1,0,1,1,FAKE,train,-9.0,1.1871614456176758,13.074976921081543,1.0,ok,,/Users/jeevikakiran/Documents/USC/Multimodal/Project/syncnet_work_pretrained/pycrop/id06439__00118_fake__2f864c6cb6/00000.avi,0.9882392805113692
id02721__00424_fake__096af5435c,id02721,fake.mp4,-,rtvc,B,RealVideo-FakeAudio,African,women,00424_fake.mp4,RealVideo-FakeAudio/African/women/id02721,RealVideo-FakeAudio/African/women/id02721/00424_fake.mp4,/Users/jeevikakiran/Documents/USC/Multimodal/Project/FakeAVCeleb_v1.2/FakeAVCeleb_v1.2/RealVideo-FakeAudio/African/women/id02721/00424_fake.mp4,1,0,1,1,FAKE,train,8.0,1.3208284378051758,13.174836158752441,1.0,ok,,/Users/jeevikakiran/Documents/USC/Multimodal/Project/syncnet_work_pretrained/pycrop/id02721__00424_fake__096af5435c/00000.avi,0.9866630637023838
id01096__00037_id00020_wavtolip__fa50059d84,id01096,id00020,-,wav2lip,D,FakeVideo-FakeAudio,Caucasian (American),men,00037_id00020_wavtolip.mp4,FakeVideo-FakeAudio/Caucasian (American)/men/id01096,FakeVideo-FakeAudio/Caucasian (American)/men/id01096/00037_id00020_wavtolip.mp4,/Users/jeevikakiran/Documents/USC/Multimodal/Project/FakeAVCeleb_v1.2/FakeAVCeleb_v1.2/FakeVideo-FakeAudio/Caucasian (American)/men/id01096/00037_id00020_wavtolip.mp4,1,1,1,1,FAKE,train,-2.0,9.719928741455078,5.936511039733887,1.0,ok,,/Users/jeevikakiran/Documents/USC/Multimodal/Project/syncnet_work_pretrained/pycrop/id01096__00037_id00020_wavtolip__fa50059d84/00000.avi,0.6193411649131331
id00559__00078_fake__22d029722a,id00559,fake.mp4,-,rtvc,B,RealVideo-FakeAudio,Caucasian (European),men,00078_fake.mp4,RealVideo-FakeAudio/Caucasian (European)/men/id00559,RealVideo-FakeAudio/Caucasian (European)/men/id00559/00078_fake.mp4,/Users/jeevikakiran/Documents/USC/Multimodal/Project/FakeAVCeleb_v1.2/FakeAVCeleb_v1.2/RealVideo-FakeAudio/Caucasian (European)/men/id00559/00078_fake.mp4,1,0,1,1,FAKE,train,8.0,0.3778038024902344,13.113831520080566,1.0,ok,,/Users/jeevikakiran/Documents/USC/Multimodal/Project/syncnet_work_pretrained/pycrop/id00559__00078_fake__22d029722a/00000.avi,0.9497000575654814
id01157__00048_id00963_wavtolip__610f2e9288,id01157,id00963,-,wav2lip,C,FakeVideo-RealAudio,Caucasian (European),men,00048_id00963_wavtolip.mp4,FakeVideo-RealAudio/Caucasian (European)/men/id01157,FakeVideo-RealAudio/Caucasian (European)/men/id01157/00048_id00963_wavtolip.mp4,/Users/jeevikakiran/Documents/USC/Multimodal/Project/FakeAVCeleb_v1.2/FakeAVCeleb_v1.2/FakeVideo-RealAudio/Caucasian (European)/men/id01157/00048_id00963_wavtolip.mp4,1,1,0,1,FAKE,train,-2.0,5.532695770263672,8.696403503417969,1.0,ok,,/Users/jeevikakiran/Documents/USC/Multimodal/Project/syncnet_work_pretrained/pycrop/id01157__00048_id00963_wavtolip__610f2e9288/00000.avi,0.3863284623544052
id04928__00027_id00033_gdudurwhnlq_id00857_wavtolip__58a7fb1cfa,id04928,id00033,id00857,fsgan-wav2lip,D,FakeVideo-FakeAudio,Asian (South),men,00027_id00033_gduDuRWhnlQ_id00857_wavtolip.mp4,FakeVideo-FakeAudio/Asian (South)/men/id04928,FakeVideo-FakeAudio/Asian (South)/men/id04928/00027_id00033_gduDuRWhnlQ_id00857_wavtolip.mp4,/Users/jeevikakiran/Documents/USC/Multimodal/Project/FakeAVCeleb_v1.2/FakeAVCeleb_v1.2/FakeVideo-FakeAudio/Asian (South)/men/id04928/00027_id00033_gduDuRWhnlQ_id00857_wavtolip.mp4,1,1,1,1,FAKE,train,-2.0,7.719608306884766,6.534274578094482,1.0,ok,,/Users/jeevikakiran/Documents/USC/Multimodal/Project/syncnet_work_pretrained/pycrop/id04928__00027_id00033_gdudurwhnlq_id00857_wavtolip__58a7fb1cfa/00000.avi,0.23451737840443607
id01201__00028_fake__feecb06b47,id01201,fake.mp4,-,rtvc,B,RealVideo-FakeAudio,Caucasian (American),men,00028_fake.mp4,RealVideo-FakeAudio/Caucasian (American)/men/id01201,RealVideo-FakeAudio/Caucasian (American)/men/id01201/00028_fake.mp4,/Users/jeevikakiran/Documents/USC/Multimodal/Project/FakeAVCeleb_v1.2/FakeAVCeleb_v1.2/RealVideo-FakeAudio/Caucasian (American)/men/id01201/00028_fake.mp4,1,0,1,1,FAKE,train,15.0,0.6908607482910156,14.27226448059082,1.0,ok,,/Users/jeevikakiran/Documents/USC/Multimodal/Project/syncnet_work_pretrained/pycrop/id01201__00028_fake__feecb06b47/00000.avi,0.9998224538751986
id00261__00048_id00383_wavtolip__583e89945e,id00261,id00383,-,wav2lip,D,FakeVideo-FakeAudio,Caucasian (American),women,00048_id00383_wavtolip.mp4,FakeVideo-FakeAudio/Caucasian (American)/women/id00261,FakeVideo-FakeAudio/Caucasian (American)/women/id00261/00048_id00383_wavtolip.mp4,/Users/jeevikakiran/Documents/USC/Multimodal/Project/FakeAVCeleb_v1.2/FakeAVCeleb_v1.2/FakeVideo-FakeAudio/Caucasian (American)/women/id00261/00048_id00383_wavtolip.mp4,1,1,1,1,FAKE,train,-2.0,5.761194229125977,8.718158721923828,1.0,ok,,/Users/jeevikakiran/Documents/USC/Multimodal/Project/syncnet_work_pretrained/pycrop/id00261__00048_id00383_wavtolip__583e89945e/00000.avi,0.47001043203603743
id00735__00037_fake__a74878a6d3,id00735,fake.mp4,-,rtvc,B,RealVideo-FakeAudio,Caucasian (European),women,00037_fake.mp4,RealVideo-FakeAudio/Caucasian (European)/women/id00735,RealVideo-FakeAudio/Caucasian (European)/women/id00735/00037_fake.mp4,/Users/jeevikakiran/Documents/USC/Multimodal/Project/FakeAVCeleb_v1.2/FakeAVCeleb_v1.2/RealVideo-FakeAudio/Caucasian (European)/women/id00735/00037_fake.mp4,1,0,1,1,FAKE,train,-11.0,0.6512279510498047,13.16162395477295,1.0,ok,,/Users/jeevikakiran/Documents/USC/Multimodal/Project/syncnet_work_pretrained/pycrop/id00735__00037_fake__a74878a6d3/00000.avi,0.9919137324023141
id07161__00159_id00414_d3n2nrpgsp0_id04554_wavtolip__61c47b26d5,id07161,id00414,id04554,fsgan-wav2lip,D,FakeVideo-FakeAudio,Asian (South),men,00159_id00414_d3N2NrpGSp0_id04554_wavtolip.mp4,FakeVideo-FakeAudio/Asian (South)/men/id07161,FakeVideo-FakeAudio/Asian (South)/men/id07161/00159_id00414_d3N2NrpGSp0_id04554_wavtolip.mp4,/Users/jeevikakiran/Documents/USC/Multimodal/Project/FakeAVCeleb_v1.2/FakeAVCeleb_v1.2/FakeVideo-FakeAudio/Asian (South)/men/id07161/00159_id00414_d3N2NrpGSp0_id04554_wavtolip.mp4,1,1,1,1,FAKE,train,-2.0,5.840519905090332,8.461793899536133,1.0,ok,,/Users/jeevikakiran/Documents/USC/Multimodal/Project/syncnet_work_pretrained/pycrop/id07161__00159_id00414_d3n2nrpgsp0_id04554_wavtolip__61c47b26d5/00000.avi,0.39019629621689905
id00265__00130_id00055_xzcf6sj8axc__6c88e3f373,id00265,id00055,-,fsgan,C,FakeVideo-RealAudio,Caucasian (European),men,00130_id00055_XzCF6sJ8Axc.mp4,FakeVideo-RealAudio/Caucasian (European)/men/id00265,FakeVideo-RealAudio/Caucasian (European)/men/id00265/00130_id00055_XzCF6sJ8Axc.mp4,/Users/jeevikakiran/Documents/USC/Multimodal/Project/FakeAVCeleb_v1.2/FakeAVCeleb_v1.2/FakeVideo-RealAudio/Caucasian (European)/men/id00265/00130_id00055_XzCF6sJ8Axc.mp4,1,1,0,1,FAKE,train,-1.0,2.663792610168457,9.827722549438477,1.0,ok,,/Users/jeevikakiran/Documents/USC/Multimodal/Project/syncnet_work_pretrained/pycrop/id00265__00130_id00055_xzcf6sj8axc__6c88e3f373/00000.avi,0.053654596806659724
id04376__00181__e29c9cd02d,id04376,-,-,real,A,RealVideo-RealAudio,African,women,00181.mp4,RealVideo-RealAudio/African/women/id04376,RealVideo-RealAudio/African/women/id04376/00181.mp4,/Users/jeevikakiran/Documents/USC/Multimodal/Project/FakeAVCeleb_v1.2/FakeAVCeleb_v1.2/RealVideo-RealAudio/African/women/id04376/00181.mp4,1,0,0,0,REAL,train,-1.0,5.240460395812988,8.581236839294434,1.0,ok,,/Users/jeevikakiran/Documents/USC/Multimodal/Project/syncnet_work_pretrained/pycrop/id04376__00181__e29c9cd02d/00000.avi,0.17898098610483956
id06878__00001__9862d0cad8,id06878,-,-,real,A,RealVideo-RealAudio,Asian (East),men,00001.mp4,RealVideo-RealAudio/Asian (East)/men/id06878,RealVideo-RealAudio/Asian (East)/men/id06878/00001.mp4,/Users/jeevikakiran/Documents/USC/Multimodal/Project/FakeAVCeleb_v1.2/FakeAVCeleb_v1.2/RealVideo-RealAudio/Asian (East)/men/id06878/00001.mp4,1,0,0,0,REAL,train,-1.0,5.320956230163574,8.719030380249023,1.0,ok,,/Users/jeevikakiran/Documents/USC/Multimodal/Project/syncnet_work_pretrained/pycrop/id06878__00001__9862d0cad8/00000.avi,0.23451968230129833
id06439__00118_id07689_2ie0g83jkga__14dcd23a53,id06439,id07689,-,fsgan,C,FakeVideo-RealAudio,Asian (South),women,00118_id07689_2ie0g83JkgA.mp4,FakeVideo-RealAudio/Asian (South)/women/id06439,FakeVideo-RealAudio/Asian (South)/women/id06439/00118_id07689_2ie0g83JkgA.mp4,/Users/jeevikakiran/Documents/USC/Multimodal/Project/FakeAVCeleb_v1.2/FakeAVCeleb_v1.2/FakeVideo-RealAudio/Asian (South)/women/id06439/00118_id07689_2ie0g83JkgA.mp4,1,1,0,1,FAKE,val,-1.0,4.486666679382324,8.923861503601074,1.0,ok,,/Users/jeevikakiran/Documents/USC/Multimodal/Project/syncnet_work_pretrained/pycrop/id06439__00118_id07689_2ie0g83jkga__14dcd23a53/00000.avi,0.12407070441336843
id00272__00195__506bcb58b3,id00272,-,-,real,A,RealVideo-RealAudio,Caucasian (American),women,00195.mp4,RealVideo-RealAudio/Caucasian (American)/women/id00272,RealVideo-RealAudio/Caucasian (American)/women/id00272/00195.mp4,/Users/jeevikakiran/Documents/USC/Multimodal/Project/FakeAVCeleb_v1.2/FakeAVCeleb_v1.2/RealVideo-RealAudio/Caucasian (American)/women/id00272/00195.mp4,1,0,0,0,REAL,train,-2.0,6.093003273010254,7.901791095733643,2.0,ok,,/Users/jeevikakiran/Documents/USC/Multimodal/Project/syncnet_work_pretrained/pycrop/id00272__00195__506bcb58b3/00001.avi,0.2585752843822563
id00088__00005_id01096_wavtolip__2835fcf451,id00088,id01096,-,wav2lip,D,FakeVideo-FakeAudio,Caucasian (American),men,00005_id01096_wavtolip.mp4,FakeVideo-FakeAudio/Caucasian (American)/men/id00088,FakeVideo-FakeAudio/Caucasian (American)/men/id00088/00005_id01096_wavtolip.mp4,/Users/jeevikakiran/Documents/USC/Multimodal/Project/FakeAVCeleb_v1.2/FakeAVCeleb_v1.2/FakeVideo-FakeAudio/Caucasian (American)/men/id00088/00005_id01096_wavtolip.mp4,1,1,1,1,FAKE,train,-2.0,7.221484661102295,7.49375581741333,1.0,ok,,/Users/jeevikakiran/Documents/USC/Multimodal/Project/syncnet_work_pretrained/pycrop/id00088__00005_id01096_wavtolip__2835fcf451/00000.avi,0.4425323586599201
id01835__00130__ac629be208,id01835,-,-,real,A,RealVideo-RealAudio,African,men,00130.mp4,RealVideo-RealAudio/African/men/id01835,RealVideo-RealAudio/African/men/id01835/00130.mp4,/Users/jeevikakiran/Documents/USC/Multimodal/Project/FakeAVCeleb_v1.2/FakeAVCeleb_v1.2/RealVideo-RealAudio/African/men/id01835/00130.mp4,1,0,0,0,REAL,train,0.0,6.8007049560546875,7.723876476287842,2.0,ok,,/Users/jeevikakiran/Documents/USC/Multimodal/Project/syncnet_work_pretrained/pycrop/id01835__00130__ac629be208/00000.avi,0.20493877263542515
id03965__00051_id01204_wavtolip__b05eedc761,id03965,id01204,-,wav2lip,D,FakeVideo-FakeAudio,Asian (East),men,00051_id01204_wavtolip.mp4,FakeVideo-FakeAudio/Asian (East)/men/id03965,FakeVideo-FakeAudio/Asian (East)/men/id03965/00051_id01204_wavtolip.mp4,/Users/jeevikakiran/Documents/USC/Multimodal/Project/FakeAVCeleb_v1.2/FakeAVCeleb_v1.2/FakeVideo-FakeAudio/Asian (East)/men/id03965/00051_id01204_wavtolip.mp4,1,1,1,1,FAKE,train,-2.0,7.2168474197387695,7.687061309814453,1.0,ok,,/Users/jeevikakiran/Documents/USC/Multimodal/Project/syncnet_work_pretrained/pycrop/id03965__00051_id01204_wavtolip__b05eedc761/00000.avi,0.5222583510075819
id00555__00005__02b75081a6,id00555,-,-,real,A,RealVideo-RealAudio,Caucasian (American),women,00005.mp4,RealVideo-RealAudio/Caucasian (American)/women/id00555,RealVideo-RealAudio/Caucasian (American)/women/id00555/00005.mp4,/Users/jeevikakiran/Documents/USC/Multimodal/Project/FakeAVCeleb_v1.2/FakeAVCeleb_v1.2/RealVideo-RealAudio/Caucasian (American)/women/id00555/00005.mp4,1,0,0,0,REAL,train,1.0,6.799755096435547,8.36034107208252,1.0,ok,,/Users/jeevikakiran/Documents/USC/Multimodal/Project/syncnet_work_pretrained/pycrop/id00555__00005__02b75081a6/00000.avi,0.5478219964276675
id00777__00160_id01192_kaht8hg7_1s_id01192_wavtolip__affedb5bf1,id00777,id01192,id01192,fsgan-wav2lip,D,FakeVideo-FakeAudio,Caucasian (American),men,00160_id01192_kAht8HG7-1s_id01192_wavtolip.mp4,FakeVideo-FakeAudio/Caucasian (American)/men/id00777,FakeVideo-FakeAudio/Caucasian (American)/men/id00777/00160_id01192_kAht8HG7-1s_id01192_wavtolip.mp4,/Users/jeevikakiran/Documents/USC/Multimodal/Project/FakeAVCeleb_v1.2/FakeAVCeleb_v1.2/FakeVideo-FakeAudio/Caucasian (American)/men/id00777/00160_id01192_kAht8HG7-1s_id01192_wavtolip.mp4,1,1,1,1,FAKE,train,-2.0,9.973691940307617,5.464955806732178,1.0,ok,,/Users/jeevikakiran/Documents/USC/Multimodal/Project/syncnet_work_pretrained/pycrop/id00777__00160_id01192_kaht8hg7_1s_id01192_wavtolip__affedb5bf1/00000.avi,0.5077037132434542
id05931__00013_fake__a08b0116e9,id05931,fake.mp4,-,rtvc,B,RealVideo-FakeAudio,Asian (South),women,00013_fake.mp4,RealVideo-FakeAudio/Asian (South)/women/id05931,RealVideo-FakeAudio/Asian (South)/women/id05931/00013_fake.mp4,/Users/jeevikakiran/Documents/USC/Multimodal/Project/FakeAVCeleb_v1.2/FakeAVCeleb_v1.2/RealVideo-FakeAudio/Asian (South)/women/id05931/00013_fake.mp4,1,0,1,1,FAKE,train,12.0,1.850362777709961,11.55386734008789,1.0,ok,,/Users/jeevikakiran/Documents/USC/Multimodal/Project/syncnet_work_pretrained/pycrop/id05931__00013_fake__a08b0116e9/00000.avi,0.984886837595514
id01076__00005_fake__f4594f84c2,id01076,fake.mp4,-,rtvc,B,RealVideo-FakeAudio,African,men,00005_fake.mp4,RealVideo-FakeAudio/African/men/id01076,RealVideo-FakeAudio/African/men/id01076/00005_fake.mp4,/Users/jeevikakiran/Documents/USC/Multimodal/Project/FakeAVCeleb_v1.2/FakeAVCeleb_v1.2/RealVideo-FakeAudio/African/men/id01076/00005_fake.mp4,1,0,1,1,FAKE,train,13.0,2.032834053039551,13.652899742126465,1.0,ok,,/Users/jeevikakiran/Documents/USC/Multimodal/Project/syncnet_work_pretrained/pycrop/id01076__00005_fake__f4594f84c2/00000.avi,0.9997835958238599
id00231__00037_fake__7842a256cf,id00231,fake.mp4,-,rtvc,B,RealVideo-FakeAudio,Caucasian (American),women,00037_fake.mp4,RealVideo-FakeAudio/Caucasian (American)/women/id00231,RealVideo-FakeAudio/Caucasian (American)/women/id00231/00037_fake.mp4,/Users/jeevikakiran/Documents/USC/Multimodal/Project/FakeAVCeleb_v1.2/FakeAVCeleb_v1.2/RealVideo-FakeAudio/Caucasian (American)/women/id00231/00037_fake.mp4,1,0,1,1,FAKE,train,2.0,1.376084327697754,13.135821342468262,1.0,ok,,/Users/jeevikakiran/Documents/USC/Multimodal/Project/syncnet_work_pretrained/pycrop/id00231__00037_fake__7842a256cf/00000.avi,0.8119624643321356
id00826__00065_fake__45d5798eca,id00826,fake.mp4,-,rtvc,B,RealVideo-FakeAudio,Caucasian (European),women,00065_fake.mp4,RealVideo-FakeAudio/Caucasian (European)/women/id00826,RealVideo-FakeAudio/Caucasian (European)/women/id00826/00065_fake.mp4,/Users/jeevikakiran/Documents/USC/Multimodal/Project/FakeAVCeleb_v1.2/FakeAVCeleb_v1.2/RealVideo-FakeAudio/Caucasian (European)/women/id00826/00065_fake.mp4,1,0,1,1,FAKE,train,4.0,0.7019405364990234,13.567337989807129,1.0,ok,,/Users/jeevikakiran/Documents/USC/Multimodal/Project/syncnet_work_pretrained/pycrop/id00826__00065_fake__45d5798eca/00000.avi,0.9036110156648228
id06438__00110_id04582_wavtolip__5579c7d520,id06438,id04582,-,wav2lip,C,FakeVideo-RealAudio,Asian (South),women,00110_id04582_wavtolip.mp4,FakeVideo-RealAudio/Asian (South)/women/id06438,FakeVideo-RealAudio/Asian (South)/women/id06438/00110_id04582_wavtolip.mp4,/Users/jeevikakiran/Documents/USC/Multimodal/Project/FakeAVCeleb_v1.2/FakeAVCeleb_v1.2/FakeVideo-RealAudio/Asian (South)/women/id06438/00110_id04582_wavtolip.mp4,1,1,0,1,FAKE,val,-2.0,9.292725563049316,7.332794666290283,1.0,ok,,/Users/jeevikakiran/Documents/USC/Multimodal/Project/syncnet_work_pretrained/pycrop/id06438__00110_id04582_wavtolip__5579c7d520/00000.avi,0.906436534476795
id05231__00149__fd464d722c,id05231,-,-,real,A,RealVideo-RealAudio,African,women,00149.mp4,RealVideo-RealAudio/African/women/id05231,RealVideo-RealAudio/African/women/id05231/00149.mp4,/Users/jeevikakiran/Documents/USC/Multimodal/Project/FakeAVCeleb_v1.2/FakeAVCeleb_v1.2/RealVideo-RealAudio/African/women/id05231/00149.mp4,1,0,0,0,REAL,train,1.0,6.60203742980957,7.543176174163818,1.0,ok,,/Users/jeevikakiran/Documents/USC/Multimodal/Project/syncnet_work_pretrained/pycrop/id05231__00149__fd464d722c/00000.avi,0.18972627394584698
id00032__00028_1_id07108_wavtolip__c266d1e091,id00032,1,-,faceswap-wav2lip,D,FakeVideo-FakeAudio,Asian (South),men,00028_1_id07108_wavtolip.mp4,FakeVideo-FakeAudio/Asian (South)/men/id00032,FakeVideo-FakeAudio/Asian (South)/men/id00032/00028_1_id07108_wavtolip.mp4,/Users/jeevikakiran/Documents/USC/Multimodal/Project/FakeAVCeleb_v1.2/FakeAVCeleb_v1.2/FakeVideo-FakeAudio/Asian (South)/men/id00032/00028_1_id07108_wavtolip.mp4,1,1,1,1,FAKE,train,-2.0,7.716777324676514,7.992961406707764,1.0,ok,,/Users/jeevikakiran/Documents/USC/Multimodal/Project/syncnet_work_pretrained/pycrop/id00032__00028_1_id07108_wavtolip__c266d1e091/00000.avi,0.7815439393838624
id06776__00021__672da71315,id06776,-,-,real,A,RealVideo-RealAudio,Asian (East),men,00021.mp4,RealVideo-RealAudio/Asian (East)/men/id06776,RealVideo-RealAudio/Asian (East)/men/id06776/00021.mp4,/Users/jeevikakiran/Documents/USC/Multimodal/Project/FakeAVCeleb_v1.2/FakeAVCeleb_v1.2/RealVideo-RealAudio/Asian (East)/men/id06776/00021.mp4,1,0,0,0,REAL,train,0.0,6.555417060852051,7.582084655761719,1.0,ok,,/Users/jeevikakiran/Documents/USC/Multimodal/Project/syncnet_work_pretrained/pycrop/id06776__00021__672da71315/00000.avi,0.127481400720714
id01610__00090_id01920_wavtolip__dfb7484deb,id01610,id01920,-,wav2lip,C,FakeVideo-RealAudio,African,men,00090_id01920_wavtolip.mp4,FakeVideo-RealAudio/African/men/id01610,FakeVideo-RealAudio/African/men/id01610/00090_id01920_wavtolip.mp4,/Users/jeevikakiran/Documents/USC/Multimodal/Project/FakeAVCeleb_v1.2/FakeAVCeleb_v1.2/FakeVideo-RealAudio/African/men/id01610/00090_id01920_wavtolip.mp4,1,1,0,1,FAKE,train,-2.0,8.489471435546875,6.981637477874756,1.0,ok,,/Users/jeevikakiran/Documents/USC/Multimodal/Project/syncnet_work_pretrained/pycrop/id01610__00090_id01920_wavtolip__dfb7484deb/00000.avi,0.6462892832521693
id00062__00278_id04221_5xfscrxgvj4_faceswap_id00264_wavtolip__1a8fa717aa,id00062,id04221,faceswap,faceswap-wav2lip,D,FakeVideo-FakeAudio,Caucasian (American),men,00278_id04221_5XfsCrxGvj4_faceswap_id00264_wavtolip.mp4,FakeVideo-FakeAudio/Caucasian (American)/men/id00062,FakeVideo-FakeAudio/Caucasian (American)/men/id00062/00278_id04221_5XfsCrxGvj4_faceswap_id00264_wavtolip.mp4,/Users/jeevikakiran/Documents/USC/Multimodal/Project/FakeAVCeleb_v1.2/FakeAVCeleb_v1.2/FakeVideo-FakeAudio/Caucasian (American)/men/id00062/00278_id04221_5XfsCrxGvj4_faceswap_id00264_wavtolip.mp4,1,1,1,1,FAKE,train,-2.0,8.792086601257324,5.810396671295166,1.0,ok,,/Users/jeevikakiran/Documents/USC/Multimodal/Project/syncnet_work_pretrained/pycrop/id00062__00278_id04221_5xfscrxgvj4_faceswap_id00264_wavtolip__1a8fa717aa/00000.avi,0.27519234682396065
id01096__00037_id00179_ux9oyyipqi8__a45f75968c,id01096,id00179,-,fsgan,C,FakeVideo-RealAudio,Caucasian (American),men,00037_id00179_Ux9OYyipQi8.mp4,FakeVideo-RealAudio/Caucasian (American)/men/id01096,FakeVideo-RealAudio/Caucasian (American)/men/id01096/00037_id00179_Ux9OYyipQi8.mp4,/Users/jeevikakiran/Documents/USC/Multimodal/Project/FakeAVCeleb_v1.2/FakeAVCeleb_v1.2/FakeVideo-RealAudio/Caucasian (American)/men/id01096/00037_id00179_Ux9OYyipQi8.mp4,1,1,0,1,FAKE,train,0.0,7.079712867736816,7.1707611083984375,1.0,ok,,/Users/jeevikakiran/Documents/USC/Multimodal/Project/syncnet_work_pretrained/pycrop/id01096__00037_id00179_ux9oyyipqi8__a45f75968c/00000.avi,0.12836768644491478
id02089__00092__183af89c80,id02089,-,-,real,A,RealVideo-RealAudio,Asian (South),women,00092.mp4,RealVideo-RealAudio/Asian (South)/women/id02089,RealVideo-RealAudio/Asian (South)/women/id02089/00092.mp4,/Users/jeevikakiran/Documents/USC/Multimodal/Project/FakeAVCeleb_v1.2/FakeAVCeleb_v1.2/RealVideo-RealAudio/Asian (South)/women/id02089/00092.mp4,1,0,0,0,REAL,train,-1.0,6.2490129470825195,8.686101913452148,1.0,ok,,/Users/jeevikakiran/Documents/USC/Multimodal/Project/syncnet_work_pretrained/pycrop/id02089__00092__183af89c80/00000.avi,0.5010340088101825
id03205__00150_id00946_wavtolip__d1a35891c9,id03205,id00946,-,wav2lip,D,FakeVideo-FakeAudio,Caucasian (European),men,00150_id00946_wavtolip.mp4,FakeVideo-FakeAudio/Caucasian (European)/men/id03205,FakeVideo-FakeAudio/Caucasian (European)/men/id03205/00150_id00946_wavtolip.mp4,/Users/jeevikakiran/Documents/USC/Multimodal/Project/FakeAVCeleb_v1.2/FakeAVCeleb_v1.2/FakeVideo-FakeAudio/Caucasian (European)/men/id03205/00150_id00946_wavtolip.mp4,1,1,1,1,FAKE,train,-2.0,8.256233215332031,6.588839530944824,1.0,ok,,/Users/jeevikakiran/Documents/USC/Multimodal/Project/syncnet_work_pretrained/pycrop/id03205__00150_id00946_wavtolip__d1a35891c9/00000.avi,0.4079703056406397
id01102__00197_fake__9213a48dec,id01102,fake.mp4,-,rtvc,B,RealVideo-FakeAudio,Caucasian (European),men,00197_fake.mp4,RealVideo-FakeAudio/Caucasian (European)/men/id01102,RealVideo-FakeAudio/Caucasian (European)/men/id01102/00197_fake.mp4,/Users/jeevikakiran/Documents/USC/Multimodal/Project/FakeAVCeleb_v1.2/FakeAVCeleb_v1.2/RealVideo-FakeAudio/Caucasian (European)/men/id01102/00197_fake.mp4,1,0,1,1,FAKE,train,8.0,2.6474123001098633,11.379534721374512,1.0,ok,,/Users/jeevikakiran/Documents/USC/Multimodal/Project/syncnet_work_pretrained/pycrop/id01102__00197_fake__9213a48dec/00000.avi,0.9548088633507131
id01204__00092__c1cf82d5f1,id01204,-,-,real,A,RealVideo-RealAudio,Asian (East),men,00092.mp4,RealVideo-RealAudio/Asian (East)/men/id01204,RealVideo-RealAudio/Asian (East)/men/id01204/00092.mp4,/Users/jeevikakiran/Documents/USC/Multimodal/Project/FakeAVCeleb_v1.2/FakeAVCeleb_v1.2/RealVideo-RealAudio/Asian (East)/men/id01204/00092.mp4,1,0,0,0,REAL,val,-2.0,5.97760534286499,7.736074447631836,1.0,ok,,/Users/jeevikakiran/Documents/USC/Multimodal/Project/syncnet_work_pretrained/pycrop/id01204__00092__c1cf82d5f1/00000.avi,0.1842909536694689
id03620__00081__371ed06988,id03620,-,-,real,A,RealVideo-RealAudio,Caucasian (European),women,00081.mp4,RealVideo-RealAudio/Caucasian (European)/women/id03620,RealVideo-RealAudio/Caucasian (European)/women/id03620/00081.mp4,/Users/jeevikakiran/Documents/USC/Multimodal/Project/FakeAVCeleb_v1.2/FakeAVCeleb_v1.2/RealVideo-RealAudio/Caucasian (European)/women/id03620/00081.mp4,1,0,0,0,REAL,train,-2.0,5.496910095214844,8.643061637878418,1.0,ok,,/Users/jeevikakiran/Documents/USC/Multimodal/Project/syncnet_work_pretrained/pycrop/id03620__00081__371ed06988/00000.avi,0.35418350167123874
id00634__00078_id00633_wavtolip__3231afb0a3,id00634,id00633,-,wav2lip,C,FakeVideo-RealAudio,Caucasian (European),women,00078_id00633_wavtolip.mp4,FakeVideo-RealAudio/Caucasian (European)/women/id00634,FakeVideo-RealAudio/Caucasian (European)/women/id00634/00078_id00633_wavtolip.mp4,/Users/jeevikakiran/Documents/USC/Multimodal/Project/FakeAVCeleb_v1.2/FakeAVCeleb_v1.2/FakeVideo-RealAudio/Caucasian (European)/women/id00634/00078_id00633_wavtolip.mp4,1,1,0,1,FAKE,train,-2.0,7.476689338684082,7.466504096984863,1.0,ok,,/Users/jeevikakiran/Documents/USC/Multimodal/Project/syncnet_work_pretrained/pycrop/id00634__00078_id00633_wavtolip__3231afb0a3/00000.avi,0.516204723409407
id03844__00028__36a9d606cf,id03844,-,-,real,A,RealVideo-RealAudio,Caucasian (European),women,00028.mp4,RealVideo-RealAudio/Caucasian (European)/women/id03844,RealVideo-RealAudio/Caucasian (European)/women/id03844/00028.mp4,/Users/jeevikakiran/Documents/USC/Multimodal/Project/FakeAVCeleb_v1.2/FakeAVCeleb_v1.2/RealVideo-RealAudio/Caucasian (European)/women/id03844/00028.mp4,1,0,0,0,REAL,val,0.0,7.004746437072754,8.039823532104492,1.0,ok,,/Users/jeevikakiran/Documents/USC/Multimodal/Project/syncnet_work_pretrained/pycrop/id03844__00028__36a9d606cf/00000.avi,0.3660143805806518
id03599__00072_id07194_wavtolip__5c7b079488,id03599,id07194,-,wav2lip,C,FakeVideo-RealAudio,Asian (South),men,00072_id07194_wavtolip.mp4,FakeVideo-RealAudio/Asian (South)/men/id03599,FakeVideo-RealAudio/Asian (South)/men/id03599/00072_id07194_wavtolip.mp4,/Users/jeevikakiran/Documents/USC/Multimodal/Project/FakeAVCeleb_v1.2/FakeAVCeleb_v1.2/FakeVideo-RealAudio/Asian (South)/men/id03599/00072_id07194_wavtolip.mp4,1,1,0,1,FAKE,train,-2.0,6.1294169425964355,6.870936393737793,1.0,ok,,/Users/jeevikakiran/Documents/USC/Multimodal/Project/syncnet_work_pretrained/pycrop/id03599__00072_id07194_wavtolip__5c7b079488/00000.avi,0.06041847315968748
id04034__00009_fake__ac3a217860,id04034,fake.mp4,-,rtvc,B,RealVideo-FakeAudio,Caucasian (American),men,00009_fake.mp4,RealVideo-FakeAudio/Caucasian (American)/men/id04034,RealVideo-FakeAudio/Caucasian (American)/men/id04034/00009_fake.mp4,/Users/jeevikakiran/Documents/USC/Multimodal/Project/FakeAVCeleb_v1.2/FakeAVCeleb_v1.2/RealVideo-FakeAudio/Caucasian (American)/men/id04034/00009_fake.mp4,1,0,1,1,FAKE,val,15.0,0.9997415542602539,14.63068675994873,1.0,ok,,/Users/jeevikakiran/Documents/USC/Multimodal/Project/syncnet_work_pretrained/pycrop/id04034__00009_fake__ac3a217860/00000.avi,0.999935868509563
id03168__03168__357bbc377a,id03168,-,-,real,A,RealVideo-RealAudio,Asian (East),men,03168.mp4,RealVideo-RealAudio/Asian (East)/men/id03168,RealVideo-RealAudio/Asian (East)/men/id03168/03168.mp4,/Users/jeevikakiran/Documents/USC/Multimodal/Project/FakeAVCeleb_v1.2/FakeAVCeleb_v1.2/RealVideo-RealAudio/Asian (East)/men/id03168/03168.mp4,1,0,0,0,REAL,train,-3.0,6.927424907684326,7.590672969818115,1.0,ok,,/Users/jeevikakiran/Documents/USC/Multimodal/Project/syncnet_work_pretrained/pycrop/id03168__03168__357bbc377a/00000.avi,0.5034403373510354
id00391__00052__0495b8c0ec,id00391,-,-,real,A,RealVideo-RealAudio,African,men,00052.mp4,RealVideo-RealAudio/African/men/id00391,RealVideo-RealAudio/African/men/id00391/00052.mp4,/Users/jeevikakiran/Documents/USC/Multimodal/Project/FakeAVCeleb_v1.2/FakeAVCeleb_v1.2/RealVideo-RealAudio/African/men/id00391/00052.mp4,1,0,0,0,REAL,train,-2.0,7.577029228210449,7.284428119659424,1.0,ok,,/Users/jeevikakiran/Documents/USC/Multimodal/Project/syncnet_work_pretrained/pycrop/id00391__00052__0495b8c0ec/00000.avi,0.47301454198346543
id07163__00141_id03599_wavtolip__7957aa8767,id07163,id03599,-,wav2lip,C,FakeVideo-RealAudio,Asian (South),men,00141_id03599_wavtolip.mp4,FakeVideo-RealAudio/Asian (South)/men/id07163,FakeVideo-RealAudio/Asian (South)/men/id07163/00141_id03599_wavtolip.mp4,/Users/jeevikakiran/Documents/USC/Multimodal/Project/FakeAVCeleb_v1.2/FakeAVCeleb_v1.2/FakeVideo-RealAudio/Asian (South)/men/id07163/00141_id03599_wavtolip.mp4,1,1,0,1,FAKE,val,-2.0,6.627336025238037,7.853195667266846,1.0,ok,,/Users/jeevikakiran/Documents/USC/Multimodal/Project/syncnet_work_pretrained/pycrop/id07163__00141_id03599_wavtolip__7957aa8767/00000.avi,0.3965361344156773
id01210__00283_1_id01168_wavtolip__fa60d9c415,id01210,1,-,faceswap-wav2lip,D,FakeVideo-FakeAudio,Caucasian (American),men,00283_1_id01168_wavtolip.mp4,FakeVideo-FakeAudio/Caucasian (American)/men/id01210,FakeVideo-FakeAudio/Caucasian (American)/men/id01210/00283_1_id01168_wavtolip.mp4,/Users/jeevikakiran/Documents/USC/Multimodal/Project/FakeAVCeleb_v1.2/FakeAVCeleb_v1.2/FakeVideo-FakeAudio/Caucasian (American)/men/id01210/00283_1_id01168_wavtolip.mp4,1,1,1,1,FAKE,train,-2.0,5.174367904663086,9.26866340637207,1.0,ok,,/Users/jeevikakiran/Documents/USC/Multimodal/Project/syncnet_work_pretrained/pycrop/id01210__00283_1_id01168_wavtolip__fa60d9c415/00000.avi,0.5057710982818222
id00428__00017_fake__69a101eb5c,id00428,fake.mp4,-,rtvc,B,RealVideo-FakeAudio,Caucasian (American),women,00017_fake.mp4,RealVideo-FakeAudio/Caucasian (American)/women/id00428,RealVideo-FakeAudio/Caucasian (American)/women/id00428/00017_fake.mp4,/Users/jeevikakiran/Documents/USC/Multimodal/Project/FakeAVCeleb_v1.2/FakeAVCeleb_v1.2/RealVideo-FakeAudio/Caucasian (American)/women/id00428/00017_fake.mp4,1,0,1,1,FAKE,train,12.0,0.7757606506347656,13.853355407714844,1.0,ok,,/Users/jeevikakiran/Documents/USC/Multimodal/Project/syncnet_work_pretrained/pycrop/id00428__00017_fake__69a101eb5c/00000.avi,0.9986661243305311
id00857__00347_id07233_wavtolip__cf669951e5,id00857,id07233,-,wav2lip,D,FakeVideo-FakeAudio,Asian (South),men,00347_id07233_wavtolip.mp4,FakeVideo-FakeAudio/Asian (South)/men/id00857,FakeVideo-FakeAudio/Asian (South)/men/id00857/00347_id07233_wavtolip.mp4,/Users/jeevikakiran/Documents/USC/Multimodal/Project/FakeAVCeleb_v1.2/FakeAVCeleb_v1.2/FakeVideo-FakeAudio/Asian (South)/men/id00857/00347_id07233_wavtolip.mp4,1,1,1,1,FAKE,train,-2.0,4.163082122802734,8.230982780456543,1.0,ok,,/Users/jeevikakiran/Documents/USC/Multimodal/Project/syncnet_work_pretrained/pycrop/id00857__00347_id07233_wavtolip__cf669951e5/00000.avi,0.04385368699153314
id03747__00273_id02824_glby_mycxzw_faceswap__cd36f12319,id03747,id02824,mYcXZw,faceswap,C,FakeVideo-RealAudio,African,women,00273_id02824_glBy_mYcXZw_faceswap.mp4,FakeVideo-RealAudio/African/women/id03747,FakeVideo-RealAudio/African/women/id03747/00273_id02824_glBy_mYcXZw_faceswap.mp4,/Users/jeevikakiran/Documents/USC/Multimodal/Project/FakeAVCeleb_v1.2/FakeAVCeleb_v1.2/FakeVideo-RealAudio/African/women/id03747/00273_id02824_glBy_mYcXZw_faceswap.mp4,1,1,0,1,FAKE,train,-2.0,7.989311218261719,6.984373569488525,1.0,ok,,/Users/jeevikakiran/Documents/USC/Multimodal/Project/syncnet_work_pretrained/pycrop/id03747__00273_id02824_glby_mycxzw_faceswap__cd36f12319/00000.avi,0.48442301041470126
id01691__00045_id01036_aohkamtihxa_id02316_wavtolip__327eb8d283,id01691,id01036,id02316,fsgan-wav2lip,D,FakeVideo-FakeAudio,African,men,00045_id01036_AohKaMtIHxA_id02316_wavtolip.mp4,FakeVideo-FakeAudio/African/men/id01691,FakeVideo-FakeAudio/African/men/id01691/00045_id01036_AohKaMtIHxA_id02316_wavtolip.mp4,/Users/jeevikakiran/Documents/USC/Multimodal/Project/FakeAVCeleb_v1.2/FakeAVCeleb_v1.2/FakeVideo-FakeAudio/African/men/id01691/00045_id01036_AohKaMtIHxA_id02316_wavtolip.mp4,1,1,1,1,FAKE,train,-2.0,8.527044296264648,6.313385963439941,1.0,ok,,/Users/jeevikakiran/Documents/USC/Multimodal/Project/syncnet_work_pretrained/pycrop/id01691__00045_id01036_aohkamtihxa_id02316_wavtolip__327eb8d283/00000.avi,0.3835375223987053
id08314__00028_id07058_wavtolip__5a8a47679a,id08314,id07058,-,wav2lip,C,FakeVideo-RealAudio,Asian (South),men,00028_id07058_wavtolip.mp4,FakeVideo-RealAudio/Asian (South)/men/id08314,FakeVideo-RealAudio/Asian (South)/men/id08314/00028_id07058_wavtolip.mp4,/Users/jeevikakiran/Documents/USC/Multimodal/Project/FakeAVCeleb_v1.2/FakeAVCeleb_v1.2/FakeVideo-RealAudio/Asian (South)/men/id08314/00028_id07058_wavtolip.mp4,1,1,0,1,FAKE,train,-2.0,7.27100944519043,6.960216999053955,1.0,ok,,/Users/jeevikakiran/Documents/USC/Multimodal/Project/syncnet_work_pretrained/pycrop/id08314__00028_id07058_wavtolip__5a8a47679a/00000.avi,0.256375160674838
id01691__00045_id01598_wavtolip__7b12f2f56a,id01691,id01598,-,wav2lip,C,FakeVideo-RealAudio,African,men,00045_id01598_wavtolip.mp4,FakeVideo-RealAudio/African/men/id01691,FakeVideo-RealAudio/African/men/id01691/00045_id01598_wavtolip.mp4,/Users/jeevikakiran/Documents/USC/Multimodal/Project/FakeAVCeleb_v1.2/FakeAVCeleb_v1.2/FakeVideo-RealAudio/African/men/id01691/00045_id01598_wavtolip.mp4,1,1,0,1,FAKE,val,-2.0,6.723371982574463,7.801153182983398,1.0,ok,,/Users/jeevikakiran/Documents/USC/Multimodal/Project/syncnet_work_pretrained/pycrop/id01691__00045_id01598_wavtolip__7b12f2f56a/00000.avi,0.4063328911877316
id05252__00052__cc97acf019,id05252,-,-,real,A,RealVideo-RealAudio,African,women,00052.mp4,RealVideo-RealAudio/African/women/id05252,RealVideo-RealAudio/African/women/id05252/00052.mp4,/Users/jeevikakiran/Documents/USC/Multimodal/Project/FakeAVCeleb_v1.2/FakeAVCeleb_v1.2/RealVideo-RealAudio/African/women/id05252/00052.mp4,1,0,0,0,REAL,val,1.0,8.087114334106445,6.494011402130127,1.0,ok,,/Users/jeevikakiran/Documents/USC/Multimodal/Project/syncnet_work_pretrained/pycrop/id05252__00052__cc97acf019/00000.avi,0.22553721108397212
id00946__00126_id00963_wavtolip__8ebbd833d9,id00946,id00963,-,wav2lip,C,FakeVideo-RealAudio,Caucasian (European),men,00126_id00963_wavtolip.mp4,FakeVideo-RealAudio/Caucasian (European)/men/id00946,FakeVideo-RealAudio/Caucasian (European)/men/id00946/00126_id00963_wavtolip.mp4,/Users/jeevikakiran/Documents/USC/Multimodal/Project/FakeAVCeleb_v1.2/FakeAVCeleb_v1.2/FakeVideo-RealAudio/Caucasian (European)/men/id00946/00126_id00963_wavtolip.mp4,1,1,0,1,FAKE,train,-2.0,5.005043029785156,9.191455841064453,1.0,ok,,/Users/jeevikakiran/Documents/USC/Multimodal/Project/syncnet_work_pretrained/pycrop/id00946__00126_id00963_wavtolip__8ebbd833d9/00000.avi,0.4172862624443451
id04547__00052_id02721_wavtolip__eff5141a25,id04547,id02721,-,wav2lip,C,FakeVideo-RealAudio,African,women,00052_id02721_wavtolip.mp4,FakeVideo-RealAudio/African/women/id04547,FakeVideo-RealAudio/African/women/id04547/00052_id02721_wavtolip.mp4,/Users/jeevikakiran/Documents/USC/Multimodal/Project/FakeAVCeleb_v1.2/FakeAVCeleb_v1.2/FakeVideo-RealAudio/African/women/id04547/00052_id02721_wavtolip.mp4,1,1,0,1,FAKE,train,-2.0,8.149605751037598,6.87979793548584,1.0,ok,,/Users/jeevikakiran/Documents/USC/Multimodal/Project/syncnet_work_pretrained/pycrop/id04547__00052_id02721_wavtolip__eff5141a25/00000.avi,0.4939603189798881
id00909__00037_id01098_wavtolip__2e9e279142,id00909,id01098,-,wav2lip,D,FakeVideo-FakeAudio,Caucasian (European),men,00037_id01098_wavtolip.mp4,FakeVideo-FakeAudio/Caucasian (European)/men/id00909,FakeVideo-FakeAudio/Caucasian (European)/men/id00909/00037_id01098_wavtolip.mp4,/Users/jeevikakiran/Documents/USC/Multimodal/Project/FakeAVCeleb_v1.2/FakeAVCeleb_v1.2/FakeVideo-FakeAudio/Caucasian (European)/men/id00909/00037_id01098_wavtolip.mp4,1,1,1,1,FAKE,train,-2.0,8.465118408203125,7.1258955001831055,1.0,ok,,/Users/jeevikakiran/Documents/USC/Multimodal/Project/syncnet_work_pretrained/pycrop/id00909__00037_id01098_wavtolip__2e9e279142/00000.avi,0.6928732780088707
id00414__00052__187bac020a,id00414,-,-,real,A,RealVideo-RealAudio,Asian (South),men,00052.mp4,RealVideo-RealAudio/Asian (South)/men/id00414,RealVideo-RealAudio/Asian (South)/men/id00414/00052.mp4,/Users/jeevikakiran/Documents/USC/Multimodal/Project/FakeAVCeleb_v1.2/FakeAVCeleb_v1.2/RealVideo-RealAudio/Asian (South)/men/id00414/00052.mp4,1,0,0,0,REAL,train,-4.0,6.170722961425781,8.104619979858398,1.0,ok,,/Users/jeevikakiran/Documents/USC/Multimodal/Project/syncnet_work_pretrained/pycrop/id00414__00052__187bac020a/00000.avi,0.5848347194771041
id01245__00028_id01225_wuzuzom84ws_id00097_wavtolip__029957e954,id01245,id01225,id00097,fsgan-wav2lip,D,FakeVideo-FakeAudio,Caucasian (American),women,00028_id01225_WuzuZoM84Ws_id00097_wavtolip.mp4,FakeVideo-FakeAudio/Caucasian (American)/women/id01245,FakeVideo-FakeAudio/Caucasian (American)/women/id01245/00028_id01225_WuzuZoM84Ws_id00097_wavtolip.mp4,/Users/jeevikakiran/Documents/USC/Multimodal/Project/FakeAVCeleb_v1.2/FakeAVCeleb_v1.2/FakeVideo-FakeAudio/Caucasian (American)/women/id01245/00028_id01225_WuzuZoM84Ws_id00097_wavtolip.mp4,1,1,1,1,FAKE,train,-2.0,9.80794906616211,5.8493452072143555,1.0,ok,,/Users/jeevikakiran/Documents/USC/Multimodal/Project/syncnet_work_pretrained/pycrop/id01245__00028_id01225_wuzuzom84ws_id00097_wavtolip__029957e954/00000.avi,0.612426665775783
id02342__00191__ab0a53ee86,id02342,-,-,real,A,RealVideo-RealAudio,African,men,00191.mp4,RealVideo-RealAudio/African/men/id02342,RealVideo-RealAudio/African/men/id02342/00191.mp4,/Users/jeevikakiran/Documents/USC/Multimodal/Project/FakeAVCeleb_v1.2/FakeAVCeleb_v1.2/RealVideo-RealAudio/African/men/id02342/00191.mp4,1,0,0,0,REAL,train,-1.0,6.259890556335449,8.007176399230957,1.0,ok,,/Users/jeevikakiran/Documents/USC/Multimodal/Project/syncnet_work_pretrained/pycrop/id02342__00191__ab0a53ee86/00000.avi,0.24472469878714834
id01691__00045__48804b7629,id01691,-,-,real,A,RealVideo-RealAudio,African,men,00045.mp4,RealVideo-RealAudio/African/men/id01691,RealVideo-RealAudio/African/men/id01691/00045.mp4,/Users/jeevikakiran/Documents/USC/Multimodal/Project/FakeAVCeleb_v1.2/FakeAVCeleb_v1.2/RealVideo-RealAudio/African/men/id01691/00045.mp4,1,0,0,0,REAL,train,-3.0,6.49957275390625,8.4490385055542,1.0,ok,,/Users/jeevikakiran/Documents/USC/Multimodal/Project/syncnet_work_pretrained/pycrop/id01691__00045__48804b7629/00000.avi,0.7087485075928911
id01058__00005_id00306_cdx55f3nwnc__19507491ad,id01058,id00306,-,fsgan,C,FakeVideo-RealAudio,Caucasian (European),men,00005_id00306_CDX55F3nWNc.mp4,FakeVideo-RealAudio/Caucasian (European)/men/id01058,FakeVideo-RealAudio/Caucasian (European)/men/id01058/00005_id00306_CDX55F3nWNc.mp4,/Users/jeevikakiran/Documents/USC/Multimodal/Project/FakeAVCeleb_v1.2/FakeAVCeleb_v1.2/FakeVideo-RealAudio/Caucasian (European)/men/id01058/00005_id00306_CDX55F3nWNc.mp4,1,1,0,1,FAKE,train,1.0,4.83927059173584,8.979912757873535,1.0,ok,,/Users/jeevikakiran/Documents/USC/Multimodal/Project/syncnet_work_pretrained/pycrop/id01058__00005_id00306_cdx55f3nwnc__19507491ad/00000.avi,0.19977282078552958
id05844__00072_fake__8f8d6059be,id05844,fake.mp4,-,rtvc,B,RealVideo-FakeAudio,Asian (East),women,00072_fake.mp4,RealVideo-FakeAudio/Asian (East)/women/id05844,RealVideo-FakeAudio/Asian (East)/women/id05844/00072_fake.mp4,/Users/jeevikakiran/Documents/USC/Multimodal/Project/FakeAVCeleb_v1.2/FakeAVCeleb_v1.2/RealVideo-FakeAudio/Asian (East)/women/id05844/00072_fake.mp4,1,0,1,1,FAKE,val,9.0,1.6751489639282227,13.792306900024414,1.0,ok,,/Users/jeevikakiran/Documents/USC/Multimodal/Project/syncnet_work_pretrained/pycrop/id05844__00072_fake__8f8d6059be/00000.avi,0.9981579426452266
id00056__00028__a79e98520a,id00056,-,-,real,A,RealVideo-RealAudio,Asian (East),men,00028.mp4,RealVideo-RealAudio/Asian (East)/men/id00056,RealVideo-RealAudio/Asian (East)/men/id00056/00028.mp4,/Users/jeevikakiran/Documents/USC/Multimodal/Project/FakeAVCeleb_v1.2/FakeAVCeleb_v1.2/RealVideo-RealAudio/Asian (East)/men/id00056/00028.mp4,1,0,0,0,REAL,val,-1.0,6.666706085205078,7.090637683868408,1.0,ok,,/Users/jeevikakiran/Documents/USC/Multimodal/Project/syncnet_work_pretrained/pycrop/id00056__00028__a79e98520a/00000.avi,0.10632587774613668
id01175__00025__ac81da8440,id01175,-,-,real,A,RealVideo-RealAudio,Caucasian (American),men,00025.mp4,RealVideo-RealAudio/Caucasian (American)/men/id01175,RealVideo-RealAudio/Caucasian (American)/men/id01175/00025.mp4,/Users/jeevikakiran/Documents/USC/Multimodal/Project/FakeAVCeleb_v1.2/FakeAVCeleb_v1.2/RealVideo-RealAudio/Caucasian (American)/men/id01175/00025.mp4,1,0,0,0,REAL,val,0.0,4.6868438720703125,8.851460456848145,1.0,ok,,/Users/jeevikakiran/Documents/USC/Multimodal/Project/syncnet_work_pretrained/pycrop/id01175__00025__ac81da8440/00000.avi,0.092505023375336
id01544__00044__24f628daa6,id01544,-,-,real,A,RealVideo-RealAudio,African,men,00044.mp4,RealVideo-RealAudio/African/men/id01544,RealVideo-RealAudio/African/men/id01544/00044.mp4,/Users/jeevikakiran/Documents/USC/Multimodal/Project/FakeAVCeleb_v1.2/FakeAVCeleb_v1.2/RealVideo-RealAudio/African/men/id01544/00044.mp4,1,0,0,0,REAL,train,0.0,5.455503463745117,8.814920425415039,1.0,ok,,/Users/jeevikakiran/Documents/USC/Multimodal/Project/syncnet_work_pretrained/pycrop/id01544__00044__24f628daa6/00000.avi,0.21150930417875244
id06054__00010_fake__cebb25b63a,id06054,fake.mp4,-,rtvc,B,RealVideo-FakeAudio,Asian (East),women,00010_fake.mp4,RealVideo-FakeAudio/Asian (East)/women/id06054,RealVideo-FakeAudio/Asian (East)/women/id06054/00010_fake.mp4,/Users/jeevikakiran/Documents/USC/Multimodal/Project/FakeAVCeleb_v1.2/FakeAVCeleb_v1.2/RealVideo-FakeAudio/Asian (East)/women/id06054/00010_fake.mp4,1,0,1,1,FAKE,train,3.0,1.2024202346801758,12.721858978271484,1.0,ok,,/Users/jeevikakiran/Documents/USC/Multimodal/Project/syncnet_work_pretrained/pycrop/id06054__00010_fake__cebb25b63a/00000.avi,0.7323529060566869
id05383__00015__a4c1b87b64,id05383,-,-,real,A,RealVideo-RealAudio,Asian (East),men,00015.mp4,RealVideo-RealAudio/Asian (East)/men/id05383,RealVideo-RealAudio/Asian (East)/men/id05383/00015.mp4,/Users/jeevikakiran/Documents/USC/Multimodal/Project/FakeAVCeleb_v1.2/FakeAVCeleb_v1.2/RealVideo-RealAudio/Asian (East)/men/id05383/00015.mp4,1,0,0,0,REAL,val,-2.0,5.558736801147461,8.057668685913086,1.0,ok,,/Users/jeevikakiran/Documents/USC/Multimodal/Project/syncnet_work_pretrained/pycrop/id05383__00015__a4c1b87b64/00000.avi,0.18157202702464795
id06445__00150__85a65a1a97,id06445,-,-,real,A,RealVideo-RealAudio,Asian (South),women,00150.mp4,RealVideo-RealAudio/Asian (South)/women/id06445,RealVideo-RealAudio/Asian (South)/women/id06445/00150.mp4,/Users/jeevikakiran/Documents/USC/Multimodal/Project/FakeAVCeleb_v1.2/FakeAVCeleb_v1.2/RealVideo-RealAudio/Asian (South)/women/id06445/00150.mp4,1,0,0,0,REAL,train,-2.0,6.680964469909668,8.034971237182617,1.0,ok,,/Users/jeevikakiran/Documents/USC/Multimodal/Project/syncnet_work_pretrained/pycrop/id06445__00150__85a65a1a97/00000.avi,0.48965788088864065
id00029__00288_id00018_wavtolip__bcc268f304,id00029,id00018,-,wav2lip,C,FakeVideo-RealAudio,Caucasian (American),men,00288_id00018_wavtolip.mp4,FakeVideo-RealAudio/Caucasian (American)/men/id00029,FakeVideo-RealAudio/Caucasian (American)/men/id00029/00288_id00018_wavtolip.mp4,/Users/jeevikakiran/Documents/USC/Multimodal/Project/FakeAVCeleb_v1.2/FakeAVCeleb_v1.2/FakeVideo-RealAudio/Caucasian (American)/men/id00029/00288_id00018_wavtolip.mp4,1,1,0,1,FAKE,train,-2.0,9.362113952636719,6.03612756729126,1.0,ok,,/Users/jeevikakiran/Documents/USC/Multimodal/Project/syncnet_work_pretrained/pycrop/id00029__00288_id00018_wavtolip__bcc268f304/00000.avi,0.5438216025254077
id00591__00001__54e7f1c4b2,id00591,-,-,real,A,RealVideo-RealAudio,Caucasian (European),women,00001.mp4,RealVideo-RealAudio/Caucasian (European)/women/id00591,RealVideo-RealAudio/Caucasian (European)/women/id00591/00001.mp4,/Users/jeevikakiran/Documents/USC/Multimodal/Project/FakeAVCeleb_v1.2/FakeAVCeleb_v1.2/RealVideo-RealAudio/Caucasian (European)/women/id00591/00001.mp4,1,0,0,0,REAL,train,-1.0,6.426135063171387,7.780442714691162,1.0,ok,,/Users/jeevikakiran/Documents/USC/Multimodal/Project/syncnet_work_pretrained/pycrop/id00591__00001__54e7f1c4b2/00000.avi,0.21636980745653184
id07799__00063__c1be8ffcf4,id07799,-,-,real,A,RealVideo-RealAudio,Asian (East),women,00063.mp4,RealVideo-RealAudio/Asian (East)/women/id07799,RealVideo-RealAudio/Asian (East)/women/id07799/00063.mp4,/Users/jeevikakiran/Documents/USC/Multimodal/Project/FakeAVCeleb_v1.2/FakeAVCeleb_v1.2/RealVideo-RealAudio/Asian (East)/women/id07799/00063.mp4,1,0,0,0,REAL,train,-6.0,7.11396598815918,7.744078159332275,1.0,ok,,/Users/jeevikakiran/Documents/USC/Multimodal/Project/syncnet_work_pretrained/pycrop/id07799__00063__c1be8ffcf4/00000.avi,0.8751156285092284
id03599__00072__cffab0cce2,id03599,-,-,real,A,RealVideo-RealAudio,Asian (South),men,00072.mp4,RealVideo-RealAudio/Asian (South)/men/id03599,RealVideo-RealAudio/Asian (South)/men/id03599/00072.mp4,/Users/jeevikakiran/Documents/USC/Multimodal/Project/FakeAVCeleb_v1.2/FakeAVCeleb_v1.2/RealVideo-RealAudio/Asian (South)/men/id03599/00072.mp4,1,0,0,0,REAL,train,-3.0,6.328632831573486,7.755195617675781,1.0,ok,,/Users/jeevikakiran/Documents/USC/Multimodal/Project/syncnet_work_pretrained/pycrop/id03599__00072__cffab0cce2/00000.avi,0.37510065406278714
id00306__00015_id01154_tvmocag4a4w__2046411a5f,id00306,id01154,-,fsgan,C,FakeVideo-RealAudio,Caucasian (European),men,00015_id01154_tvmOcaG4A4w.mp4,FakeVideo-RealAudio/Caucasian (European)/men/id00306,FakeVideo-RealAudio/Caucasian (European)/men/id00306/00015_id01154_tvmOcaG4A4w.mp4,/Users/jeevikakiran/Documents/USC/Multimodal/Project/FakeAVCeleb_v1.2/FakeAVCeleb_v1.2/FakeVideo-RealAudio/Caucasian (European)/men/id00306/00015_id01154_tvmOcaG4A4w.mp4,1,1,0,1,FAKE,train,-3.0,4.444070816040039,9.166016578674316,1.0,ok,,/Users/jeevikakiran/Documents/USC/Multimodal/Project/syncnet_work_pretrained/pycrop/id00306__00015_id01154_tvmocag4a4w__2046411a5f/00000.avi,0.3422832357269696
id03589__00002__bc1a3020a5,id03589,-,-,real,A,RealVideo-RealAudio,Caucasian (European),women,00002.mp4,RealVideo-RealAudio/Caucasian (European)/women/id03589,RealVideo-RealAudio/Caucasian (European)/women/id03589/00002.mp4,/Users/jeevikakiran/Documents/USC/Multimodal/Project/FakeAVCeleb_v1.2/FakeAVCeleb_v1.2/RealVideo-RealAudio/Caucasian (European)/women/id03589/00002.mp4,1,0,0,0,REAL,train,2.0,6.931647300720215,7.405079364776611,1.0,ok,,/Users/jeevikakiran/Documents/USC/Multimodal/Project/syncnet_work_pretrained/pycrop/id03589__00002__bc1a3020a5/00000.avi,0.3167779576050303
id02071__00195_id02617_4ezjrxc4flk_id02721_wavtolip__56c90bbd1a,id02071,id02617,id02721,fsgan-wav2lip,D,FakeVideo-FakeAudio,African,women,00195_id02617_4EZjRXC4fLk_id02721_wavtolip.mp4,FakeVideo-FakeAudio/African/women/id02071,FakeVideo-FakeAudio/African/women/id02071/00195_id02617_4EZjRXC4fLk_id02721_wavtolip.mp4,/Users/jeevikakiran/Documents/USC/Multimodal/Project/FakeAVCeleb_v1.2/FakeAVCeleb_v1.2/FakeVideo-FakeAudio/African/women/id02071/00195_id02617_4EZjRXC4fLk_id02721_wavtolip.mp4,1,1,1,1,FAKE,train,-2.0,6.376936912536621,8.224199295043945,1.0,ok,,/Users/jeevikakiran/Documents/USC/Multimodal/Project/syncnet_work_pretrained/pycrop/id02071__00195_id02617_4ezjrxc4flk_id02721_wavtolip__56c90bbd1a/00000.avi,0.4677562206062906
id07686__00254__abb4900acb,id07686,-,-,real,A,RealVideo-RealAudio,Asian (South),women,00254.mp4,RealVideo-RealAudio/Asian (South)/women/id07686,RealVideo-RealAudio/Asian (South)/women/id07686/00254.mp4,/Users/jeevikakiran/Documents/USC/Multimodal/Project/FakeAVCeleb_v1.2/FakeAVCeleb_v1.2/RealVideo-RealAudio/Asian (South)/women/id07686/00254.mp4,1,0,0,0,REAL,train,-3.0,6.634875297546387,8.340545654296875,1.0,ok,,/Users/jeevikakiran/Documents/USC/Multimodal/Project/syncnet_work_pretrained/pycrop/id07686__00254__abb4900acb/00000.avi,0.7083548955844363
id01210__00283__8785614d72,id01210,-,-,real,A,RealVideo-RealAudio,Caucasian (American),men,00283.mp4,RealVideo-RealAudio/Caucasian (American)/men/id01210,RealVideo-RealAudio/Caucasian (American)/men/id01210/00283.mp4,/Users/jeevikakiran/Documents/USC/Multimodal/Project/FakeAVCeleb_v1.2/FakeAVCeleb_v1.2/RealVideo-RealAudio/Caucasian (American)/men/id01210/00283.mp4,1,0,0,0,REAL,val,0.0,6.419628143310547,7.707293510437012,1.0,ok,,/Users/jeevikakiran/Documents/USC/Multimodal/Project/syncnet_work_pretrained/pycrop/id01210__00283__8785614d72/00000.avi,0.1307945946771462
id01661__00059__b453863459,id01661,-,-,real,A,RealVideo-RealAudio,African,women,00059.mp4,RealVideo-RealAudio/African/women/id01661,RealVideo-RealAudio/African/women/id01661/00059.mp4,/Users/jeevikakiran/Documents/USC/Multimodal/Project/FakeAVCeleb_v1.2/FakeAVCeleb_v1.2/RealVideo-RealAudio/African/women/id01661/00059.mp4,1,0,0,0,REAL,train,-3.0,5.495061874389648,8.084590911865234,1.0,ok,,/Users/jeevikakiran/Documents/USC/Multimodal/Project/syncnet_work_pretrained/pycrop/id01661__00059__b453863459/00000.avi,0.2552683548176196
id04564__00417__23d79c0e41,id04564,-,-,real,A,RealVideo-RealAudio,Asian (South),women,00417.mp4,RealVideo-RealAudio/Asian (South)/women/id04564,RealVideo-RealAudio/Asian (South)/women/id04564/00417.mp4,/Users/jeevikakiran/Documents/USC/Multimodal/Project/FakeAVCeleb_v1.2/FakeAVCeleb_v1.2/RealVideo-RealAudio/Asian (South)/women/id04564/00417.mp4,1,0,0,0,REAL,train,-1.0,5.4402923583984375,8.263009071350098,1.0,ok,,/Users/jeevikakiran/Documents/USC/Multimodal/Project/syncnet_work_pretrained/pycrop/id04564__00417__23d79c0e41/00000.avi,0.14274394551741304
id00775__00092_id00049_s_ehtuf_mqy_faceswap_id01096_wavtolip__648f5692ff,id00775,id00049,EHTUF-mQY,faceswap-wav2lip,D,FakeVideo-FakeAudio,Caucasian (American),men,00092_id00049_S_EHTUF-mQY_faceswap_id01096_wavtolip.mp4,FakeVideo-FakeAudio/Caucasian (American)/men/id00775,FakeVideo-FakeAudio/Caucasian (American)/men/id00775/00092_id00049_S_EHTUF-mQY_faceswap_id01096_wavtolip.mp4,/Users/jeevikakiran/Documents/USC/Multimodal/Project/FakeAVCeleb_v1.2/FakeAVCeleb_v1.2/FakeVideo-FakeAudio/Caucasian (American)/men/id00775/00092_id00049_S_EHTUF-mQY_faceswap_id01096_wavtolip.mp4,1,1,1,1,FAKE,val,-2.0,7.765488147735596,6.60369873046875,1.0,ok,,/Users/jeevikakiran/Documents/USC/Multimodal/Project/syncnet_work_pretrained/pycrop/id00775__00092_id00049_s_ehtuf_mqy_faceswap_id01096_wavtolip__648f5692ff/00000.avi,0.26807830558892126
id01096__00037__f3d4b76f70,id01096,-,-,real,A,RealVideo-RealAudio,Caucasian (American),men,00037.mp4,RealVideo-RealAudio/Caucasian (American)/men/id01096,RealVideo-RealAudio/Caucasian (American)/men/id01096/00037.mp4,/Users/jeevikakiran/Documents/USC/Multimodal/Project/FakeAVCeleb_v1.2/FakeAVCeleb_v1.2/RealVideo-RealAudio/Caucasian (American)/men/id01096/00037.mp4,1,0,0,0,REAL,train,0.0,8.029468536376953,7.114319801330566,1.0,ok,,/Users/jeevikakiran/Documents/USC/Multimodal/Project/syncnet_work_pretrained/pycrop/id01096__00037__f3d4b76f70/00000.avi,0.323224877724581
id08402__00092_fake__a6556c2ab1,id08402,fake.mp4,-,rtvc,B,RealVideo-FakeAudio,Asian (East),women,00092_fake.mp4,RealVideo-FakeAudio/Asian (East)/women/id08402,RealVideo-FakeAudio/Asian (East)/women/id08402/00092_fake.mp4,/Users/jeevikakiran/Documents/USC/Multimodal/Project/FakeAVCeleb_v1.2/FakeAVCeleb_v1.2/RealVideo-FakeAudio/Asian (East)/women/id08402/00092_fake.mp4,1,0,1,1,FAKE,train,3.0,1.0818157196044922,14.070915222167969,1.0,ok,,/Users/jeevikakiran/Documents/USC/Multimodal/Project/syncnet_work_pretrained/pycrop/id08402__00092_fake__a6556c2ab1/00000.avi,0.9577734671280115
id03605__00048_id01004_867wlj7gw68_id00841_wavtolip__6a6670e4e4,id03605,id01004,id00841,fsgan-wav2lip,D,FakeVideo-FakeAudio,Caucasian (American),women,00048_id01004_867Wlj7Gw68_id00841_wavtolip.mp4,FakeVideo-FakeAudio/Caucasian (American)/women/id03605,FakeVideo-FakeAudio/Caucasian (American)/women/id03605/00048_id01004_867Wlj7Gw68_id00841_wavtolip.mp4,/Users/jeevikakiran/Documents/USC/Multimodal/Project/FakeAVCeleb_v1.2/FakeAVCeleb_v1.2/FakeVideo-FakeAudio/Caucasian (American)/women/id03605/00048_id01004_867Wlj7Gw68_id00841_wavtolip.mp4,1,1,1,1,FAKE,train,-2.0,5.835331916809082,8.245924949645996,1.0,ok,,/Users/jeevikakiran/Documents/USC/Multimodal/Project/syncnet_work_pretrained/pycrop/id03605__00048_id01004_867wlj7gw68_id00841_wavtolip__6a6670e4e4/00000.avi,0.30625191751419634
id00740__00015_fake__e53f2b2868,id00740,fake.mp4,-,rtvc,B,RealVideo-FakeAudio,Asian (East),men,00015_fake.mp4,RealVideo-FakeAudio/Asian (East)/men/id00740,RealVideo-FakeAudio/Asian (East)/men/id00740/00015_fake.mp4,/Users/jeevikakiran/Documents/USC/Multimodal/Project/FakeAVCeleb_v1.2/FakeAVCeleb_v1.2/RealVideo-FakeAudio/Asian (East)/men/id00740/00015_fake.mp4,1,0,1,1,FAKE,train,6.0,2.6019554138183594,11.192641258239746,1.0,ok,,/Users/jeevikakiran/Documents/USC/Multimodal/Project/syncnet_work_pretrained/pycrop/id00740__00015_fake__e53f2b2868/00000.avi,0.8487282072166334
id00491__00122_fake__83fa7dc1f1,id00491,fake.mp4,-,rtvc,B,RealVideo-FakeAudio,Caucasian (European),women,00122_fake.mp4,RealVideo-FakeAudio/Caucasian (European)/women/id00491,RealVideo-FakeAudio/Caucasian (European)/women/id00491/00122_fake.mp4,/Users/jeevikakiran/Documents/USC/Multimodal/Project/FakeAVCeleb_v1.2/FakeAVCeleb_v1.2/RealVideo-FakeAudio/Caucasian (European)/women/id00491/00122_fake.mp4,1,0,1,1,FAKE,train,-2.0,1.6784629821777344,11.860345840454102,1.0,ok,,/Users/jeevikakiran/Documents/USC/Multimodal/Project/syncnet_work_pretrained/pycrop/id00491__00122_fake__83fa7dc1f1/00000.avi,0.4293267948974582
id01838__00126__bbc416adf4,id01838,-,-,real,A,RealVideo-RealAudio,African,women,00126.mp4,RealVideo-RealAudio/African/women/id01838,RealVideo-RealAudio/African/women/id01838/00126.mp4,/Users/jeevikakiran/Documents/USC/Multimodal/Project/FakeAVCeleb_v1.2/FakeAVCeleb_v1.2/RealVideo-RealAudio/African/women/id01838/00126.mp4,1,0,0,0,REAL,train,-1.0,6.537685394287109,8.043542861938477,1.0,ok,,/Users/jeevikakiran/Documents/USC/Multimodal/Project/syncnet_work_pretrained/pycrop/id01838__00126__bbc416adf4/00000.avi,0.3332292480713
id06427__00138_id00137_l22rc38u5ba__7e9e25edbc,id06427,id00137,-,fsgan,C,FakeVideo-RealAudio,Asian (East),women,00138_id00137_L22Rc38U5BA.mp4,FakeVideo-RealAudio/Asian (East)/women/id06427,FakeVideo-RealAudio/Asian (East)/women/id06427/00138_id00137_L22Rc38U5BA.mp4,/Users/jeevikakiran/Documents/USC/Multimodal/Project/FakeAVCeleb_v1.2/FakeAVCeleb_v1.2/FakeVideo-RealAudio/Asian (East)/women/id06427/00138_id00137_L22Rc38U5BA.mp4,1,1,0,1,FAKE,train,0.0,6.630084037780762,7.213740825653076,1.0,ok,,/Users/jeevikakiran/Documents/USC/Multimodal/Project/syncnet_work_pretrained/pycrop/id06427__00138_id00137_l22rc38u5ba__7e9e25edbc/00000.avi,0.07980535239582359
id00987__00160__c61a7edee4,id00987,-,-,real,A,RealVideo-RealAudio,African,men,00160.mp4,RealVideo-RealAudio/African/men/id00987,RealVideo-RealAudio/African/men/id00987/00160.mp4,/Users/jeevikakiran/Documents/USC/Multimodal/Project/FakeAVCeleb_v1.2/FakeAVCeleb_v1.2/RealVideo-RealAudio/African/men/id00987/00160.mp4,1,0,0,0,REAL,train,-4.0,7.492592811584473,7.289050579071045,1.0,ok,,/Users/jeevikakiran/Documents/USC/Multimodal/Project/syncnet_work_pretrained/pycrop/id00987__00160__c61a7edee4/00000.avi,0.676208903042542
id00190__00072__efbdc972c0,id00190,-,-,real,A,RealVideo-RealAudio,Caucasian (American),women,00072.mp4,RealVideo-RealAudio/Caucasian (American)/women/id00190,RealVideo-RealAudio/Caucasian (American)/women/id00190/00072.mp4,/Users/jeevikakiran/Documents/USC/Multimodal/Project/FakeAVCeleb_v1.2/FakeAVCeleb_v1.2/RealVideo-RealAudio/Caucasian (American)/women/id00190/00072.mp4,1,0,0,0,REAL,train,-1.0,5.4809465408325195,9.22646713256836,1.0,ok,,/Users/jeevikakiran/Documents/USC/Multimodal/Project/syncnet_work_pretrained/pycrop/id00190__00072__efbdc972c0/00000.avi,0.4719131498839758
id01995__00071__f9664af39f,id01995,-,-,real,A,RealVideo-RealAudio,African,men,00071.mp4,RealVideo-RealAudio/African/men/id01995,RealVideo-RealAudio/African/men/id01995/00071.mp4,/Users/jeevikakiran/Documents/USC/Multimodal/Project/FakeAVCeleb_v1.2/FakeAVCeleb_v1.2/RealVideo-RealAudio/African/men/id01995/00071.mp4,1,0,0,0,REAL,train,0.0,6.003273963928223,7.624452590942383,2.0,ok,,/Users/jeevikakiran/Documents/USC/Multimodal/Project/syncnet_work_pretrained/pycrop/id01995__00071__f9664af39f/00001.avi,0.06970447480496081
id07049__00043__30e2bb7908,id07049,-,-,real,A,RealVideo-RealAudio,Asian (South),women,00043.mp4,RealVideo-RealAudio/Asian (South)/women/id07049,RealVideo-RealAudio/Asian (South)/women/id07049/00043.mp4,/Users/jeevikakiran/Documents/USC/Multimodal/Project/FakeAVCeleb_v1.2/FakeAVCeleb_v1.2/RealVideo-RealAudio/Asian (South)/women/id07049/00043.mp4,1,0,0,0,REAL,val,-2.0,7.175786018371582,7.014433860778809,1.0,ok,,/Users/jeevikakiran/Documents/USC/Multimodal/Project/syncnet_work_pretrained/pycrop/id07049__00043__30e2bb7908/00000.avi,0.2495692946444608
id00633__00088__869581a768,id00633,-,-,real,A,RealVideo-RealAudio,Caucasian (European),women,00088.mp4,RealVideo-RealAudio/Caucasian (European)/women/id00633,RealVideo-RealAudio/Caucasian (European)/women/id00633/00088.mp4,/Users/jeevikakiran/Documents/USC/Multimodal/Project/FakeAVCeleb_v1.2/FakeAVCeleb_v1.2/RealVideo-RealAudio/Caucasian (European)/women/id00633/00088.mp4,1,0,0,0,REAL,train,-3.0,7.545880317687988,6.6167521476745605,1.0,ok,,/Users/jeevikakiran/Documents/USC/Multimodal/Project/syncnet_work_pretrained/pycrop/id00633__00088__869581a768/00000.avi,0.30969052176862494
id01225__00300__7444ba7639,id01225,-,-,real,A,RealVideo-RealAudio,Caucasian (American),women,00300.mp4,RealVideo-RealAudio/Caucasian (American)/women/id01225,RealVideo-RealAudio/Caucasian (American)/women/id01225/00300.mp4,/Users/jeevikakiran/Documents/USC/Multimodal/Project/FakeAVCeleb_v1.2/FakeAVCeleb_v1.2/RealVideo-RealAudio/Caucasian (American)/women/id01225/00300.mp4,1,0,0,0,REAL,train,-1.0,7.035776138305664,7.578418731689453,1.0,ok,,/Users/jeevikakiran/Documents/USC/Multimodal/Project/syncnet_work_pretrained/pycrop/id01225__00300__7444ba7639/00000.avi,0.30756133901918836
id00042__00028_id01002_eqtvihjyiso__9546981fe1,id00042,id01002,-,fsgan,C,FakeVideo-RealAudio,Caucasian (European),women,00028_id01002_eQTviHjyISo.mp4,FakeVideo-RealAudio/Caucasian (European)/women/id00042,FakeVideo-RealAudio/Caucasian (European)/women/id00042/00028_id01002_eQTviHjyISo.mp4,/Users/jeevikakiran/Documents/USC/Multimodal/Project/FakeAVCeleb_v1.2/FakeAVCeleb_v1.2/FakeVideo-RealAudio/Caucasian (European)/women/id00042/00028_id01002_eQTviHjyISo.mp4,1,1,0,1,FAKE,train,-2.0,2.649477958679199,10.86936092376709,1.0,ok,,/Users/jeevikakiran/Documents/USC/Multimodal/Project/syncnet_work_pretrained/pycrop/id00042__00028_id01002_eqtvihjyiso__9546981fe1/00000.avi,0.3414936641739568
id03028__00466__dfb03845a2,id03028,-,-,real,A,RealVideo-RealAudio,Asian (East),men,00466.mp4,RealVideo-RealAudio/Asian (East)/men/id03028,RealVideo-RealAudio/Asian (East)/men/id03028/00466.mp4,/Users/jeevikakiran/Documents/USC/Multimodal/Project/FakeAVCeleb_v1.2/FakeAVCeleb_v1.2/RealVideo-RealAudio/Asian (East)/men/id03028/00466.mp4,1,0,0,0,REAL,train,2.0,5.5232343673706055,7.743191242218018,1.0,ok,,/Users/jeevikakiran/Documents/USC/Multimodal/Project/syncnet_work_pretrained/pycrop/id03028__00466__dfb03845a2/00000.avi,0.11066818116596151
id00126__00173_id04774_wavtolip__af863ff294,id00126,id04774,-,wav2lip,C,FakeVideo-RealAudio,Asian (East),men,00173_id04774_wavtolip.mp4,FakeVideo-RealAudio/Asian (East)/men/id00126,FakeVideo-RealAudio/Asian (East)/men/id00126/00173_id04774_wavtolip.mp4,/Users/jeevikakiran/Documents/USC/Multimodal/Project/FakeAVCeleb_v1.2/FakeAVCeleb_v1.2/FakeVideo-RealAudio/Asian (East)/men/id00126/00173_id04774_wavtolip.mp4,1,1,0,1,FAKE,train,-2.0,8.180268287658691,6.591560363769531,1.0,ok,,/Users/jeevikakiran/Documents/USC/Multimodal/Project/syncnet_work_pretrained/pycrop/id00126__00173_id04774_wavtolip__af863ff294/00000.avi,0.38473744772845136
id00371__00099__6148e34b17,id00371,-,-,real,A,RealVideo-RealAudio,African,women,00099.mp4,RealVideo-RealAudio/African/women/id00371,RealVideo-RealAudio/African/women/id00371/00099.mp4,/Users/jeevikakiran/Documents/USC/Multimodal/Project/FakeAVCeleb_v1.2/FakeAVCeleb_v1.2/RealVideo-RealAudio/African/women/id00371/00099.mp4,1,0,0,0,REAL,val,-5.0,5.317549705505371,9.209587097167969,1.0,ok,,/Users/jeevikakiran/Documents/USC/Multimodal/Project/syncnet_work_pretrained/pycrop/id00371__00099__6148e34b17/00000.avi,0.8234186073352808
id07768__00143_fake__fd4e1df126,id07768,fake.mp4,-,rtvc,B,RealVideo-FakeAudio,Asian (South),men,00143_fake.mp4,RealVideo-FakeAudio/Asian (South)/men/id07768,RealVideo-FakeAudio/Asian (South)/men/id07768/00143_fake.mp4,/Users/jeevikakiran/Documents/USC/Multimodal/Project/FakeAVCeleb_v1.2/FakeAVCeleb_v1.2/RealVideo-FakeAudio/Asian (South)/men/id07768/00143_fake.mp4,1,0,1,1,FAKE,train,-15.0,0.7402830123901367,13.080572128295898,1.0,ok,,/Users/jeevikakiran/Documents/USC/Multimodal/Project/syncnet_work_pretrained/pycrop/id07768__00143_fake__fd4e1df126/00000.avi,0.9987599507634813
id01051__00322__7758047fb5,id01051,-,-,real,A,RealVideo-RealAudio,Caucasian (European),men,00322.mp4,RealVideo-RealAudio/Caucasian (European)/men/id01051,RealVideo-RealAudio/Caucasian (European)/men/id01051/00322.mp4,/Users/jeevikakiran/Documents/USC/Multimodal/Project/FakeAVCeleb_v1.2/FakeAVCeleb_v1.2/RealVideo-RealAudio/Caucasian (European)/men/id01051/00322.mp4,1,0,0,0,REAL,train,-1.0,6.921416759490967,7.997834205627441,1.0,ok,,/Users/jeevikakiran/Documents/USC/Multimodal/Project/syncnet_work_pretrained/pycrop/id01051__00322__7758047fb5/00000.avi,0.43611819545557173
id04583__00077_id07008_wavtolip__6807a75274,id04583,id07008,-,wav2lip,C,FakeVideo-RealAudio,Asian (South),women,00077_id07008_wavtolip.mp4,FakeVideo-RealAudio/Asian (South)/women/id04583,FakeVideo-RealAudio/Asian (South)/women/id04583/00077_id07008_wavtolip.mp4,/Users/jeevikakiran/Documents/USC/Multimodal/Project/FakeAVCeleb_v1.2/FakeAVCeleb_v1.2/FakeVideo-RealAudio/Asian (South)/women/id04583/00077_id07008_wavtolip.mp4,1,1,0,1,FAKE,train,-2.0,5.432530403137207,8.888401985168457,1.0,ok,,/Users/jeevikakiran/Documents/USC/Multimodal/Project/syncnet_work_pretrained/pycrop/id04583__00077_id07008_wavtolip__6807a75274/00000.avi,0.43219379317612433
id04057__00015_id01451_vdijbjp23fc__19c3b756fd,id04057,id01451,-,fsgan,C,FakeVideo-RealAudio,Asian (East),women,00015_id01451_VdiJbjp23Fc.mp4,FakeVideo-RealAudio/Asian (East)/women/id04057,FakeVideo-RealAudio/Asian (East)/women/id04057/00015_id01451_VdiJbjp23Fc.mp4,/Users/jeevikakiran/Documents/USC/Multimodal/Project/FakeAVCeleb_v1.2/FakeAVCeleb_v1.2/FakeVideo-RealAudio/Asian (East)/women/id04057/00015_id01451_VdiJbjp23Fc.mp4,1,1,0,1,FAKE,train,2.0,5.251392364501953,8.932944297790527,1.0,ok,,/Users/jeevikakiran/Documents/USC/Multimodal/Project/syncnet_work_pretrained/pycrop/id04057__00015_id01451_vdijbjp23fc__19c3b756fd/00000.avi,0.39167266963183045
id01124__00063_id04219_9llhvp_jydg__5afdcb9ab2,id01124,id04219,-,fsgan,C,FakeVideo-RealAudio,Caucasian (American),men,00063_id04219_9llHvP-jYDg.mp4,FakeVideo-RealAudio/Caucasian (American)/men/id01124,FakeVideo-RealAudio/Caucasian (American)/men/id01124/00063_id04219_9llHvP-jYDg.mp4,/Users/jeevikakiran/Documents/USC/Multimodal/Project/FakeAVCeleb_v1.2/FakeAVCeleb_v1.2/FakeVideo-RealAudio/Caucasian (American)/men/id01124/00063_id04219_9llHvP-jYDg.mp4,1,1,0,1,FAKE,train,-1.0,4.185819625854492,8.644161224365234,1.0,ok,,/Users/jeevikakiran/Documents/USC/Multimodal/Project/syncnet_work_pretrained/pycrop/id01124__00063_id04219_9llhvp_jydg__5afdcb9ab2/00000.avi,0.05576409142549712
id09125__00098__0c62104148,id09125,-,-,real,A,RealVideo-RealAudio,Asian (East),women,00098.mp4,RealVideo-RealAudio/Asian (East)/women/id09125,RealVideo-RealAudio/Asian (East)/women/id09125/00098.mp4,/Users/jeevikakiran/Documents/USC/Multimodal/Project/FakeAVCeleb_v1.2/FakeAVCeleb_v1.2/RealVideo-RealAudio/Asian (East)/women/id09125/00098.mp4,1,0,0,0,REAL,train,1.0,4.948650360107422,8.489792823791504,1.0,ok,,/Users/jeevikakiran/Documents/USC/Multimodal/Project/syncnet_work_pretrained/pycrop/id09125__00098__0c62104148/00000.avi,0.11221567336857886
id05252__00052_id05251_wavtolip__aa7ec32411,id05252,id05251,-,wav2lip,C,FakeVideo-RealAudio,African,women,00052_id05251_wavtolip.mp4,FakeVideo-RealAudio/African/women/id05252,FakeVideo-RealAudio/African/women/id05252/00052_id05251_wavtolip.mp4,/Users/jeevikakiran/Documents/USC/Multimodal/Project/FakeAVCeleb_v1.2/FakeAVCeleb_v1.2/FakeVideo-RealAudio/African/women/id05252/00052_id05251_wavtolip.mp4,1,1,0,1,FAKE,val,-2.0,8.339954376220703,7.088623046875,1.0,ok,,/Users/jeevikakiran/Documents/USC/Multimodal/Project/syncnet_work_pretrained/pycrop/id05252__00052_id05251_wavtolip__aa7ec32411/00000.avi,0.6417797654082152
id00363__00014__e41a7065a6,id00363,-,-,real,A,RealVideo-RealAudio,Asian (East),women,00014.mp4,RealVideo-RealAudio/Asian (East)/women/id00363,RealVideo-RealAudio/Asian (East)/women/id00363/00014.mp4,/Users/jeevikakiran/Documents/USC/Multimodal/Project/FakeAVCeleb_v1.2/FakeAVCeleb_v1.2/RealVideo-RealAudio/Asian (East)/women/id00363/00014.mp4,1,0,0,0,REAL,train,1.0,4.543123245239258,8.848651885986328,1.0,ok,,/Users/jeevikakiran/Documents/USC/Multimodal/Project/syncnet_work_pretrained/pycrop/id00363__00014__e41a7065a6/00000.avi,0.11860045491469441
id00945__00107_id01105_wavtolip__e7e6b24c91,id00945,id01105,-,wav2lip,C,FakeVideo-RealAudio,Caucasian (American),men,00107_id01105_wavtolip.mp4,FakeVideo-RealAudio/Caucasian (American)/men/id00945,FakeVideo-RealAudio/Caucasian (American)/men/id00945/00107_id01105_wavtolip.mp4,/Users/jeevikakiran/Documents/USC/Multimodal/Project/FakeAVCeleb_v1.2/FakeAVCeleb_v1.2/FakeVideo-RealAudio/Caucasian (American)/men/id00945/00107_id01105_wavtolip.mp4,1,1,0,1,FAKE,train,-2.0,5.638075828552246,9.395017623901367,1.0,ok,,/Users/jeevikakiran/Documents/USC/Multimodal/Project/syncnet_work_pretrained/pycrop/id00945__00107_id01105_wavtolip__e7e6b24c91/00000.avi,0.7020762988884648
id02310__00139__bcb53bf6d3,id02310,-,-,real,A,RealVideo-RealAudio,Asian (South),women,00139.mp4,RealVideo-RealAudio/Asian (South)/women/id02310,RealVideo-RealAudio/Asian (South)/women/id02310/00139.mp4,/Users/jeevikakiran/Documents/USC/Multimodal/Project/FakeAVCeleb_v1.2/FakeAVCeleb_v1.2/RealVideo-RealAudio/Asian (South)/women/id02310/00139.mp4,1,0,0,0,REAL,train,-1.0,5.597230911254883,7.959428310394287,1.0,ok,,/Users/jeevikakiran/Documents/USC/Multimodal/Project/syncnet_work_pretrained/pycrop/id02310__00139__bcb53bf6d3/00000.avi,0.10960132312224387
id00461__00043__0b552d7047,id00461,-,-,real,A,RealVideo-RealAudio,Asian (South),women,00043.mp4,RealVideo-RealAudio/Asian (South)/women/id00461,RealVideo-RealAudio/Asian (South)/women/id00461/00043.mp4,/Users/jeevikakiran/Documents/USC/Multimodal/Project/FakeAVCeleb_v1.2/FakeAVCeleb_v1.2/RealVideo-RealAudio/Asian (South)/women/id00461/00043.mp4,1,0,0,0,REAL,train,-1.0,5.815275192260742,8.489481925964355,1.0,ok,,/Users/jeevikakiran/Documents/USC/Multimodal/Project/syncnet_work_pretrained/pycrop/id00461__00043__0b552d7047/00000.avi,0.2873226734977855
id01211__00023_fake__9fbf2a5902,id01211,fake.mp4,-,rtvc,B,RealVideo-FakeAudio,Caucasian (American),men,00023_fake.mp4,RealVideo-FakeAudio/Caucasian (American)/men/id01211,RealVideo-FakeAudio/Caucasian (American)/men/id01211/00023_fake.mp4,/Users/jeevikakiran/Documents/USC/Multimodal/Project/FakeAVCeleb_v1.2/FakeAVCeleb_v1.2/RealVideo-FakeAudio/Caucasian (American)/men/id01211/00023_fake.mp4,1,0,1,1,FAKE,train,-12.0,1.2776708602905273,12.436355590820312,1.0,ok,,/Users/jeevikakiran/Documents/USC/Multimodal/Project/syncnet_work_pretrained/pycrop/id01211__00023_fake__9fbf2a5902/00000.avi,0.9926031634056205
id00287__00005_id01002_eqtvihjyiso__a201ff4cc6,id00287,id01002,-,fsgan,C,FakeVideo-RealAudio,Caucasian (European),women,00005_id01002_eQTviHjyISo.mp4,FakeVideo-RealAudio/Caucasian (European)/women/id00287,FakeVideo-RealAudio/Caucasian (European)/women/id00287/00005_id01002_eQTviHjyISo.mp4,/Users/jeevikakiran/Documents/USC/Multimodal/Project/FakeAVCeleb_v1.2/FakeAVCeleb_v1.2/FakeVideo-RealAudio/Caucasian (European)/women/id00287/00005_id01002_eQTviHjyISo.mp4,1,1,0,1,FAKE,train,-1.0,4.120050430297852,9.96833610534668,1.0,ok,,/Users/jeevikakiran/Documents/USC/Multimodal/Project/syncnet_work_pretrained/pycrop/id00287__00005_id01002_eqtvihjyiso__a201ff4cc6/00000.avi,0.33562813967001864
id00417__00069_fake__4a9955d5e1,id00417,fake.mp4,-,rtvc,B,RealVideo-FakeAudio,Asian (South),women,00069_fake.mp4,RealVideo-FakeAudio/Asian (South)/women/id00417,RealVideo-FakeAudio/Asian (South)/women/id00417/00069_fake.mp4,/Users/jeevikakiran/Documents/USC/Multimodal/Project/FakeAVCeleb_v1.2/FakeAVCeleb_v1.2/RealVideo-FakeAudio/Asian (South)/women/id00417/00069_fake.mp4,1,0,1,1,FAKE,train,10.0,2.6639957427978516,12.610447883605957,2.0,ok,,/Users/jeevikakiran/Documents/USC/Multimodal/Project/syncnet_work_pretrained/pycrop/id00417__00069_fake__4a9955d5e1/00001.avi,0.9977613119255505
id04701__00017__5a4aa15093,id04701,-,-,real,A,RealVideo-RealAudio,Asian (East),women,00017.mp4,RealVideo-RealAudio/Asian (East)/women/id04701,RealVideo-RealAudio/Asian (East)/women/id04701/00017.mp4,/Users/jeevikakiran/Documents/USC/Multimodal/Project/FakeAVCeleb_v1.2/FakeAVCeleb_v1.2/RealVideo-RealAudio/Asian (East)/women/id04701/00017.mp4,1,0,0,0,REAL,val,-2.0,5.628955364227295,7.788970947265625,1.0,ok,,/Users/jeevikakiran/Documents/USC/Multimodal/Project/syncnet_work_pretrained/pycrop/id04701__00017__5a4aa15093/00000.avi,0.13410701459256621
id00126__00173__3cae91d73d,id00126,-,-,real,A,RealVideo-RealAudio,Asian (East),men,00173.mp4,RealVideo-RealAudio/Asian (East)/men/id00126,RealVideo-RealAudio/Asian (East)/men/id00126/00173.mp4,/Users/jeevikakiran/Documents/USC/Multimodal/Project/FakeAVCeleb_v1.2/FakeAVCeleb_v1.2/RealVideo-RealAudio/Asian (East)/men/id00126/00173.mp4,1,0,0,0,REAL,train,-5.0,5.255341529846191,9.160058975219727,1.0,ok,,/Users/jeevikakiran/Documents/USC/Multimodal/Project/syncnet_work_pretrained/pycrop/id00126__00173__3cae91d73d/00000.avi,0.7978338124556325
id00381__00030__3fd6dd23ac,id00381,-,-,real,A,RealVideo-RealAudio,Caucasian (American),women,00030.mp4,RealVideo-RealAudio/Caucasian (American)/women/id00381,RealVideo-RealAudio/Caucasian (American)/women/id00381/00030.mp4,/Users/jeevikakiran/Documents/USC/Multimodal/Project/FakeAVCeleb_v1.2/FakeAVCeleb_v1.2/RealVideo-RealAudio/Caucasian (American)/women/id00381/00030.mp4,1,0,0,0,REAL,train,1.0,7.255975246429443,7.4852986335754395,2.0,ok,,/Users/jeevikakiran/Documents/USC/Multimodal/Project/syncnet_work_pretrained/pycrop/id00381__00030__3fd6dd23ac/00000.avi,0.3376388181812976
id00366__00118_id01637_5vjcpzm8knm_id01835_wavtolip__eab6c6aadf,id00366,id01637,id01835,fsgan-wav2lip,D,FakeVideo-FakeAudio,African,men,00118_id01637_5VjcPZm8knM_id01835_wavtolip.mp4,FakeVideo-FakeAudio/African/men/id00366,FakeVideo-FakeAudio/African/men/id00366/00118_id01637_5VjcPZm8knM_id01835_wavtolip.mp4,/Users/jeevikakiran/Documents/USC/Multimodal/Project/FakeAVCeleb_v1.2/FakeAVCeleb_v1.2/FakeVideo-FakeAudio/African/men/id00366/00118_id01637_5VjcPZm8knM_id01835_wavtolip.mp4,1,1,1,1,FAKE,val,-2.0,6.589857578277588,7.454408168792725,1.0,ok,,/Users/jeevikakiran/Documents/USC/Multimodal/Project/syncnet_work_pretrained/pycrop/id00366__00118_id01637_5vjcpzm8knm_id01835_wavtolip__eab6c6aadf/00000.avi,0.24176365274365486
id02838__00080_id00592_wavtolip__00011adc24,id02838,id00592,-,wav2lip,C,FakeVideo-RealAudio,African,women,00080_id00592_wavtolip.mp4,FakeVideo-RealAudio/African/women/id02838,FakeVideo-RealAudio/African/women/id02838/00080_id00592_wavtolip.mp4,/Users/jeevikakiran/Documents/USC/Multimodal/Project/FakeAVCeleb_v1.2/FakeAVCeleb_v1.2/FakeVideo-RealAudio/African/women/id02838/00080_id00592_wavtolip.mp4,1,1,0,1,FAKE,train,-2.0,7.200993061065674,7.248588562011719,1.0,ok,,/Users/jeevikakiran/Documents/USC/Multimodal/Project/syncnet_work_pretrained/pycrop/id02838__00080_id00592_wavtolip__00011adc24/00000.avi,0.33804124254690376
id00033__00276__9f82503707,id00033,-,-,real,A,RealVideo-RealAudio,Asian (South),men,00276.mp4,RealVideo-RealAudio/Asian (South)/men/id00033,RealVideo-RealAudio/Asian (South)/men/id00033/00276.mp4,/Users/jeevikakiran/Documents/USC/Multimodal/Project/FakeAVCeleb_v1.2/FakeAVCeleb_v1.2/RealVideo-RealAudio/Asian (South)/men/id00033/00276.mp4,1,0,0,0,REAL,train,-2.0,5.456092834472656,8.037727355957031,1.0,ok,,/Users/jeevikakiran/Documents/USC/Multimodal/Project/syncnet_work_pretrained/pycrop/id00033__00276__9f82503707/00000.avi,0.15751663804648233
id03668__00143_id01172_wavtolip__8cdb2e328a,id03668,id01172,-,wav2lip,C,FakeVideo-RealAudio,Caucasian (American),men,00143_id01172_wavtolip.mp4,FakeVideo-RealAudio/Caucasian (American)/men/id03668,FakeVideo-RealAudio/Caucasian (American)/men/id03668/00143_id01172_wavtolip.mp4,/Users/jeevikakiran/Documents/USC/Multimodal/Project/FakeAVCeleb_v1.2/FakeAVCeleb_v1.2/FakeVideo-RealAudio/Caucasian (American)/men/id03668/00143_id01172_wavtolip.mp4,1,1,0,1,FAKE,train,-2.0,9.46822738647461,6.006692886352539,1.0,ok,,/Users/jeevikakiran/Documents/USC/Multimodal/Project/syncnet_work_pretrained/pycrop/id03668__00143_id01172_wavtolip__8cdb2e328a/00000.avi,0.5666395222299371
id05435__00107__b1310dbe65,id05435,-,-,real,A,RealVideo-RealAudio,Asian (South),women,00107.mp4,RealVideo-RealAudio/Asian (South)/women/id05435,RealVideo-RealAudio/Asian (South)/women/id05435/00107.mp4,/Users/jeevikakiran/Documents/USC/Multimodal/Project/FakeAVCeleb_v1.2/FakeAVCeleb_v1.2/RealVideo-RealAudio/Asian (South)/women/id05435/00107.mp4,1,0,0,0,REAL,train,1.0,7.618739128112793,7.670954704284668,1.0,ok,,/Users/jeevikakiran/Documents/USC/Multimodal/Project/syncnet_work_pretrained/pycrop/id05435__00107__b1310dbe65/00000.avi,0.5312566531506199
id00739__00005_id00417_ghizam3v09g__b9d171e535,id00739,id00417,-,fsgan,C,FakeVideo-RealAudio,Asian (South),women,00005_id00417_GhIZam3v09g.mp4,FakeVideo-RealAudio/Asian (South)/women/id00739,FakeVideo-RealAudio/Asian (South)/women/id00739/00005_id00417_GhIZam3v09g.mp4,/Users/jeevikakiran/Documents/USC/Multimodal/Project/FakeAVCeleb_v1.2/FakeAVCeleb_v1.2/FakeVideo-RealAudio/Asian (South)/women/id00739/00005_id00417_GhIZam3v09g.mp4,1,1,0,1,FAKE,train,-2.0,5.199405670166016,8.873672485351562,1.0,ok,,/Users/jeevikakiran/Documents/USC/Multimodal/Project/syncnet_work_pretrained/pycrop/id00739__00005_id00417_ghizam3v09g__b9d171e535/00000.avi,0.3520786802622896
id00857__00347_id04928_wavtolip__5e1e54c72f,id00857,id04928,-,wav2lip,C,FakeVideo-RealAudio,Asian (South),men,00347_id04928_wavtolip.mp4,FakeVideo-RealAudio/Asian (South)/men/id00857,FakeVideo-RealAudio/Asian (South)/men/id00857/00347_id04928_wavtolip.mp4,/Users/jeevikakiran/Documents/USC/Multimodal/Project/FakeAVCeleb_v1.2/FakeAVCeleb_v1.2/FakeVideo-RealAudio/Asian (South)/men/id00857/00347_id04928_wavtolip.mp4,1,1,0,1,FAKE,train,-3.0,5.867880821228027,8.042257308959961,1.0,ok,,/Users/jeevikakiran/Documents/USC/Multimodal/Project/syncnet_work_pretrained/pycrop/id00857__00347_id04928_wavtolip__5e1e54c72f/00000.avi,0.3445820651027667
id00052__00015__139c21e4cc,id00052,-,-,real,A,RealVideo-RealAudio,Caucasian (American),men,00015.mp4,RealVideo-RealAudio/Caucasian (American)/men/id00052,RealVideo-RealAudio/Caucasian (American)/men/id00052/00015.mp4,/Users/jeevikakiran/Documents/USC/Multimodal/Project/FakeAVCeleb_v1.2/FakeAVCeleb_v1.2/RealVideo-RealAudio/Caucasian (American)/men/id00052/00015.mp4,1,0,0,0,REAL,train,-1.0,8.206733703613281,7.352141857147217,1.0,ok,,/Users/jeevikakiran/Documents/USC/Multimodal/Project/syncnet_work_pretrained/pycrop/id00052__00015__139c21e4cc/00000.avi,0.592553988794075
id04561__00248_id07768_wavtolip__e957345c2b,id04561,id07768,-,wav2lip,D,FakeVideo-FakeAudio,Asian (South),men,00248_id07768_wavtolip.mp4,FakeVideo-FakeAudio/Asian (South)/men/id04561,FakeVideo-FakeAudio/Asian (South)/men/id04561/00248_id07768_wavtolip.mp4,/Users/jeevikakiran/Documents/USC/Multimodal/Project/FakeAVCeleb_v1.2/FakeAVCeleb_v1.2/FakeVideo-FakeAudio/Asian (South)/men/id04561/00248_id07768_wavtolip.mp4,1,1,1,1,FAKE,train,-2.0,5.839170455932617,8.609288215637207,1.0,ok,,/Users/jeevikakiran/Documents/USC/Multimodal/Project/syncnet_work_pretrained/pycrop/id04561__00248_id07768_wavtolip__e957345c2b/00000.avi,0.4503131515622596
id01018__00072__1e258c26c1,id01018,-,-,real,A,RealVideo-RealAudio,Caucasian (European),women,00072.mp4,RealVideo-RealAudio/Caucasian (European)/women/id01018,RealVideo-RealAudio/Caucasian (European)/women/id01018/00072.mp4,/Users/jeevikakiran/Documents/USC/Multimodal/Project/FakeAVCeleb_v1.2/FakeAVCeleb_v1.2/RealVideo-RealAudio/Caucasian (European)/women/id01018/00072.mp4,1,0,0,0,REAL,train,-1.0,7.278419017791748,7.4202961921691895,1.0,ok,,/Users/jeevikakiran/Documents/USC/Multimodal/Project/syncnet_work_pretrained/pycrop/id01018__00072__1e258c26c1/00000.avi,0.3200656379399346
id00166__00010__4076c671a8,id00166,-,-,real,A,RealVideo-RealAudio,African,men,00010.mp4,RealVideo-RealAudio/African/men/id00166,RealVideo-RealAudio/African/men/id00166/00010.mp4,/Users/jeevikakiran/Documents/USC/Multimodal/Project/FakeAVCeleb_v1.2/FakeAVCeleb_v1.2/RealVideo-RealAudio/African/men/id00166/00010.mp4,1,0,0,0,REAL,train,1.0,4.710317611694336,9.449374198913574,1.0,ok,,/Users/jeevikakiran/Documents/USC/Multimodal/Project/syncnet_work_pretrained/pycrop/id00166__00010__4076c671a8/00000.avi,0.3168703315578898
id01907__00148_fake__ec224b0fa0,id01907,fake.mp4,-,rtvc,B,RealVideo-FakeAudio,African,women,00148_fake.mp4,RealVideo-FakeAudio/African/women/id01907,RealVideo-FakeAudio/African/women/id01907/00148_fake.mp4,/Users/jeevikakiran/Documents/USC/Multimodal/Project/FakeAVCeleb_v1.2/FakeAVCeleb_v1.2/RealVideo-FakeAudio/African/women/id01907/00148_fake.mp4,1,0,1,1,FAKE,train,-5.0,3.079705238342285,11.557957649230957,1.0,ok,,/Users/jeevikakiran/Documents/USC/Multimodal/Project/syncnet_work_pretrained/pycrop/id01907__00148_fake__ec224b0fa0/00000.avi,0.9245587615637724
id00282__00268_fake__678687a51d,id00282,fake.mp4,-,rtvc,B,RealVideo-FakeAudio,Caucasian (European),men,00268_fake.mp4,RealVideo-FakeAudio/Caucasian (European)/men/id00282,RealVideo-FakeAudio/Caucasian (European)/men/id00282/00268_fake.mp4,/Users/jeevikakiran/Documents/USC/Multimodal/Project/FakeAVCeleb_v1.2/FakeAVCeleb_v1.2/RealVideo-FakeAudio/Caucasian (European)/men/id00282/00268_fake.mp4,1,0,1,1,FAKE,val,-15.0,0.8756446838378906,13.305718421936035,1.0,ok,,/Users/jeevikakiran/Documents/USC/Multimodal/Project/syncnet_work_pretrained/pycrop/id00282__00268_fake__678687a51d/00000.avi,0.9992921245266004
id03678__00078_id00345_wavtolip__2d37bac7c1,id03678,id00345,-,wav2lip,D,FakeVideo-FakeAudio,Caucasian (American),men,00078_id00345_wavtolip.mp4,FakeVideo-FakeAudio/Caucasian (American)/men/id03678,FakeVideo-FakeAudio/Caucasian (American)/men/id03678/00078_id00345_wavtolip.mp4,/Users/jeevikakiran/Documents/USC/Multimodal/Project/FakeAVCeleb_v1.2/FakeAVCeleb_v1.2/FakeVideo-FakeAudio/Caucasian (American)/men/id03678/00078_id00345_wavtolip.mp4,1,1,1,1,FAKE,train,-2.0,9.658377647399902,6.263961315155029,1.0,ok,,/Users/jeevikakiran/Documents/USC/Multimodal/Project/syncnet_work_pretrained/pycrop/id03678__00078_id00345_wavtolip__2d37bac7c1/00000.avi,0.7224987789684628
id03713__00249__95a61f7b09,id03713,-,-,real,A,RealVideo-RealAudio,African,women,00249.mp4,RealVideo-RealAudio/African/women/id03713,RealVideo-RealAudio/African/women/id03713/00249.mp4,/Users/jeevikakiran/Documents/USC/Multimodal/Project/FakeAVCeleb_v1.2/FakeAVCeleb_v1.2/RealVideo-RealAudio/African/women/id03713/00249.mp4,1,0,0,0,REAL,train,0.0,7.736673831939697,7.671744346618652,1.0,ok,,/Users/jeevikakiran/Documents/USC/Multimodal/Project/syncnet_work_pretrained/pycrop/id03713__00249__95a61f7b09/00000.avi,0.4525386709035836
id00863__00069__aa11e452e5,id00863,-,-,real,A,RealVideo-RealAudio,Asian (East),men,00069.mp4,RealVideo-RealAudio/Asian (East)/men/id00863,RealVideo-RealAudio/Asian (East)/men/id00863/00069.mp4,/Users/jeevikakiran/Documents/USC/Multimodal/Project/FakeAVCeleb_v1.2/FakeAVCeleb_v1.2/RealVideo-RealAudio/Asian (East)/men/id00863/00069.mp4,1,0,0,0,REAL,train,-1.0,5.312711715698242,8.157244682312012,1.0,ok,,/Users/jeevikakiran/Documents/USC/Multimodal/Project/syncnet_work_pretrained/pycrop/id00863__00069__aa11e452e5/00000.avi,0.10508248879184993
id01779__00010__0e4c47fed4,id01779,-,-,real,A,RealVideo-RealAudio,African,men,00010.mp4,RealVideo-RealAudio/African/men/id01779,RealVideo-RealAudio/African/men/id01779/00010.mp4,/Users/jeevikakiran/Documents/USC/Multimodal/Project/FakeAVCeleb_v1.2/FakeAVCeleb_v1.2/RealVideo-RealAudio/African/men/id01779/00010.mp4,1,0,0,0,REAL,train,-1.0,6.351766109466553,7.32358980178833,1.0,ok,,/Users/jeevikakiran/Documents/USC/Multimodal/Project/syncnet_work_pretrained/pycrop/id01779__00010__0e4c47fed4/00000.avi,0.10363782153829224
id06388__00005_id01281_ojee5zgwesc_faceswap__bfc8c841a2,id06388,id01281,-,faceswap,C,FakeVideo-RealAudio,Asian (East),women,00005_id01281_ojEe5zGWESc_faceswap.mp4,FakeVideo-RealAudio/Asian (East)/women/id06388,FakeVideo-RealAudio/Asian (East)/women/id06388/00005_id01281_ojEe5zGWESc_faceswap.mp4,/Users/jeevikakiran/Documents/USC/Multimodal/Project/FakeAVCeleb_v1.2/FakeAVCeleb_v1.2/FakeVideo-RealAudio/Asian (East)/women/id06388/00005_id01281_ojEe5zGWESc_faceswap.mp4,1,1,0,1,FAKE,val,-2.0,5.6381330490112305,7.689324855804443,2.0,ok,,/Users/jeevikakiran/Documents/USC/Multimodal/Project/syncnet_work_pretrained/pycrop/id06388__00005_id01281_ojee5zgwesc_faceswap__bfc8c841a2/00000.avi,0.117017524346661
id00076__00109_9_id01528_wavtolip__61aefe5bce,id00076,9,-,faceswap-wav2lip,D,FakeVideo-FakeAudio,African,men,00109_9_id01528_wavtolip.mp4,FakeVideo-FakeAudio/African/men/id00076,FakeVideo-FakeAudio/African/men/id00076/00109_9_id01528_wavtolip.mp4,/Users/jeevikakiran/Documents/USC/Multimodal/Project/FakeAVCeleb_v1.2/FakeAVCeleb_v1.2/FakeVideo-FakeAudio/African/men/id00076/00109_9_id01528_wavtolip.mp4,1,1,1,1,FAKE,train,-2.0,7.170190334320068,7.337026596069336,1.0,ok,,/Users/jeevikakiran/Documents/USC/Multimodal/Project/syncnet_work_pretrained/pycrop/id00076__00109_9_id01528_wavtolip__61aefe5bce/00000.avi,0.36261186406376433
id04601__00118__eeb216ba80,id04601,-,-,real,A,RealVideo-RealAudio,Asian (South),men,00118.mp4,RealVideo-RealAudio/Asian (South)/men/id04601,RealVideo-RealAudio/Asian (South)/men/id04601/00118.mp4,/Users/jeevikakiran/Documents/USC/Multimodal/Project/FakeAVCeleb_v1.2/FakeAVCeleb_v1.2/RealVideo-RealAudio/Asian (South)/men/id04601/00118.mp4,1,0,0,0,REAL,train,-1.0,5.858434200286865,7.856386661529541,1.0,ok,,/Users/jeevikakiran/Documents/USC/Multimodal/Project/syncnet_work_pretrained/pycrop/id04601__00118__eeb216ba80/00000.avi,0.12797907823473323
id00417__00069__b04a239367,id00417,-,-,real,A,RealVideo-RealAudio,Asian (South),women,00069.mp4,RealVideo-RealAudio/Asian (South)/women/id00417,RealVideo-RealAudio/Asian (South)/women/id00417/00069.mp4,/Users/jeevikakiran/Documents/USC/Multimodal/Project/FakeAVCeleb_v1.2/FakeAVCeleb_v1.2/RealVideo-RealAudio/Asian (South)/women/id00417/00069.mp4,1,0,0,0,REAL,train,0.0,5.509220123291016,7.996311187744141,2.0,ok,,/Users/jeevikakiran/Documents/USC/Multimodal/Project/syncnet_work_pretrained/pycrop/id00417__00069__b04a239367/00000.avi,0.06752884720379916
id00374__00311__21f956f055,id00374,-,-,real,A,RealVideo-RealAudio,Caucasian (European),women,00311.mp4,RealVideo-RealAudio/Caucasian (European)/women/id00374,RealVideo-RealAudio/Caucasian (European)/women/id00374/00311.mp4,/Users/jeevikakiran/Documents/USC/Multimodal/Project/FakeAVCeleb_v1.2/FakeAVCeleb_v1.2/RealVideo-RealAudio/Caucasian (European)/women/id00374/00311.mp4,1,0,0,0,REAL,val,3.0,6.564523696899414,8.406133651733398,1.0,ok,,/Users/jeevikakiran/Documents/USC/Multimodal/Project/syncnet_work_pretrained/pycrop/id00374__00311__21f956f055/00000.avi,0.7117468352241807
id04736__00083__011ed50cd7,id04736,-,-,real,A,RealVideo-RealAudio,African,women,00083.mp4,RealVideo-RealAudio/African/women/id04736,RealVideo-RealAudio/African/women/id04736/00083.mp4,/Users/jeevikakiran/Documents/USC/Multimodal/Project/FakeAVCeleb_v1.2/FakeAVCeleb_v1.2/RealVideo-RealAudio/African/women/id04736/00083.mp4,1,0,0,0,REAL,train,1.0,6.126645088195801,8.315876960754395,1.0,ok,,/Users/jeevikakiran/Documents/USC/Multimodal/Project/syncnet_work_pretrained/pycrop/id04736__00083__011ed50cd7/00000.avi,0.31336194162875486
id01058__00005__caa5bbd6b2,id01058,-,-,real,A,RealVideo-RealAudio,Caucasian (European),men,00005.mp4,RealVideo-RealAudio/Caucasian (European)/men/id01058,RealVideo-RealAudio/Caucasian (European)/men/id01058/00005.mp4,/Users/jeevikakiran/Documents/USC/Multimodal/Project/FakeAVCeleb_v1.2/FakeAVCeleb_v1.2/RealVideo-RealAudio/Caucasian (European)/men/id01058/00005.mp4,1,0,0,0,REAL,train,1.0,6.893892765045166,7.418735027313232,1.0,ok,,/Users/jeevikakiran/Documents/USC/Multimodal/Project/syncnet_work_pretrained/pycrop/id01058__00005__caa5bbd6b2/00000.avi,0.21908885584064086
id01610__00090_fake__67c1a5784c,id01610,fake.mp4,-,rtvc,B,RealVideo-FakeAudio,African,men,00090_fake.mp4,RealVideo-FakeAudio/African/men/id01610,RealVideo-FakeAudio/African/men/id01610/00090_fake.mp4,/Users/jeevikakiran/Documents/USC/Multimodal/Project/FakeAVCeleb_v1.2/FakeAVCeleb_v1.2/RealVideo-FakeAudio/African/men/id01610/00090_fake.mp4,1,0,1,1,FAKE,train,-2.0,0.7531757354736328,14.620588302612305,1.0,ok,,/Users/jeevikakiran/Documents/USC/Multimodal/Project/syncnet_work_pretrained/pycrop/id01610__00090_fake__67c1a5784c/00000.avi,0.9582817293844207
id00166__00010_id01637_5vjcpzm8knm_faceswap_id00166_wavtolip__aa86dfcb8b,id00166,id01637,faceswap,faceswap-wav2lip,D,FakeVideo-FakeAudio,African,men,00010_id01637_5VjcPZm8knM_faceswap_id00166_wavtolip.mp4,FakeVideo-FakeAudio/African/men/id00166,FakeVideo-FakeAudio/African/men/id00166/00010_id01637_5VjcPZm8knM_faceswap_id00166_wavtolip.mp4,/Users/jeevikakiran/Documents/USC/Multimodal/Project/FakeAVCeleb_v1.2/FakeAVCeleb_v1.2/FakeVideo-FakeAudio/African/men/id00166/00010_id01637_5VjcPZm8knM_faceswap_id00166_wavtolip.mp4,1,1,1,1,FAKE,train,-2.0,6.844753265380859,7.704987049102783,1.0,ok,,/Users/jeevikakiran/Documents/USC/Multimodal/Project/syncnet_work_pretrained/pycrop/id00166__00010_id01637_5vjcpzm8knm_faceswap_id00166_wavtolip__aa86dfcb8b/00000.avi,0.40639418355079543
id01154__00118__abd3287c74,id01154,-,-,real,A,RealVideo-RealAudio,Caucasian (European),men,00118.mp4,RealVideo-RealAudio/Caucasian (European)/men/id01154,RealVideo-RealAudio/Caucasian (European)/men/id01154/00118.mp4,/Users/jeevikakiran/Documents/USC/Multimodal/Project/FakeAVCeleb_v1.2/FakeAVCeleb_v1.2/RealVideo-RealAudio/Caucasian (European)/men/id01154/00118.mp4,1,0,0,0,REAL,train,2.0,5.272307872772217,7.993978977203369,1.0,ok,,/Users/jeevikakiran/Documents/USC/Multimodal/Project/syncnet_work_pretrained/pycrop/id01154__00118__abd3287c74/00000.avi,0.1195463321918433
id01168__00028_id00943_lxsv2rnbga8__b5dd537e2b,id01168,id00943,-,fsgan,C,FakeVideo-RealAudio,Caucasian (American),men,00028_id00943_LxSv2rnBGA8.mp4,FakeVideo-RealAudio/Caucasian (American)/men/id01168,FakeVideo-RealAudio/Caucasian (American)/men/id01168/00028_id00943_LxSv2rnBGA8.mp4,/Users/jeevikakiran/Documents/USC/Multimodal/Project/FakeAVCeleb_v1.2/FakeAVCeleb_v1.2/FakeVideo-RealAudio/Caucasian (American)/men/id01168/00028_id00943_LxSv2rnBGA8.mp4,1,1,0,1,FAKE,train,-1.0,6.359875202178955,7.037266254425049,1.0,ok,,/Users/jeevikakiran/Documents/USC/Multimodal/Project/syncnet_work_pretrained/pycrop/id01168__00028_id00943_lxsv2rnbga8__b5dd537e2b/00000.avi,0.06724879302107135
id06807__00015__ac40199fb9,id06807,-,-,real,A,RealVideo-RealAudio,Asian (East),men,00015.mp4,RealVideo-RealAudio/Asian (East)/men/id06807,RealVideo-RealAudio/Asian (East)/men/id06807/00015.mp4,/Users/jeevikakiran/Documents/USC/Multimodal/Project/FakeAVCeleb_v1.2/FakeAVCeleb_v1.2/RealVideo-RealAudio/Asian (East)/men/id06807/00015.mp4,1,0,0,0,REAL,train,-1.0,6.917644500732422,7.1079277992248535,1.0,ok,,/Users/jeevikakiran/Documents/USC/Multimodal/Project/syncnet_work_pretrained/pycrop/id06807__00015__ac40199fb9/00000.avi,0.146333713396491
id00944__00135__14fb2956c7,id00944,-,-,real,A,RealVideo-RealAudio,African,men,00135.mp4,RealVideo-RealAudio/African/men/id00944,RealVideo-RealAudio/African/men/id00944/00135.mp4,/Users/jeevikakiran/Documents/USC/Multimodal/Project/FakeAVCeleb_v1.2/FakeAVCeleb_v1.2/RealVideo-RealAudio/African/men/id00944/00135.mp4,1,0,0,0,REAL,train,-1.0,5.749966621398926,8.222135543823242,1.0,ok,,/Users/jeevikakiran/Documents/USC/Multimodal/Project/syncnet_work_pretrained/pycrop/id00944__00135__14fb2956c7/00000.avi,0.1904632056105024
id00305__00113__f63c0236cb,id00305,-,-,real,A,RealVideo-RealAudio,Caucasian (European),men,00113.mp4,RealVideo-RealAudio/Caucasian (European)/men/id00305,RealVideo-RealAudio/Caucasian (European)/men/id00305/00113.mp4,/Users/jeevikakiran/Documents/USC/Multimodal/Project/FakeAVCeleb_v1.2/FakeAVCeleb_v1.2/RealVideo-RealAudio/Caucasian (European)/men/id00305/00113.mp4,1,0,0,0,REAL,train,-1.0,5.804871559143066,8.517509460449219,1.0,ok,,/Users/jeevikakiran/Documents/USC/Multimodal/Project/syncnet_work_pretrained/pycrop/id00305__00113__f63c0236cb/00000.avi,0.29420284874040775
id00100__00028_id00272_vly1bottbrm_id01248_wavtolip__17f86f397e,id00100,id00272,id01248,fsgan-wav2lip,D,FakeVideo-FakeAudio,Caucasian (American),women,00028_id00272_VLY1boTtbRM_id01248_wavtolip.mp4,FakeVideo-FakeAudio/Caucasian (American)/women/id00100,FakeVideo-FakeAudio/Caucasian (American)/women/id00100/00028_id00272_VLY1boTtbRM_id01248_wavtolip.mp4,/Users/jeevikakiran/Documents/USC/Multimodal/Project/FakeAVCeleb_v1.2/FakeAVCeleb_v1.2/FakeVideo-FakeAudio/Caucasian (American)/women/id00100/00028_id00272_VLY1boTtbRM_id01248_wavtolip.mp4,1,1,1,1,FAKE,train,-2.0,9.836618423461914,6.467282772064209,1.0,ok,,/Users/jeevikakiran/Documents/USC/Multimodal/Project/syncnet_work_pretrained/pycrop/id00100__00028_id00272_vly1bottbrm_id01248_wavtolip__17f86f397e/00000.avi,0.8232681028966505
id01001__00086__48d8bc18fa,id01001,-,-,real,A,RealVideo-RealAudio,Caucasian (European),women,00086.mp4,RealVideo-RealAudio/Caucasian (European)/women/id01001,RealVideo-RealAudio/Caucasian (European)/women/id01001/00086.mp4,/Users/jeevikakiran/Documents/USC/Multimodal/Project/FakeAVCeleb_v1.2/FakeAVCeleb_v1.2/RealVideo-RealAudio/Caucasian (European)/women/id01001/00086.mp4,1,0,0,0,REAL,train,-1.0,5.171852111816406,8.711379051208496,1.0,ok,,/Users/jeevikakiran/Documents/USC/Multimodal/Project/syncnet_work_pretrained/pycrop/id01001__00086__48d8bc18fa/00000.avi,0.19852716666373676
id05844__00072__525897928a,id05844,-,-,real,A,RealVideo-RealAudio,Asian (East),women,00072.mp4,RealVideo-RealAudio/Asian (East)/women/id05844,RealVideo-RealAudio/Asian (East)/women/id05844/00072.mp4,/Users/jeevikakiran/Documents/USC/Multimodal/Project/FakeAVCeleb_v1.2/FakeAVCeleb_v1.2/RealVideo-RealAudio/Asian (East)/women/id05844/00072.mp4,1,0,0,0,REAL,train,0.0,4.92852783203125,8.845353126525879,1.0,ok,,/Users/jeevikakiran/Documents/USC/Multimodal/Project/syncnet_work_pretrained/pycrop/id05844__00072__525897928a/00000.avi,0.12237634104500082
id00428__00017__61e3c055ad,id00428,-,-,real,A,RealVideo-RealAudio,Caucasian (American),women,00017.mp4,RealVideo-RealAudio/Caucasian (American)/women/id00428,RealVideo-RealAudio/Caucasian (American)/women/id00428/00017.mp4,/Users/jeevikakiran/Documents/USC/Multimodal/Project/FakeAVCeleb_v1.2/FakeAVCeleb_v1.2/RealVideo-RealAudio/Caucasian (American)/women/id00428/00017.mp4,1,0,0,0,REAL,train,0.0,7.526203632354736,7.343620777130127,1.0,ok,,/Users/jeevikakiran/Documents/USC/Multimodal/Project/syncnet_work_pretrained/pycrop/id00428__00017__61e3c055ad/00000.avi,0.2638742969520639
id04927__00013_fake__0b2a40ae4d,id04927,fake.mp4,-,rtvc,B,RealVideo-FakeAudio,Asian (South),women,00013_fake.mp4,RealVideo-FakeAudio/Asian (South)/women/id04927,RealVideo-FakeAudio/Asian (South)/women/id04927/00013_fake.mp4,/Users/jeevikakiran/Documents/USC/Multimodal/Project/FakeAVCeleb_v1.2/FakeAVCeleb_v1.2/RealVideo-FakeAudio/Asian (South)/women/id04927/00013_fake.mp4,1,0,1,1,FAKE,train,-1.0,2.112330436706543,11.3342866897583,1.0,ok,,/Users/jeevikakiran/Documents/USC/Multimodal/Project/syncnet_work_pretrained/pycrop/id04927__00013_fake__0b2a40ae4d/00000.avi,0.25612597707150475
id00857__00347_fake__aff6dfabe8,id00857,fake.mp4,-,rtvc,B,RealVideo-FakeAudio,Asian (South),men,00347_fake.mp4,RealVideo-FakeAudio/Asian (South)/men/id00857,RealVideo-FakeAudio/Asian (South)/men/id00857/00347_fake.mp4,/Users/jeevikakiran/Documents/USC/Multimodal/Project/FakeAVCeleb_v1.2/FakeAVCeleb_v1.2/RealVideo-FakeAudio/Asian (South)/men/id00857/00347_fake.mp4,1,0,1,1,FAKE,val,-11.0,0.6768569946289062,12.431846618652344,1.0,ok,,/Users/jeevikakiran/Documents/USC/Multimodal/Project/syncnet_work_pretrained/pycrop/id00857__00347_fake__aff6dfabe8/00000.avi,0.9737202887862325
id05931__00013_id02619_wavtolip__7ce6bacd8e,id05931,id02619,-,wav2lip,D,FakeVideo-FakeAudio,Asian (South),women,00013_id02619_wavtolip.mp4,FakeVideo-FakeAudio/Asian (South)/women/id05931,FakeVideo-FakeAudio/Asian (South)/women/id05931/00013_id02619_wavtolip.mp4,/Users/jeevikakiran/Documents/USC/Multimodal/Project/FakeAVCeleb_v1.2/FakeAVCeleb_v1.2/FakeVideo-FakeAudio/Asian (South)/women/id05931/00013_id02619_wavtolip.mp4,1,1,1,1,FAKE,val,-2.0,8.63685417175293,6.131631374359131,1.0,ok,,/Users/jeevikakiran/Documents/USC/Multimodal/Project/syncnet_work_pretrained/pycrop/id05931__00013_id02619_wavtolip__7ce6bacd8e/00000.avi,0.34655296497251636
id06428__00043_id07051_d1c0pl2ap_4_faceswap__ee7a754089,id06428,id07051,faceswap.mp4,faceswap,C,FakeVideo-RealAudio,Asian (South),women,00043_id07051_d1c0Pl2aP_4_faceswap.mp4,FakeVideo-RealAudio/Asian (South)/women/id06428,FakeVideo-RealAudio/Asian (South)/women/id06428/00043_id07051_d1c0Pl2aP_4_faceswap.mp4,/Users/jeevikakiran/Documents/USC/Multimodal/Project/FakeAVCeleb_v1.2/FakeAVCeleb_v1.2/FakeVideo-RealAudio/Asian (South)/women/id06428/00043_id07051_d1c0Pl2aP_4_faceswap.mp4,1,1,0,1,FAKE,train,-1.0,6.183916091918945,8.238151550292969,1.0,ok,,/Users/jeevikakiran/Documents/USC/Multimodal/Project/syncnet_work_pretrained/pycrop/id06428__00043_id07051_d1c0pl2ap_4_faceswap__ee7a754089/00000.avi,0.3017622730073219
id06343__00023__34c9872f3e,id06343,-,-,real,A,RealVideo-RealAudio,Asian (South),women,00023.mp4,RealVideo-RealAudio/Asian (South)/women/id06343,RealVideo-RealAudio/Asian (South)/women/id06343/00023.mp4,/Users/jeevikakiran/Documents/USC/Multimodal/Project/FakeAVCeleb_v1.2/FakeAVCeleb_v1.2/RealVideo-RealAudio/Asian (South)/women/id06343/00023.mp4,1,0,0,0,REAL,train,-5.0,6.0958967208862305,8.487507820129395,1.0,ok,,/Users/jeevikakiran/Documents/USC/Multimodal/Project/syncnet_work_pretrained/pycrop/id06343__00023__34c9872f3e/00000.avi,0.7963146228086914
id01281__00040_fake__2fa23d64ae,id01281,fake.mp4,-,rtvc,B,RealVideo-FakeAudio,Asian (East),women,00040_fake.mp4,RealVideo-FakeAudio/Asian (East)/women/id01281,RealVideo-FakeAudio/Asian (East)/women/id01281/00040_fake.mp4,/Users/jeevikakiran/Documents/USC/Multimodal/Project/FakeAVCeleb_v1.2/FakeAVCeleb_v1.2/RealVideo-FakeAudio/Asian (East)/women/id01281/00040_fake.mp4,1,0,1,1,FAKE,val,11.0,0.5785140991210938,14.887619018554688,1.0,ok,,/Users/jeevikakiran/Documents/USC/Multimodal/Project/syncnet_work_pretrained/pycrop/id01281__00040_fake__2fa23d64ae/00000.avi,0.9995119610610175
id02508__00083_id01532_xnlwp_s_f7q_id00359_wavtolip__e5c6cf57f8,id02508,id01532,f7Q,fsgan-wav2lip,D,FakeVideo-FakeAudio,African,women,00083_id01532_XnlWp_s_f7Q_id00359_wavtolip.mp4,FakeVideo-FakeAudio/African/women/id02508,FakeVideo-FakeAudio/African/women/id02508/00083_id01532_XnlWp_s_f7Q_id00359_wavtolip.mp4,/Users/jeevikakiran/Documents/USC/Multimodal/Project/FakeAVCeleb_v1.2/FakeAVCeleb_v1.2/FakeVideo-FakeAudio/African/women/id02508/00083_id01532_XnlWp_s_f7Q_id00359_wavtolip.mp4,1,1,1,1,FAKE,train,-2.0,7.174251556396484,7.183897495269775,1.0,ok,,/Users/jeevikakiran/Documents/USC/Multimodal/Project/syncnet_work_pretrained/pycrop/id02508__00083_id01532_xnlwp_s_f7q_id00359_wavtolip__e5c6cf57f8/00000.avi,0.3063998355019589
id00707__00052_id05106_wavtolip__5b0d4e56d1,id00707,id05106,-,wav2lip,C,FakeVideo-RealAudio,African,women,00052_id05106_wavtolip.mp4,FakeVideo-RealAudio/African/women/id00707,FakeVideo-RealAudio/African/women/id00707/00052_id05106_wavtolip.mp4,/Users/jeevikakiran/Documents/USC/Multimodal/Project/FakeAVCeleb_v1.2/FakeAVCeleb_v1.2/FakeVideo-RealAudio/African/women/id00707/00052_id05106_wavtolip.mp4,1,1,0,1,FAKE,train,-2.0,7.696770668029785,6.582948684692383,1.0,ok,,/Users/jeevikakiran/Documents/USC/Multimodal/Project/syncnet_work_pretrained/pycrop/id00707__00052_id05106_wavtolip__5b0d4e56d1/00000.avi,0.2438988705580764
id07102__00052__3cf29171e2,id07102,-,-,real,A,RealVideo-RealAudio,Asian (East),men,00052.mp4,RealVideo-RealAudio/Asian (East)/men/id07102,RealVideo-RealAudio/Asian (East)/men/id07102/00052.mp4,/Users/jeevikakiran/Documents/USC/Multimodal/Project/FakeAVCeleb_v1.2/FakeAVCeleb_v1.2/RealVideo-RealAudio/Asian (East)/men/id07102/00052.mp4,1,0,0,0,REAL,train,2.0,7.214015960693359,7.365274429321289,1.0,ok,,/Users/jeevikakiran/Documents/USC/Multimodal/Project/syncnet_work_pretrained/pycrop/id07102__00052__3cf29171e2/00000.avi,0.3875323660273716
id00056__00028_id07102_4gkplwvjpsi_faceswap_id04691_wavtolip__27d159a458,id00056,id07102,faceswap,faceswap-wav2lip,D,FakeVideo-FakeAudio,Asian (East),men,00028_id07102_4gKPlwvjpsI_faceswap_id04691_wavtolip.mp4,FakeVideo-FakeAudio/Asian (East)/men/id00056,FakeVideo-FakeAudio/Asian (East)/men/id00056/00028_id07102_4gKPlwvjpsI_faceswap_id04691_wavtolip.mp4,/Users/jeevikakiran/Documents/USC/Multimodal/Project/FakeAVCeleb_v1.2/FakeAVCeleb_v1.2/FakeVideo-FakeAudio/Asian (East)/men/id00056/00028_id07102_4gKPlwvjpsI_faceswap_id04691_wavtolip.mp4,1,1,1,1,FAKE,train,-2.0,6.877059459686279,7.482451438903809,1.0,ok,,/Users/jeevikakiran/Documents/USC/Multimodal/Project/syncnet_work_pretrained/pycrop/id00056__00028_id07102_4gkplwvjpsi_faceswap_id04691_wavtolip__27d159a458/00000.avi,0.32934463986030216
id00264__00257_fake__96f2aaf97b,id00264,fake.mp4,-,rtvc,B,RealVideo-FakeAudio,Caucasian (American),men,00257_fake.mp4,RealVideo-FakeAudio/Caucasian (American)/men/id00264,RealVideo-FakeAudio/Caucasian (American)/men/id00264/00257_fake.mp4,/Users/jeevikakiran/Documents/USC/Multimodal/Project/FakeAVCeleb_v1.2/FakeAVCeleb_v1.2/RealVideo-FakeAudio/Caucasian (American)/men/id00264/00257_fake.mp4,1,0,1,1,FAKE,train,15.0,2.1646652221679688,11.89039421081543,1.0,ok,,/Users/jeevikakiran/Documents/USC/Multimodal/Project/syncnet_work_pretrained/pycrop/id00264__00257_fake__96f2aaf97b/00000.avi,0.998628183475009
id00264__00257_id03757_l_m_xbdflqm_id00943_wavtolip__6cf48d0eb2,id00264,id03757,id00943,fsgan-wav2lip,D,FakeVideo-FakeAudio,Caucasian (American),men,00257_id03757_L-M-XbdFLQM_id00943_wavtolip.mp4,FakeVideo-FakeAudio/Caucasian (American)/men/id00264,FakeVideo-FakeAudio/Caucasian (American)/men/id00264/00257_id03757_L-M-XbdFLQM_id00943_wavtolip.mp4,/Users/jeevikakiran/Documents/USC/Multimodal/Project/FakeAVCeleb_v1.2/FakeAVCeleb_v1.2/FakeVideo-FakeAudio/Caucasian (American)/men/id00264/00257_id03757_L-M-XbdFLQM_id00943_wavtolip.mp4,1,1,1,1,FAKE,train,-2.0,7.771113395690918,7.155879020690918,1.0,ok,,/Users/jeevikakiran/Documents/USC/Multimodal/Project/syncnet_work_pretrained/pycrop/id00264__00257_id03757_l_m_xbdflqm_id00943_wavtolip__6cf48d0eb2/00000.avi,0.4837336708642915
id06388__00005_id06060_wavtolip__0e2287ddbd,id06388,id06060,-,wav2lip,C,FakeVideo-RealAudio,Asian (East),women,00005_id06060_wavtolip.mp4,FakeVideo-RealAudio/Asian (East)/women/id06388,FakeVideo-RealAudio/Asian (East)/women/id06388/00005_id06060_wavtolip.mp4,/Users/jeevikakiran/Documents/USC/Multimodal/Project/FakeAVCeleb_v1.2/FakeAVCeleb_v1.2/FakeVideo-RealAudio/Asian (East)/women/id06388/00005_id06060_wavtolip.mp4,1,1,0,1,FAKE,train,-2.0,7.678996562957764,7.5946197509765625,2.0,ok,,/Users/jeevikakiran/Documents/USC/Multimodal/Project/syncnet_work_pretrained/pycrop/id06388__00005_id06060_wavtolip__0e2287ddbd/00001.avi,0.6345805762520875
id01231__00015__6e99bc9824,id01231,-,-,real,A,RealVideo-RealAudio,Caucasian (American),women,00015.mp4,RealVideo-RealAudio/Caucasian (American)/women/id01231,RealVideo-RealAudio/Caucasian (American)/women/id01231/00015.mp4,/Users/jeevikakiran/Documents/USC/Multimodal/Project/FakeAVCeleb_v1.2/FakeAVCeleb_v1.2/RealVideo-RealAudio/Caucasian (American)/women/id01231/00015.mp4,1,0,0,0,REAL,train,-1.0,7.770899772644043,7.480876445770264,1.0,ok,,/Users/jeevikakiran/Documents/USC/Multimodal/Project/syncnet_work_pretrained/pycrop/id01231__00015__6e99bc9824/00000.avi,0.5020464515438711
id01598__00044_id02342_wavtolip__2d2d5b5479,id01598,id02342,-,wav2lip,C,FakeVideo-RealAudio,African,men,00044_id02342_wavtolip.mp4,FakeVideo-RealAudio/African/men/id01598,FakeVideo-RealAudio/African/men/id01598/00044_id02342_wavtolip.mp4,/Users/jeevikakiran/Documents/USC/Multimodal/Project/FakeAVCeleb_v1.2/FakeAVCeleb_v1.2/FakeVideo-RealAudio/African/men/id01598/00044_id02342_wavtolip.mp4,1,1,0,1,FAKE,train,-2.0,7.863962650299072,7.0452399253845215,1.0,ok,,/Users/jeevikakiran/Documents/USC/Multimodal/Project/syncnet_work_pretrained/pycrop/id01598__00044_id02342_wavtolip__2d2d5b5479/00000.avi,0.46817786368992254
id00832__00078_id03569_yo0eppm9p_8__05d9a8176b,id00832,id03569,-,fsgan,C,FakeVideo-RealAudio,African,women,00078_id03569_YO0EpPm9p-8.mp4,FakeVideo-RealAudio/African/women/id00832,FakeVideo-RealAudio/African/women/id00832/00078_id03569_YO0EpPm9p-8.mp4,/Users/jeevikakiran/Documents/USC/Multimodal/Project/FakeAVCeleb_v1.2/FakeAVCeleb_v1.2/FakeVideo-RealAudio/African/women/id00832/00078_id03569_YO0EpPm9p-8.mp4,1,1,0,1,FAKE,train,2.0,4.545932769775391,8.414530754089355,1.0,ok,,/Users/jeevikakiran/Documents/USC/Multimodal/Project/syncnet_work_pretrained/pycrop/id00832__00078_id03569_yo0eppm9p_8__05d9a8176b/00000.avi,0.09451696374594318
id05434__00052__e324c1d7a4,id05434,-,-,real,A,RealVideo-RealAudio,Asian (South),women,00052.mp4,RealVideo-RealAudio/Asian (South)/women/id05434,RealVideo-RealAudio/Asian (South)/women/id05434/00052.mp4,/Users/jeevikakiran/Documents/USC/Multimodal/Project/FakeAVCeleb_v1.2/FakeAVCeleb_v1.2/RealVideo-RealAudio/Asian (South)/women/id05434/00052.mp4,1,0,0,0,REAL,val,-5.0,3.384305953979492,10.060117721557617,1.0,ok,,/Users/jeevikakiran/Documents/USC/Multimodal/Project/syncnet_work_pretrained/pycrop/id05434__00052__e324c1d7a4/00000.avi,0.5953915082742514
id02948__00298_id00592_wavtolip__1003947ad2,id02948,id00592,-,wav2lip,C,FakeVideo-RealAudio,African,women,00298_id00592_wavtolip.mp4,FakeVideo-RealAudio/African/women/id02948,FakeVideo-RealAudio/African/women/id02948/00298_id00592_wavtolip.mp4,/Users/jeevikakiran/Documents/USC/Multimodal/Project/FakeAVCeleb_v1.2/FakeAVCeleb_v1.2/FakeVideo-RealAudio/African/women/id02948/00298_id00592_wavtolip.mp4,1,1,0,1,FAKE,train,-2.0,6.305000305175781,8.243677139282227,1.0,ok,,/Users/jeevikakiran/Documents/USC/Multimodal/Project/syncnet_work_pretrained/pycrop/id02948__00298_id00592_wavtolip__1003947ad2/00000.avi,0.45199595225735756
id00813__00169_id00897_0ayfw8jhoyi_id00330_wavtolip__553bc3da9d,id00813,id00897,id00330,fsgan-wav2lip,D,FakeVideo-FakeAudio,Caucasian (European),women,00169_id00897_0ayFw8JhoyI_id00330_wavtolip.mp4,FakeVideo-FakeAudio/Caucasian (European)/women/id00813,FakeVideo-FakeAudio/Caucasian (European)/women/id00813/00169_id00897_0ayFw8JhoyI_id00330_wavtolip.mp4,/Users/jeevikakiran/Documents/USC/Multimodal/Project/FakeAVCeleb_v1.2/FakeAVCeleb_v1.2/FakeVideo-FakeAudio/Caucasian (European)/women/id00813/00169_id00897_0ayFw8JhoyI_id00330_wavtolip.mp4,1,1,1,1,FAKE,val,-2.0,8.698979377746582,6.46333646774292,1.0,ok,,/Users/jeevikakiran/Documents/USC/Multimodal/Project/syncnet_work_pretrained/pycrop/id00813__00169_id00897_0ayfw8jhoyi_id00330_wavtolip__553bc3da9d/00000.avi,0.5021734306893183
id00829__00271__6c8e6c17a3,id00829,-,-,real,A,RealVideo-RealAudio,African,women,00271.mp4,RealVideo-RealAudio/African/women/id00829,RealVideo-RealAudio/African/women/id00829/00271.mp4,/Users/jeevikakiran/Documents/USC/Multimodal/Project/FakeAVCeleb_v1.2/FakeAVCeleb_v1.2/RealVideo-RealAudio/African/women/id00829/00271.mp4,1,0,0,0,REAL,train,-2.0,6.218862533569336,8.454166412353516,1.0,ok,,/Users/jeevikakiran/Documents/USC/Multimodal/Project/syncnet_work_pretrained/pycrop/id00829__00271__6c8e6c17a3/00000.avi,0.5118081650506562
id04927__00013__228415fd33,id04927,-,-,real,A,RealVideo-RealAudio,Asian (South),women,00013.mp4,RealVideo-RealAudio/Asian (South)/women/id04927,RealVideo-RealAudio/Asian (South)/women/id04927/00013.mp4,/Users/jeevikakiran/Documents/USC/Multimodal/Project/FakeAVCeleb_v1.2/FakeAVCeleb_v1.2/RealVideo-RealAudio/Asian (South)/women/id04927/00013.mp4,1,0,0,0,REAL,train,-1.0,5.295848846435547,8.249902725219727,1.0,ok,,/Users/jeevikakiran/Documents/USC/Multimodal/Project/syncnet_work_pretrained/pycrop/id04927__00013__228415fd33/00000.avi,0.11834363010279947
id04564__00417_id04530_wavtolip__2d889ee0bd,id04564,id04530,-,wav2lip,D,FakeVideo-FakeAudio,Asian (South),women,00417_id04530_wavtolip.mp4,FakeVideo-FakeAudio/Asian (South)/women/id04564,FakeVideo-FakeAudio/Asian (South)/women/id04564/00417_id04530_wavtolip.mp4,/Users/jeevikakiran/Documents/USC/Multimodal/Project/FakeAVCeleb_v1.2/FakeAVCeleb_v1.2/FakeVideo-FakeAudio/Asian (South)/women/id04564/00417_id04530_wavtolip.mp4,1,1,1,1,FAKE,train,-2.0,7.74164342880249,7.0273356437683105,1.0,ok,,/Users/jeevikakiran/Documents/USC/Multimodal/Project/syncnet_work_pretrained/pycrop/id04564__00417_id04530_wavtolip__2d889ee0bd/00000.avi,0.4203203725871705
id05268__00010_fake__9e1da87e7d,id05268,fake.mp4,-,rtvc,B,RealVideo-FakeAudio,Asian (East),men,00010_fake.mp4,RealVideo-FakeAudio/Asian (East)/men/id05268,RealVideo-FakeAudio/Asian (East)/men/id05268/00010_fake.mp4,/Users/jeevikakiran/Documents/USC/Multimodal/Project/FakeAVCeleb_v1.2/FakeAVCeleb_v1.2/RealVideo-FakeAudio/Asian (East)/men/id05268/00010_fake.mp4,1,0,1,1,FAKE,train,13.0,1.1916656494140625,11.337983131408691,1.0,ok,,/Users/jeevikakiran/Documents/USC/Multimodal/Project/syncnet_work_pretrained/pycrop/id05268__00010_fake__9e1da87e7d/00000.avi,0.9678769064027722
id00495__00027_id00496_wavtolip__7d51e6b3ec,id00495,id00496,-,wav2lip,C,FakeVideo-RealAudio,Caucasian (European),women,00027_id00496_wavtolip.mp4,FakeVideo-RealAudio/Caucasian (European)/women/id00495,FakeVideo-RealAudio/Caucasian (European)/women/id00495/00027_id00496_wavtolip.mp4,/Users/jeevikakiran/Documents/USC/Multimodal/Project/FakeAVCeleb_v1.2/FakeAVCeleb_v1.2/FakeVideo-RealAudio/Caucasian (European)/women/id00495/00027_id00496_wavtolip.mp4,1,1,0,1,FAKE,train,-2.0,8.84097957611084,6.764699935913086,1.0,ok,,/Users/jeevikakiran/Documents/USC/Multimodal/Project/syncnet_work_pretrained/pycrop/id00495__00027_id00496_wavtolip__7d51e6b3ec/00000.avi,0.6698188605824381
id00430__00209__32cccfaaa6,id00430,-,-,real,A,RealVideo-RealAudio,Asian (East),women,00209.mp4,RealVideo-RealAudio/Asian (East)/women/id00430,RealVideo-RealAudio/Asian (East)/women/id00430/00209.mp4,/Users/jeevikakiran/Documents/USC/Multimodal/Project/FakeAVCeleb_v1.2/FakeAVCeleb_v1.2/RealVideo-RealAudio/Asian (East)/women/id00430/00209.mp4,1,0,0,0,REAL,train,0.0,4.537290573120117,8.993368148803711,1.0,ok,,/Users/jeevikakiran/Documents/USC/Multimodal/Project/syncnet_work_pretrained/pycrop/id00430__00209__32cccfaaa6/00000.avi,0.09584963372265735
id01236__00005__661511513f,id01236,-,-,real,A,RealVideo-RealAudio,African,men,00005.mp4,RealVideo-RealAudio/African/men/id01236,RealVideo-RealAudio/African/men/id01236/00005.mp4,/Users/jeevikakiran/Documents/USC/Multimodal/Project/FakeAVCeleb_v1.2/FakeAVCeleb_v1.2/RealVideo-RealAudio/African/men/id01236/00005.mp4,1,0,0,0,REAL,val,0.0,6.685185432434082,8.50529956817627,1.0,ok,,/Users/jeevikakiran/Documents/USC/Multimodal/Project/syncnet_work_pretrained/pycrop/id01236__00005__661511513f/00000.avi,0.45220152099901156
id00282__00268__e09745bbb1,id00282,-,-,real,A,RealVideo-RealAudio,Caucasian (European),men,00268.mp4,RealVideo-RealAudio/Caucasian (European)/men/id00282,RealVideo-RealAudio/Caucasian (European)/men/id00282/00268.mp4,/Users/jeevikakiran/Documents/USC/Multimodal/Project/FakeAVCeleb_v1.2/FakeAVCeleb_v1.2/RealVideo-RealAudio/Caucasian (European)/men/id00282/00268.mp4,1,0,0,0,REAL,train,-4.0,7.01969051361084,7.707338809967041,1.0,ok,,/Users/jeevikakiran/Documents/USC/Multimodal/Project/syncnet_work_pretrained/pycrop/id00282__00268__e09745bbb1/00000.avi,0.6919021814667267
id01026__00083__84b1cb2e94,id01026,-,-,real,A,RealVideo-RealAudio,Asian (South),women,00083.mp4,RealVideo-RealAudio/Asian (South)/women/id01026,RealVideo-RealAudio/Asian (South)/women/id01026/00083.mp4,/Users/jeevikakiran/Documents/USC/Multimodal/Project/FakeAVCeleb_v1.2/FakeAVCeleb_v1.2/RealVideo-RealAudio/Asian (South)/women/id01026/00083.mp4,1,0,0,0,REAL,train,-2.0,4.885595321655273,8.644445419311523,1.0,ok,,/Users/jeevikakiran/Documents/USC/Multimodal/Project/syncnet_work_pretrained/pycrop/id01026__00083__84b1cb2e94/00000.avi,0.19514586585623944
id00291__00052__07c66462b7,id00291,-,-,real,A,RealVideo-RealAudio,Caucasian (American),women,00052.mp4,RealVideo-RealAudio/Caucasian (American)/women/id00291,RealVideo-RealAudio/Caucasian (American)/women/id00291/00052.mp4,/Users/jeevikakiran/Documents/USC/Multimodal/Project/FakeAVCeleb_v1.2/FakeAVCeleb_v1.2/RealVideo-RealAudio/Caucasian (American)/women/id00291/00052.mp4,1,0,0,0,REAL,train,-1.0,6.548303127288818,7.922539234161377,1.0,ok,,/Users/jeevikakiran/Documents/USC/Multimodal/Project/syncnet_work_pretrained/pycrop/id00291__00052__07c66462b7/00000.avi,0.29243533257807586
id06061__00002__f0cf6aae2c,id06061,-,-,real,A,RealVideo-RealAudio,Asian (East),women,00002.mp4,RealVideo-RealAudio/Asian (East)/women/id06061,RealVideo-RealAudio/Asian (East)/women/id06061/00002.mp4,/Users/jeevikakiran/Documents/USC/Multimodal/Project/FakeAVCeleb_v1.2/FakeAVCeleb_v1.2/RealVideo-RealAudio/Asian (East)/women/id06061/00002.mp4,1,0,0,0,REAL,train,-2.0,7.5540771484375,6.909487724304199,1.0,ok,,/Users/jeevikakiran/Documents/USC/Multimodal/Project/syncnet_work_pretrained/pycrop/id06061__00002__f0cf6aae2c/00000.avi,0.3161610016945223
id01035__00012_fake__b61cf857f2,id01035,fake.mp4,-,rtvc,B,RealVideo-FakeAudio,Caucasian (American),men,00012_fake.mp4,RealVideo-FakeAudio/Caucasian (American)/men/id01035,RealVideo-FakeAudio/Caucasian (American)/men/id01035/00012_fake.mp4,/Users/jeevikakiran/Documents/USC/Multimodal/Project/FakeAVCeleb_v1.2/FakeAVCeleb_v1.2/RealVideo-FakeAudio/Caucasian (American)/men/id01035/00012_fake.mp4,1,0,1,1,FAKE,train,-5.0,1.3730058670043945,12.567285537719727,1.0,ok,,/Users/jeevikakiran/Documents/USC/Multimodal/Project/syncnet_work_pretrained/pycrop/id01035__00012_fake__b61cf857f2/00000.avi,0.8725708039473743
id01245__00028__92c2079eab,id01245,-,-,real,A,RealVideo-RealAudio,Caucasian (American),women,00028.mp4,RealVideo-RealAudio/Caucasian (American)/women/id01245,RealVideo-RealAudio/Caucasian (American)/women/id01245/00028.mp4,/Users/jeevikakiran/Documents/USC/Multimodal/Project/FakeAVCeleb_v1.2/FakeAVCeleb_v1.2/RealVideo-RealAudio/Caucasian (American)/women/id01245/00028.mp4,1,0,0,0,REAL,train,-1.0,7.831408977508545,6.9993157386779785,1.0,ok,,/Users/jeevikakiran/Documents/USC/Multimodal/Project/syncnet_work_pretrained/pycrop/id01245__00028__92c2079eab/00000.avi,0.3266447681900386
id00826__00065__a95b99f799,id00826,-,-,real,A,RealVideo-RealAudio,Caucasian (European),women,00065.mp4,RealVideo-RealAudio/Caucasian (European)/women/id00826,RealVideo-RealAudio/Caucasian (European)/women/id00826/00065.mp4,/Users/jeevikakiran/Documents/USC/Multimodal/Project/FakeAVCeleb_v1.2/FakeAVCeleb_v1.2/RealVideo-RealAudio/Caucasian (European)/women/id00826/00065.mp4,1,0,0,0,REAL,train,1.0,5.651584625244141,8.277656555175781,1.0,ok,,/Users/jeevikakiran/Documents/USC/Multimodal/Project/syncnet_work_pretrained/pycrop/id00826__00065__a95b99f799/00000.avi,0.18466620168839715
id00685__00146_id00745_eodnd1ul7ve__26569d8e7e,id00685,id00745,-,fsgan,C,FakeVideo-RealAudio,Asian (South),men,00146_id00745_eODND1ul7vE.mp4,FakeVideo-RealAudio/Asian (South)/men/id00685,FakeVideo-RealAudio/Asian (South)/men/id00685/00146_id00745_eODND1ul7vE.mp4,/Users/jeevikakiran/Documents/USC/Multimodal/Project/FakeAVCeleb_v1.2/FakeAVCeleb_v1.2/FakeVideo-RealAudio/Asian (South)/men/id00685/00146_id00745_eODND1ul7vE.mp4,1,1,0,1,FAKE,train,-2.0,2.9412975311279297,11.066908836364746,1.0,ok,,/Users/jeevikakiran/Documents/USC/Multimodal/Project/syncnet_work_pretrained/pycrop/id00685__00146_id00745_eodnd1ul7ve__26569d8e7e/00000.avi,0.5168565414752706
id00816__00118__cbd1c5454c,id00816,-,-,real,A,RealVideo-RealAudio,Asian (South),men,00118.mp4,RealVideo-RealAudio/Asian (South)/men/id00816,RealVideo-RealAudio/Asian (South)/men/id00816/00118.mp4,/Users/jeevikakiran/Documents/USC/Multimodal/Project/FakeAVCeleb_v1.2/FakeAVCeleb_v1.2/RealVideo-RealAudio/Asian (South)/men/id00816/00118.mp4,1,0,0,0,REAL,train,-4.0,5.027875900268555,8.658259391784668,1.0,ok,,/Users/jeevikakiran/Documents/USC/Multimodal/Project/syncnet_work_pretrained/pycrop/id00816__00118__cbd1c5454c/00000.avi,0.4369917646519137
id07008__00175__065ee614de,id07008,-,-,real,A,RealVideo-RealAudio,Asian (South),women,00175.mp4,RealVideo-RealAudio/Asian (South)/women/id07008,RealVideo-RealAudio/Asian (South)/women/id07008/00175.mp4,/Users/jeevikakiran/Documents/USC/Multimodal/Project/FakeAVCeleb_v1.2/FakeAVCeleb_v1.2/RealVideo-RealAudio/Asian (South)/women/id07008/00175.mp4,1,0,0,0,REAL,train,-3.0,6.1809821128845215,7.6974687576293945,1.0,ok,,/Users/jeevikakiran/Documents/USC/Multimodal/Project/syncnet_work_pretrained/pycrop/id07008__00175__065ee614de/00000.avi,0.30884791062583516
id01123__00072__539e295004,id01123,-,-,real,A,RealVideo-RealAudio,Caucasian (European),men,00072.mp4,RealVideo-RealAudio/Caucasian (European)/men/id01123,RealVideo-RealAudio/Caucasian (European)/men/id01123/00072.mp4,/Users/jeevikakiran/Documents/USC/Multimodal/Project/FakeAVCeleb_v1.2/FakeAVCeleb_v1.2/RealVideo-RealAudio/Caucasian (European)/men/id01123/00072.mp4,1,0,0,0,REAL,train,-1.0,5.87568473815918,8.248418807983398,1.0,ok,,/Users/jeevikakiran/Documents/USC/Multimodal/Project/syncnet_work_pretrained/pycrop/id01123__00072__539e295004/00000.avi,0.22542701027736697
id00476__00109_id00781_fvssae9yc0a_faceswap__8e930e1b0b,id00476,id00781,-,faceswap,C,FakeVideo-RealAudio,African,men,00109_id00781_fvsSae9yc0A_faceswap.mp4,FakeVideo-RealAudio/African/men/id00476,FakeVideo-RealAudio/African/men/id00476/00109_id00781_fvsSae9yc0A_faceswap.mp4,/Users/jeevikakiran/Documents/USC/Multimodal/Project/FakeAVCeleb_v1.2/FakeAVCeleb_v1.2/FakeVideo-RealAudio/African/men/id00476/00109_id00781_fvsSae9yc0A_faceswap.mp4,1,1,0,1,FAKE,val,0.0,7.326648235321045,6.903203964233398,1.0,ok,,/Users/jeevikakiran/Documents/USC/Multimodal/Project/syncnet_work_pretrained/pycrop/id00476__00109_id00781_fvssae9yc0a_faceswap__8e930e1b0b/00000.avi,0.11544287255979989
id00225__00078__5d2c029cb3,id00225,-,-,real,A,RealVideo-RealAudio,Caucasian (European),men,00078.mp4,RealVideo-RealAudio/Caucasian (European)/men/id00225,RealVideo-RealAudio/Caucasian (European)/men/id00225/00078.mp4,/Users/jeevikakiran/Documents/USC/Multimodal/Project/FakeAVCeleb_v1.2/FakeAVCeleb_v1.2/RealVideo-RealAudio/Caucasian (European)/men/id00225/00078.mp4,1,0,0,0,REAL,train,0.0,5.160465240478516,7.5559163093566895,1.0,ok,,/Users/jeevikakiran/Documents/USC/Multimodal/Project/syncnet_work_pretrained/pycrop/id00225__00078__5d2c029cb3/00000.avi,0.021136160385066317
id00033__00276_1_id00816_wavtolip__126619a20c,id00033,1,-,faceswap-wav2lip,D,FakeVideo-FakeAudio,Asian (South),men,00276_1_id00816_wavtolip.mp4,FakeVideo-FakeAudio/Asian (South)/men/id00033,FakeVideo-FakeAudio/Asian (South)/men/id00033/00276_1_id00816_wavtolip.mp4,/Users/jeevikakiran/Documents/USC/Multimodal/Project/FakeAVCeleb_v1.2/FakeAVCeleb_v1.2/FakeVideo-FakeAudio/Asian (South)/men/id00033/00276_1_id00816_wavtolip.mp4,1,1,1,1,FAKE,train,-2.0,8.7598295211792,6.636329174041748,1.0,ok,,/Users/jeevikakiran/Documents/USC/Multimodal/Project/syncnet_work_pretrained/pycrop/id00033__00276_1_id00816_wavtolip__126619a20c/00000.avi,0.5943765138491289
id01124__00063__90da6158ca,id01124,-,-,real,A,RealVideo-RealAudio,Caucasian (American),men,00063.mp4,RealVideo-RealAudio/Caucasian (American)/men/id01124,RealVideo-RealAudio/Caucasian (American)/men/id01124/00063.mp4,/Users/jeevikakiran/Documents/USC/Multimodal/Project/FakeAVCeleb_v1.2/FakeAVCeleb_v1.2/RealVideo-RealAudio/Caucasian (American)/men/id01124/00063.mp4,1,0,0,0,REAL,train,-1.0,6.832332611083984,7.304118633270264,1.0,ok,,/Users/jeevikakiran/Documents/USC/Multimodal/Project/syncnet_work_pretrained/pycrop/id01124__00063__90da6158ca/00000.avi,0.17554578531181728
id00830__00143_id00173_wavtolip__f7393390a4,id00830,id00173,-,wav2lip,D,FakeVideo-FakeAudio,African,men,00143_id00173_wavtolip.mp4,FakeVideo-FakeAudio/African/men/id00830,FakeVideo-FakeAudio/African/men/id00830/00143_id00173_wavtolip.mp4,/Users/jeevikakiran/Documents/USC/Multimodal/Project/FakeAVCeleb_v1.2/FakeAVCeleb_v1.2/FakeVideo-FakeAudio/African/men/id00830/00143_id00173_wavtolip.mp4,1,1,1,1,FAKE,train,-2.0,9.488725662231445,5.712207317352295,1.0,ok,,/Users/jeevikakiran/Documents/USC/Multimodal/Project/syncnet_work_pretrained/pycrop/id00830__00143_id00173_wavtolip__f7393390a4/00000.avi,0.44983740531693084
id00773__00038_fake__36b81a420d,id00773,fake.mp4,-,rtvc,B,RealVideo-FakeAudio,Asian (South),men,00038_fake.mp4,RealVideo-FakeAudio/Asian (South)/men/id00773,RealVideo-FakeAudio/Asian (South)/men/id00773/00038_fake.mp4,/Users/jeevikakiran/Documents/USC/Multimodal/Project/FakeAVCeleb_v1.2/FakeAVCeleb_v1.2/RealVideo-FakeAudio/Asian (South)/men/id00773/00038_fake.mp4,1,0,1,1,FAKE,train,-12.0,1.1605358123779297,12.632352828979492,1.0,ok,,/Users/jeevikakiran/Documents/USC/Multimodal/Project/syncnet_work_pretrained/pycrop/id00773__00038_fake__36b81a420d/00000.avi,0.9937764367305212
id05980__00143__a6a1e5f5a5,id05980,-,-,real,A,RealVideo-RealAudio,African,women,00143.mp4,RealVideo-RealAudio/African/women/id05980,RealVideo-RealAudio/African/women/id05980/00143.mp4,/Users/jeevikakiran/Documents/USC/Multimodal/Project/FakeAVCeleb_v1.2/FakeAVCeleb_v1.2/RealVideo-RealAudio/African/women/id05980/00143.mp4,1,0,0,0,REAL,train,-1.0,5.787323951721191,7.859349727630615,1.0,ok,,/Users/jeevikakiran/Documents/USC/Multimodal/Project/syncnet_work_pretrained/pycrop/id05980__00143__a6a1e5f5a5/00000.avi,0.11824421728534819
id00491__00122__7b9dc357b3,id00491,-,-,real,A,RealVideo-RealAudio,Caucasian (European),women,00122.mp4,RealVideo-RealAudio/Caucasian (European)/women/id00491,RealVideo-RealAudio/Caucasian (European)/women/id00491/00122.mp4,/Users/jeevikakiran/Documents/USC/Multimodal/Project/FakeAVCeleb_v1.2/FakeAVCeleb_v1.2/RealVideo-RealAudio/Caucasian (European)/women/id00491/00122.mp4,1,0,0,0,REAL,train,0.0,5.712185859680176,8.323288917541504,1.0,ok,,/Users/jeevikakiran/Documents/USC/Multimodal/Project/syncnet_work_pretrained/pycrop/id00491__00122__7b9dc357b3/00000.avi,0.14163745594724161
id04540__00078__c76600525f,id04540,-,-,real,A,RealVideo-RealAudio,African,women,00078.mp4,RealVideo-RealAudio/African/women/id04540,RealVideo-RealAudio/African/women/id04540/00078.mp4,/Users/jeevikakiran/Documents/USC/Multimodal/Project/FakeAVCeleb_v1.2/FakeAVCeleb_v1.2/RealVideo-RealAudio/African/women/id04540/00078.mp4,1,0,0,0,REAL,train,0.0,4.549095153808594,9.550531387329102,1.0,ok,,/Users/jeevikakiran/Documents/USC/Multimodal/Project/syncnet_work_pretrained/pycrop/id04540__00078__c76600525f/00000.avi,0.21615317093063147
id00747__00053__b5d9d082ec,id00747,-,-,real,A,RealVideo-RealAudio,Asian (South),women,00053.mp4,RealVideo-RealAudio/Asian (South)/women/id00747,RealVideo-RealAudio/Asian (South)/women/id00747/00053.mp4,/Users/jeevikakiran/Documents/USC/Multimodal/Project/FakeAVCeleb_v1.2/FakeAVCeleb_v1.2/RealVideo-RealAudio/Asian (South)/women/id00747/00053.mp4,1,0,0,0,REAL,train,4.0,6.782474517822266,8.22655963897705,1.0,ok,,/Users/jeevikakiran/Documents/USC/Multimodal/Project/syncnet_work_pretrained/pycrop/id00747__00053__b5d9d082ec/00000.avi,0.7969844272382344
id00909__00037__9644b580a1,id00909,-,-,real,A,RealVideo-RealAudio,Caucasian (European),men,00037.mp4,RealVideo-RealAudio/Caucasian (European)/men/id00909,RealVideo-RealAudio/Caucasian (European)/men/id00909/00037.mp4,/Users/jeevikakiran/Documents/USC/Multimodal/Project/FakeAVCeleb_v1.2/FakeAVCeleb_v1.2/RealVideo-RealAudio/Caucasian (European)/men/id00909/00037.mp4,1,0,0,0,REAL,train,-3.0,4.094521522521973,8.531414031982422,1.0,ok,,/Users/jeevikakiran/Documents/USC/Multimodal/Project/syncnet_work_pretrained/pycrop/id00909__00037__9644b580a1/00000.avi,0.10046774432275205
id02553__00043__5d79b549b3,id02553,-,-,real,A,RealVideo-RealAudio,Asian (East),men,00043.mp4,RealVideo-RealAudio/Asian (East)/men/id02553,RealVideo-RealAudio/Asian (East)/men/id02553/00043.mp4,/Users/jeevikakiran/Documents/USC/Multimodal/Project/FakeAVCeleb_v1.2/FakeAVCeleb_v1.2/RealVideo-RealAudio/Asian (East)/men/id02553/00043.mp4,1,0,0,0,REAL,train,1.0,6.167389392852783,7.36470365524292,1.0,ok,,/Users/jeevikakiran/Documents/USC/Multimodal/Project/syncnet_work_pretrained/pycrop/id02553__00043__5d79b549b3/00000.avi,0.088269912553875
id03985__00005__539a956c87,id03985,-,-,real,A,RealVideo-RealAudio,Asian (South),women,00005.mp4,RealVideo-RealAudio/Asian (South)/women/id03985,RealVideo-RealAudio/Asian (South)/women/id03985/00005.mp4,/Users/jeevikakiran/Documents/USC/Multimodal/Project/FakeAVCeleb_v1.2/FakeAVCeleb_v1.2/RealVideo-RealAudio/Asian (South)/women/id03985/00005.mp4,1,0,0,0,REAL,train,-2.0,6.110654830932617,8.268688201904297,2.0,ok,,/Users/jeevikakiran/Documents/USC/Multimodal/Project/syncnet_work_pretrained/pycrop/id03985__00005__539a956c87/00000.avi,0.39876043847935194
id00943__00304__e1d0e86fee,id00943,-,-,real,A,RealVideo-RealAudio,Caucasian (American),men,00304.mp4,RealVideo-RealAudio/Caucasian (American)/men/id00943,RealVideo-RealAudio/Caucasian (American)/men/id00943/00304.mp4,/Users/jeevikakiran/Documents/USC/Multimodal/Project/FakeAVCeleb_v1.2/FakeAVCeleb_v1.2/RealVideo-RealAudio/Caucasian (American)/men/id00943/00304.mp4,1,0,0,0,REAL,val,-2.0,6.6415815353393555,7.268965721130371,1.0,ok,,/Users/jeevikakiran/Documents/USC/Multimodal/Project/syncnet_work_pretrained/pycrop/id00943__00304__e1d0e86fee/00000.avi,0.199935062197925
id06254__00043_id05931_bfqu86nv3hk_faceswap_id06428_wavtolip__1b971364af,id06254,id05931,faceswap,faceswap-wav2lip,D,FakeVideo-FakeAudio,Asian (South),women,00043_id05931_bFqu86NV3hk_faceswap_id06428_wavtolip.mp4,FakeVideo-FakeAudio/Asian (South)/women/id06254,FakeVideo-FakeAudio/Asian (South)/women/id06254/00043_id05931_bFqu86NV3hk_faceswap_id06428_wavtolip.mp4,/Users/jeevikakiran/Documents/USC/Multimodal/Project/FakeAVCeleb_v1.2/FakeAVCeleb_v1.2/FakeVideo-FakeAudio/Asian (South)/women/id06254/00043_id05931_bFqu86NV3hk_faceswap_id06428_wavtolip.mp4,1,1,1,1,FAKE,train,-2.0,7.637736797332764,7.595609664916992,1.0,ok,,/Users/jeevikakiran/Documents/USC/Multimodal/Project/syncnet_work_pretrained/pycrop/id06254__00043_id05931_bfqu86nv3hk_faceswap_id06428_wavtolip__1b971364af/00000.avi,0.6220696631767582
id01207__00320__255bd04bc6,id01207,-,-,real,A,RealVideo-RealAudio,African,men,00320.mp4,RealVideo-RealAudio/African/men/id01207,RealVideo-RealAudio/African/men/id01207/00320.mp4,/Users/jeevikakiran/Documents/USC/Multimodal/Project/FakeAVCeleb_v1.2/FakeAVCeleb_v1.2/RealVideo-RealAudio/African/men/id01207/00320.mp4,1,0,0,0,REAL,train,0.0,5.794530868530273,8.66034984588623,1.0,ok,,/Users/jeevikakiran/Documents/USC/Multimodal/Project/syncnet_work_pretrained/pycrop/id01207__00320__255bd04bc6/00000.avi,0.24550629149953912
id00633__00088_id01001_dhjc8dh9x8c__a5c99bb452,id00633,id01001,-,fsgan,C,FakeVideo-RealAudio,Caucasian (European),women,00088_id01001_dHJc8dh9X8c.mp4,FakeVideo-RealAudio/Caucasian (European)/women/id00633,FakeVideo-RealAudio/Caucasian (European)/women/id00633/00088_id01001_dHJc8dh9X8c.mp4,/Users/jeevikakiran/Documents/USC/Multimodal/Project/FakeAVCeleb_v1.2/FakeAVCeleb_v1.2/FakeVideo-RealAudio/Caucasian (European)/women/id00633/00088_id01001_dHJc8dh9X8c.mp4,1,1,0,1,FAKE,train,-3.0,5.424666404724121,8.522199630737305,1.0,ok,,/Users/jeevikakiran/Documents/USC/Multimodal/Project/syncnet_work_pretrained/pycrop/id00633__00088_id01001_dhjc8dh9x8c__a5c99bb452/00000.avi,0.39495590919536383
id02721__00424__912e3f006d,id02721,-,-,real,A,RealVideo-RealAudio,African,women,00424.mp4,RealVideo-RealAudio/African/women/id02721,RealVideo-RealAudio/African/women/id02721/00424.mp4,/Users/jeevikakiran/Documents/USC/Multimodal/Project/FakeAVCeleb_v1.2/FakeAVCeleb_v1.2/RealVideo-RealAudio/African/women/id02721/00424.mp4,1,0,0,0,REAL,train,-1.0,6.815859794616699,8.140563011169434,1.0,ok,,/Users/jeevikakiran/Documents/USC/Multimodal/Project/syncnet_work_pretrained/pycrop/id02721__00424__912e3f006d/00000.avi,0.4607248825978739
id00060__00307__40afde6063,id00060,-,-,real,A,RealVideo-RealAudio,Caucasian (American),men,00307.mp4,RealVideo-RealAudio/Caucasian (American)/men/id00060,RealVideo-RealAudio/Caucasian (American)/men/id00060/00307.mp4,/Users/jeevikakiran/Documents/USC/Multimodal/Project/FakeAVCeleb_v1.2/FakeAVCeleb_v1.2/RealVideo-RealAudio/Caucasian (American)/men/id00060/00307.mp4,1,0,0,0,REAL,train,0.0,6.773767471313477,7.5488691329956055,1.0,ok,,/Users/jeevikakiran/Documents/USC/Multimodal/Project/syncnet_work_pretrained/pycrop/id00060__00307__40afde6063/00000.avi,0.15615860631048342
id05576__00368__e5066dc575,id05576,-,-,real,A,RealVideo-RealAudio,Asian (East),women,00368.mp4,RealVideo-RealAudio/Asian (East)/women/id05576,RealVideo-RealAudio/Asian (East)/women/id05576/00368.mp4,/Users/jeevikakiran/Documents/USC/Multimodal/Project/FakeAVCeleb_v1.2/FakeAVCeleb_v1.2/RealVideo-RealAudio/Asian (East)/women/id05576/00368.mp4,1,0,0,0,REAL,train,-2.0,6.0475172996521,7.697370529174805,1.0,ok,,/Users/jeevikakiran/Documents/USC/Multimodal/Project/syncnet_work_pretrained/pycrop/id05576__00368__e5066dc575/00000.avi,0.18858347015089613
id00190__00072_fake__a6a062eab6,id00190,fake.mp4,-,rtvc,B,RealVideo-FakeAudio,Caucasian (American),women,00072_fake.mp4,RealVideo-FakeAudio/Caucasian (American)/women/id00190,RealVideo-FakeAudio/Caucasian (American)/women/id00190/00072_fake.mp4,/Users/jeevikakiran/Documents/USC/Multimodal/Project/FakeAVCeleb_v1.2/FakeAVCeleb_v1.2/RealVideo-FakeAudio/Caucasian (American)/women/id00190/00072_fake.mp4,1,0,1,1,FAKE,train,0.0,0.8895092010498047,14.600398063659668,1.0,ok,,/Users/jeevikakiran/Documents/USC/Multimodal/Project/syncnet_work_pretrained/pycrop/id00190__00072_fake__a6a062eab6/00000.avi,0.9115712419413883
id07161__00159__56d83d027b,id07161,-,-,real,A,RealVideo-RealAudio,Asian (South),men,00159.mp4,RealVideo-RealAudio/Asian (South)/men/id07161,RealVideo-RealAudio/Asian (South)/men/id07161/00159.mp4,/Users/jeevikakiran/Documents/USC/Multimodal/Project/FakeAVCeleb_v1.2/FakeAVCeleb_v1.2/RealVideo-RealAudio/Asian (South)/men/id07161/00159.mp4,1,0,0,0,REAL,val,-1.0,5.4481916427612305,8.850545883178711,1.0,ok,,/Users/jeevikakiran/Documents/USC/Multimodal/Project/syncnet_work_pretrained/pycrop/id07161__00159__56d83d027b/00000.avi,0.31202461574927437
id00021__00010__bcb3fd95fd,id00021,-,-,real,A,RealVideo-RealAudio,Caucasian (American),men,00010.mp4,RealVideo-RealAudio/Caucasian (American)/men/id00021,RealVideo-RealAudio/Caucasian (American)/men/id00021/00010.mp4,/Users/jeevikakiran/Documents/USC/Multimodal/Project/FakeAVCeleb_v1.2/FakeAVCeleb_v1.2/RealVideo-RealAudio/Caucasian (American)/men/id00021/00010.mp4,1,0,0,0,REAL,train,1.0,6.1969099044799805,8.162271499633789,1.0,ok,,/Users/jeevikakiran/Documents/USC/Multimodal/Project/syncnet_work_pretrained/pycrop/id00021__00010__bcb3fd95fd/00000.avi,0.2789723439494948
