frame,x1,y1,x2,y2,prob
frame_00000.jpg,55,5,171,149,0.9999957084655762
frame_00006.jpg,62,13,179,154,0.9999864101409912
frame_00012.jpg,48,1,175,154,0.9998049139976501
frame_00016.jpg,50,10,171,159,0.9999939203262329
frame_00019.jpg,51,10,174,157,0.999937891960144
