frame,x1,y1,x2,y2,prob
frame_00000.jpg,54,6,171,148,0.999997615814209
frame_00006.jpg,62,12,179,154,0.999984622001648
frame_00012.jpg,48,1,175,154,0.9998049139976501
frame_00016.jpg,50,10,171,159,0.9999938011169434
frame_00019.jpg,51,16,171,164,0.9999977350234985
