frame,x1,y1,x2,y2,prob
frame_00000.jpg,57,3,164,164,0.999873161315918
frame_00001.jpg,58,1,164,162,0.9998685121536255
frame_00007.jpg,56,-2,164,153,0.9992644190788269
frame_00010.jpg,56,-6,164,160,0.9993256330490112
frame_00018.jpg,58,-6,166,153,0.9999732971191406
frame_00020.jpg,59,2,167,162,0.9995467066764832
frame_00024.jpg,57,3,167,161,0.9999270439147949
frame_00032.jpg,58,1,164,159,0.9999302625656128
