frame,x1,y1,x2,y2,prob
frame_00000.jpg,59,3,164,163,0.999818742275238
frame_00001.jpg,58,1,164,162,0.9998667240142822
frame_00007.jpg,58,0,166,159,0.9993619322776794
frame_00010.jpg,55,-6,164,160,0.9993605017662048
frame_00018.jpg,58,-7,167,153,0.9999728202819824
frame_00020.jpg,58,3,167,162,0.9997425675392151
frame_00024.jpg,57,3,167,161,0.9999251365661621
frame_00032.jpg,58,2,164,159,0.9999316930770874
