frame,x1,y1,x2,y2,prob
frame_00000.jpg,55,2,164,156,0.9994813799858093
frame_00003.jpg,38,4,155,160,0.9998549222946167
frame_00005.jpg,51,0,162,157,0.9997180104255676
frame_00009.jpg,51,0,165,159,0.9997689127922058
frame_00016.jpg,48,-1,162,161,0.9995118379592896
frame_00018.jpg,48,-1,158,157,0.9993671774864197
