frame,x1,y1,x2,y2,prob
frame_00000.jpg,55,2,164,156,0.9994742274284363
frame_00003.jpg,38,4,155,161,0.9998559951782227
frame_00005.jpg,49,0,161,158,0.9997000694274902
frame_00009.jpg,51,0,165,159,0.9997652173042297
frame_00016.jpg,53,4,161,155,0.9996554851531982
frame_00018.jpg,48,-1,158,157,0.9993616938591003
