frame,x1,y1,x2,y2,prob
frame_00000.jpg,46,-3,169,152,0.9999423027038574
frame_00014.jpg,49,-2,170,150,0.9999992847442627
frame_00018.jpg,47,-7,168,155,0.999954104423523
