frame,x1,y1,x2,y2,prob
frame_00000.jpg,50,-6,168,152,0.9999926090240479
frame_00005.jpg,51,-3,164,153,0.9991673231124878
frame_00011.jpg,47,-5,163,156,0.9999722242355347
frame_00015.jpg,49,-5,164,151,0.9999879598617554
frame_00022.jpg,47,-6,163,150,0.9999916553497314
frame_00026.jpg,46,0,164,158,0.9999924898147583
frame_00028.jpg,50,3,161,152,0.9999997615814209
frame_00036.jpg,42,-32,169,153,0.9991720914840698
frame_00040.jpg,49,-8,166,150,0.9999903440475464
