frame,x1,y1,x2,y2,prob
frame_00000.jpg,52,-5,169,152,0.9999932050704956
frame_00005.jpg,51,-1,164,156,0.9993125200271606
frame_00011.jpg,47,-4,163,156,0.9999723434448242
frame_00015.jpg,49,-5,164,151,0.9999880790710449
frame_00022.jpg,47,-6,163,150,0.999991774559021
frame_00026.jpg,47,0,163,158,0.9999969005584717
frame_00028.jpg,51,2,161,152,0.9999995231628418
frame_00036.jpg,42,-33,170,155,0.9992161989212036
frame_00040.jpg,49,-7,165,150,0.9999873638153076
