frame,x1,y1,x2,y2,prob
frame_00000.jpg,39,-22,174,162,0.9999959468841553
frame_00003.jpg,41,-20,178,161,0.9999977350234985
frame_00012.jpg,42,-12,172,159,0.9999672174453735
frame_00016.jpg,43,-9,172,161,0.9999027252197266
frame_00030.jpg,44,-9,173,159,0.9998733997344971
frame_00036.jpg,46,-10,174,159,0.9999221563339233
frame_00038.jpg,39,-27,178,161,0.999996542930603
frame_00039.jpg,39,-28,179,160,0.9999982118606567
