frame,x1,y1,x2,y2,prob
frame_00000.jpg,38,-22,174,162,0.9999970197677612
frame_00003.jpg,41,-20,178,161,0.9999978542327881
frame_00012.jpg,42,-12,172,159,0.9999665021896362
frame_00016.jpg,43,-9,172,161,0.9999006986618042
frame_00030.jpg,43,-9,173,159,0.999870777130127
frame_00036.jpg,46,-10,174,159,0.9999237060546875
frame_00038.jpg,39,-27,178,161,0.999996542930603
frame_00039.jpg,40,-27,179,161,0.9999951124191284
