frame,x1,y1,x2,y2,prob
frame_00000.jpg,49,-32,174,148,0.9999966621398926
frame_00003.jpg,55,-3,167,151,0.9999996423721313
frame_00011.jpg,46,-9,167,152,0.999991774559021
frame_00017.jpg,45,-10,167,150,0.9999866485595703
frame_00018.jpg,49,-13,168,155,0.9999988079071045
frame_00026.jpg,47,-21,170,153,0.9999935626983643
frame_00037.jpg,55,-9,170,153,0.9999972581863403
frame_00049.jpg,45,-10,167,153,0.9999948740005493
