frame,x1,y1,x2,y2,prob
frame_00000.jpg,46,-12,169,152,0.9999973773956299
frame_00003.jpg,50,-23,172,149,0.9999828338623047
frame_00011.jpg,46,-9,167,152,0.9999916553497314
frame_00017.jpg,45,-10,167,150,0.9999861717224121
frame_00018.jpg,48,-13,168,156,0.999998927116394
frame_00026.jpg,47,-21,170,154,0.9999936819076538
frame_00037.jpg,54,-9,171,153,0.9999969005584717
frame_00049.jpg,45,-11,167,152,0.9999948740005493
