frame,x1,y1,x2,y2,prob
frame_00000.jpg,50,-2,170,159,0.9999995231628418
frame_00002.jpg,39,-15,168,155,0.9999998807907104
frame_00016.jpg,39,-25,167,151,0.9999994039535522
frame_00023.jpg,43,-9,166,156,0.9999997615814209
frame_00025.jpg,43,-7,168,159,0.9999988079071045
frame_00028.jpg,39,-8,170,165,0.9999997615814209
frame_00031.jpg,45,-7,172,160,0.9999996423721313
frame_00034.jpg,35,-11,168,162,1.0
frame_00037.jpg,41,-11,168,162,0.9999984502792358
