frame,x1,y1,x2,y2,prob
frame_00000.jpg,50,-2,170,160,0.9999995231628418
frame_00002.jpg,40,-17,168,155,0.9999998807907104
frame_00016.jpg,39,-25,167,151,0.9999994039535522
frame_00023.jpg,43,-9,166,157,0.9999997615814209
frame_00025.jpg,43,-5,166,157,0.999998927116394
frame_00028.jpg,39,-8,170,164,0.9999997615814209
frame_00031.jpg,45,-6,169,158,0.9999997615814209
frame_00034.jpg,35,-11,168,162,1.0
frame_00037.jpg,40,-13,169,163,0.9999978542327881
