frame,x1,y1,x2,y2,prob
frame_00000.jpg,48,-13,171,152,0.9999948740005493
frame_00002.jpg,47,-14,171,153,0.9999892711639404
frame_00004.jpg,47,-18,174,151,0.9999915361404419
frame_00005.jpg,45,-22,174,151,0.9999984502792358
frame_00006.jpg,46,-21,177,150,0.9999980926513672
frame_00009.jpg,42,-27,180,159,0.9999986886978149
frame_00010.jpg,46,-13,171,152,0.9999954700469971
frame_00011.jpg,43,-23,175,148,0.9999996423721313
frame_00013.jpg,45,-32,179,149,0.999998927116394
frame_00014.jpg,45,-19,177,151,0.9999979734420776
frame_00016.jpg,48,-22,182,152,0.9999991655349731
frame_00019.jpg,44,-13,174,152,0.9999885559082031
frame_00022.jpg,48,-1,170,156,0.9999990463256836
frame_00025.jpg,50,-11,169,148,0.9999990463256836
frame_00029.jpg,53,-17,173,147,0.9999994039535522
frame_00032.jpg,45,-26,176,152,0.9999985694885254
frame_00036.jpg,42,-15,171,154,0.9999979734420776
frame_00037.jpg,40,-22,173,155,0.9999996423721313
frame_00043.jpg,43,-25,173,156,0.9999904632568359
frame_00045.jpg,43,-20,175,155,0.9999960660934448
frame_00046.jpg,44,-4,169,155,0.9999978542327881
frame_00047.jpg,42,-24,175,149,0.9999997615814209
frame_00048.jpg,48,-33,179,149,0.9999998807907104
frame_00050.jpg,45,-26,174,154,0.99998939037323
frame_00052.jpg,41,-36,179,152,0.9999935626983643
frame_00053.jpg,43,-25,178,156,0.9999972581863403
frame_00054.jpg,42,-34,178,151,0.9999996423721313
frame_00056.jpg,45,-13,179,159,0.9999865293502808
