frame,x1,y1,x2,y2,prob
frame_00000.jpg,51,1,166,161,0.9999821186065674
frame_00008.jpg,49,1,166,162,0.9999673366546631
frame_00011.jpg,42,-4,167,163,0.9999923706054688
frame_00014.jpg,49,-2,169,162,0.9999059438705444
frame_00018.jpg,39,0,168,165,0.9999786615371704
