frame,x1,y1,x2,y2,prob
frame_00000.jpg,51,1,166,162,0.9999792575836182
frame_00008.jpg,49,1,166,162,0.9999669790267944
frame_00011.jpg,42,-4,167,164,0.9999949932098389
frame_00014.jpg,43,2,167,162,0.9999195337295532
frame_00018.jpg,38,-1,167,164,0.9999649524688721
