frame,x1,y1,x2,y2,prob
frame_00000.jpg,46,-11,170,160,0.9999953508377075
frame_00001.jpg,46,-6,163,156,0.999894380569458
frame_00002.jpg,49,-2,165,163,0.9997976422309875
frame_00003.jpg,47,-16,169,157,0.9999735355377197
frame_00004.jpg,46,-14,167,161,0.9999666213989258
