frame,x1,y1,x2,y2,prob
frame_00000.jpg,45,-11,170,160,0.999995231628418
frame_00001.jpg,46,-6,163,156,0.9999356269836426
frame_00002.jpg,44,-20,168,157,0.9999673366546631
frame_00003.jpg,47,-17,169,157,0.9999736547470093
frame_00004.jpg,46,-14,167,162,0.9999666213989258
