frame,x1,y1,x2,y2,prob
frame_00000.jpg,48,0,161,153,0.9999237060546875
frame_00003.jpg,43,0,156,156,0.9999582767486572
frame_00005.jpg,49,-4,159,151,0.9999569654464722
frame_00008.jpg,47,-4,158,150,0.9999966621398926
frame_00014.jpg,49,-4,163,147,0.9999973773956299
frame_00015.jpg,47,-1,159,156,0.9999793767929077
frame_00021.jpg,46,-2,156,151,0.9999847412109375
frame_00027.jpg,49,-2,166,156,0.9999990463256836
