frame,x1,y1,x2,y2,prob
frame_00000.jpg,49,0,162,153,0.9999324083328247
frame_00003.jpg,46,0,156,156,0.9996933937072754
frame_00005.jpg,49,-4,159,151,0.9999573230743408
frame_00008.jpg,47,-4,158,150,0.9999966621398926
frame_00014.jpg,49,-4,163,148,0.9999972581863403
frame_00015.jpg,47,-2,159,156,0.9999793767929077
frame_00021.jpg,46,-3,155,150,0.9999830722808838
frame_00027.jpg,48,-1,163,153,0.9999996423721313
