frame,x1,y1,x2,y2,prob
frame_00000.jpg,57,4,169,156,0.9998513460159302
frame_00002.jpg,56,8,165,155,0.9996844530105591
frame_00005.jpg,58,5,165,155,0.9998971223831177
frame_00007.jpg,58,4,164,155,0.999992847442627
frame_00008.jpg,58,1,166,153,0.9999589920043945
frame_00011.jpg,57,3,169,157,0.9998375177383423
frame_00012.jpg,57,3,169,157,0.9999905824661255
