frame,x1,y1,x2,y2,prob
frame_00000.jpg,57,3,170,156,0.9998856782913208
frame_00002.jpg,56,8,164,156,0.9997400641441345
frame_00005.jpg,58,5,165,155,0.9998970031738281
frame_00007.jpg,58,4,164,155,0.9999927282333374
frame_00008.jpg,58,2,166,153,0.9999548196792603
frame_00011.jpg,57,3,169,157,0.999797523021698
frame_00012.jpg,57,3,169,157,0.9999904632568359
