frame,x1,y1,x2,y2,prob
frame_00000.jpg,53,0,164,158,0.9999545812606812
frame_00005.jpg,55,4,162,153,0.9999979734420776
frame_00007.jpg,53,2,159,157,0.999988317489624
frame_00010.jpg,57,2,165,153,0.9999955892562866
frame_00013.jpg,48,-5,160,159,0.9999905824661255
frame_00016.jpg,43,-5,154,156,0.9999979734420776
frame_00019.jpg,54,-13,170,155,0.9999995231628418
frame_00022.jpg,55,-15,169,162,0.9999978542327881
