frame,x1,y1,x2,y2,prob
frame_00000.jpg,50,-6,166,151,0.9999853372573853
frame_00012.jpg,47,-7,163,151,0.9999861717224121
frame_00015.jpg,48,-4,164,152,0.9999877214431763
frame_00024.jpg,47,0,164,154,0.9999997615814209
frame_00034.jpg,52,-6,168,154,0.9999929666519165
frame_00035.jpg,46,-7,162,148,0.9989640712738037
