frame,x1,y1,x2,y2,prob
frame_00000.jpg,50,-6,166,151,0.9999850988388062
frame_00012.jpg,46,-4,162,150,0.9999850988388062
frame_00015.jpg,48,-4,164,152,0.9999878406524658
frame_00024.jpg,48,0,163,154,0.9999997615814209
frame_00034.jpg,52,-6,168,154,0.999993085861206
frame_00035.jpg,47,-7,162,147,0.9994869232177734
