frame,x1,y1,x2,y2,prob
frame_00000.jpg,39,-24,187,157,0.9999736547470093
frame_00007.jpg,42,-23,190,156,0.9999877214431763
frame_00011.jpg,39,-19,187,162,0.9999186992645264
frame_00015.jpg,42,-13,184,155,0.9999973773956299
