frame,x1,y1,x2,y2,prob
frame_00000.jpg,41,-21,187,156,0.9999814033508301
frame_00007.jpg,41,-24,190,155,0.9999892711639404
frame_00011.jpg,40,-19,187,162,0.9999490976333618
frame_00015.jpg,42,-15,185,155,0.9999905824661255
