frame,x1,y1,x2,y2,prob
frame_00000.jpg,48,-6,171,164,0.9995538592338562
frame_00006.jpg,50,-17,174,156,0.9781484603881836
frame_00007.jpg,51,-16,173,161,0.9809231758117676
frame_00010.jpg,51,-7,171,154,0.9810652136802673
