frame,x1,y1,x2,y2,prob
frame_00000.jpg,48,-6,171,164,0.9995681643486023
frame_00006.jpg,51,-16,175,156,0.9817590713500977
frame_00007.jpg,51,-16,173,161,0.9804556369781494
frame_00010.jpg,51,-7,171,154,0.9808449745178223
