frame,x1,y1,x2,y2,prob
frame_00000.jpg,48,-5,167,163,1.0
frame_00001.jpg,47,-10,166,149,0.9999948740005493
frame_00002.jpg,52,-15,172,153,0.9999947547912598
frame_00003.jpg,52,-4,168,155,0.999998927116394
frame_00005.jpg,52,-2,166,160,0.999998927116394
frame_00007.jpg,50,-12,173,153,0.9999961853027344
