frame,x1,y1,x2,y2,prob
frame_00000.jpg,48,-5,167,162,1.0
frame_00001.jpg,48,-10,166,149,0.9999949932098389
frame_00002.jpg,52,-15,172,154,0.9999946355819702
frame_00003.jpg,53,-4,169,155,0.9999990463256836
frame_00005.jpg,52,-2,166,160,0.999998927116394
frame_00007.jpg,52,-3,169,155,0.9999995231628418
