frame,x1,y1,x2,y2,prob
frame_00000.jpg,43,-3,169,161,0.9999985694885254
frame_00004.jpg,50,-7,175,159,0.9999948740005493
frame_00007.jpg,49,-10,177,164,0.9999990463256836
frame_00012.jpg,44,-15,174,161,0.9999984502792358
frame_00017.jpg,45,-19,176,157,0.9999966621398926
frame_00021.jpg,53,-6,174,157,0.9999599456787109
frame_00023.jpg,48,-16,172,157,0.9999740123748779
frame_00025.jpg,52,-10,172,154,0.9999463558197021
frame_00026.jpg,51,-17,170,149,0.9999951124191284
