frame,x1,y1,x2,y2,prob
frame_00000.jpg,43,-3,169,161,0.9999985694885254
frame_00004.jpg,50,-7,175,159,0.9999945163726807
frame_00007.jpg,48,-10,177,165,0.9999991655349731
frame_00012.jpg,44,-15,174,161,0.9999984502792358
frame_00017.jpg,46,-20,177,157,0.9999949932098389
frame_00021.jpg,53,-6,173,156,0.9999713897705078
frame_00023.jpg,48,-15,172,156,0.999972939491272
frame_00025.jpg,51,-10,171,155,0.999961256980896
frame_00026.jpg,50,-17,170,149,0.999995231628418
