frame,x1,y1,x2,y2,prob
frame_00000.jpg,58,2,169,155,0.999775230884552
frame_00001.jpg,55,-4,170,158,0.999164342880249
frame_00002.jpg,60,0,168,153,0.9999607801437378
frame_00005.jpg,59,2,163,148,0.9996780157089233
frame_00006.jpg,56,-1,167,156,0.9998327493667603
frame_00007.jpg,65,3,171,152,0.9999825954437256
frame_00008.jpg,59,2,168,158,0.9989558458328247
frame_00009.jpg,60,4,166,151,0.9999157190322876
