frame,x1,y1,x2,y2,prob
frame_00000.jpg,58,2,169,155,0.9998533725738525
frame_00001.jpg,54,-4,170,158,0.9991650581359863
frame_00002.jpg,60,0,168,154,0.9999423027038574
frame_00005.jpg,59,2,163,149,0.9996646642684937
frame_00006.jpg,60,4,167,154,0.9999721050262451
frame_00007.jpg,65,2,172,152,0.9999879598617554
frame_00008.jpg,60,3,168,158,0.9987455606460571
frame_00009.jpg,58,1,166,152,0.9998466968536377
