frame,x1,y1,x2,y2,prob
frame_00000.jpg,44,-1,168,160,0.9998317956924438
frame_00004.jpg,44,-1,166,158,0.998734176158905
frame_00005.jpg,46,3,165,163,0.9996922016143799
frame_00007.jpg,41,1,168,166,0.9991341233253479
frame_00008.jpg,40,-3,170,162,0.9997777342796326
frame_00009.jpg,41,-4,171,161,0.999824583530426
