frame,x1,y1,x2,y2,prob
frame_00000.jpg,43,-2,169,159,0.9998416900634766
frame_00004.jpg,44,-2,166,158,0.9987937211990356
frame_00005.jpg,46,3,165,163,0.9996953010559082
frame_00007.jpg,40,2,162,169,0.9992528557777405
frame_00008.jpg,40,-2,170,163,0.9997132420539856
frame_00009.jpg,41,-4,171,161,0.9998260140419006
