frame,x1,y1,x2,y2,prob
frame_00000.jpg,36,-22,184,165,0.9999954700469971
frame_00006.jpg,42,-9,175,161,0.9999957084655762
frame_00008.jpg,39,-10,176,158,0.9999973773956299
frame_00009.jpg,41,-10,174,161,0.9999971389770508
frame_00011.jpg,42,-7,172,173,0.9999896287918091
frame_00013.jpg,37,-9,170,164,0.9999982118606567
frame_00017.jpg,44,-17,175,158,0.9999992847442627
frame_00018.jpg,43,-18,173,160,0.999996542930603
frame_00028.jpg,44,-5,169,158,0.999997615814209
frame_00031.jpg,48,-6,171,162,0.9999977350234985
frame_00032.jpg,46,-10,170,159,0.999996542930603
frame_00034.jpg,45,-10,169,159,0.9999970197677612
frame_00041.jpg,48,-4,170,159,0.9999980926513672
frame_00050.jpg,43,-11,176,166,0.9999984502792358
frame_00054.jpg,44,-18,175,163,0.9999974966049194
frame_00057.jpg,42,-14,172,160,0.9999978542327881
frame_00061.jpg,43,-16,172,160,0.9999830722808838
frame_00066.jpg,43,-15,170,160,0.9999921321868896
frame_00071.jpg,41,-13,168,159,0.9999855756759644
frame_00074.jpg,45,-9,166,159,0.9999892711639404
frame_00076.jpg,40,-15,168,155,0.9999569654464722
frame_00078.jpg,42,-15,173,158,0.9999377727508545
frame_00079.jpg,45,-7,172,162,0.9997861981391907
