frame,x1,y1,x2,y2,prob
frame_00000.jpg,58,1,165,156,0.9999281167984009
frame_00005.jpg,50,0,156,161,0.9999951124191284
frame_00008.jpg,57,5,167,155,0.9999978542327881
frame_00011.jpg,57,1,166,153,0.9999982118606567
frame_00014.jpg,50,0,161,156,1.0
frame_00016.jpg,43,-2,156,156,0.9999996423721313
frame_00023.jpg,52,-9,171,164,0.9999994039535522
frame_00029.jpg,47,-5,159,161,0.9999988079071045
frame_00031.jpg,48,-4,163,162,0.9999997615814209
frame_00033.jpg,45,-7,161,160,0.9999998807907104
