frame,x1,y1,x2,y2,prob
frame_00000.jpg,33,-6,165,158,0.999988317489624
frame_00027.jpg,42,-1,165,155,0.9999878406524658
frame_00049.jpg,35,-2,163,159,0.9999983310699463
