frame,x1,y1,x2,y2,prob
frame_00000.jpg,33,-6,165,158,0.9999881982803345
frame_00027.jpg,42,-1,165,155,0.9999877214431763
frame_00049.jpg,35,-3,164,160,0.9999984502792358
