frame,x1,y1,x2,y2,prob
frame_00000.jpg,51,-9,182,163,0.9999995231628418
frame_00005.jpg,50,-6,178,156,0.9999964237213135
frame_00019.jpg,48,-5,178,164,0.9999986886978149
frame_00027.jpg,51,-7,181,160,0.9999997615814209
frame_00033.jpg,41,-3,173,165,0.9999922513961792
