frame,x1,y1,x2,y2,prob
frame_00000.jpg,50,-10,182,164,0.9999995231628418
frame_00005.jpg,50,-6,178,156,0.9999964237213135
frame_00019.jpg,47,-5,178,164,0.9999974966049194
frame_00027.jpg,51,-7,181,160,0.9999996423721313
frame_00033.jpg,40,-3,171,162,0.9999938011169434
