frame,x1,y1,x2,y2,prob
frame_00000.jpg,55,-3,172,157,0.9987970590591431
frame_00002.jpg,51,0,166,153,0.9993622899055481
frame_00007.jpg,50,-4,165,155,0.9999556541442871
frame_00013.jpg,54,0,167,153,0.9992107152938843
frame_00017.jpg,55,3,165,158,0.9998167157173157
frame_00021.jpg,50,2,166,160,0.9993564486503601
frame_00023.jpg,56,3,168,155,0.9989851117134094
frame_00025.jpg,55,-2,167,153,0.9999841451644897
frame_00031.jpg,58,6,168,153,0.9997956156730652
