frame,x1,y1,x2,y2,prob
frame_00000.jpg,55,-3,173,158,0.9989705085754395
frame_00002.jpg,51,0,166,153,0.9993707537651062
frame_00007.jpg,51,-4,165,154,0.9999557733535767
frame_00013.jpg,54,0,167,153,0.9992006421089172
frame_00017.jpg,55,3,165,158,0.9998176693916321
frame_00021.jpg,50,2,166,160,0.9993636012077332
frame_00023.jpg,56,3,168,155,0.9989846348762512
frame_00025.jpg,55,-2,168,153,0.9999827146530151
frame_00031.jpg,59,6,168,154,0.9998332262039185
