frame,x1,y1,x2,y2,prob
frame_00000.jpg,61,-13,179,152,0.9999969005584717
frame_00002.jpg,47,-26,169,151,0.9999786615371704
frame_00006.jpg,58,-10,170,150,0.9999831914901733
frame_00009.jpg,47,-21,168,151,0.9999890327453613
frame_00010.jpg,48,-14,164,149,0.9999663829803467
frame_00015.jpg,45,-20,167,152,0.9999847412109375
frame_00018.jpg,48,-21,169,149,0.9999955892562866
frame_00021.jpg,46,-16,164,150,0.999993085861206
