frame,x1,y1,x2,y2,prob
frame_00000.jpg,61,-13,179,152,0.9999969005584717
frame_00002.jpg,47,-26,170,151,0.9999788999557495
frame_00006.jpg,58,-10,170,149,0.9999829530715942
frame_00009.jpg,47,-20,168,150,0.9999887943267822
frame_00010.jpg,48,-15,164,149,0.9999593496322632
frame_00015.jpg,46,-19,167,152,0.9999861717224121
frame_00018.jpg,48,-21,168,149,0.9999955892562866
frame_00021.jpg,46,-16,165,150,0.9999942779541016
