frame,x1,y1,x2,y2,prob
frame_00000.jpg,49,4,152,146,0.9998892545700073
frame_00001.jpg,48,2,158,151,0.999972939491272
frame_00003.jpg,45,-5,160,150,0.9998635053634644
frame_00008.jpg,45,4,150,147,0.9998674392700195
frame_00012.jpg,45,-3,166,155,0.9999923706054688
