frame,x1,y1,x2,y2,prob
frame_00000.jpg,45,5,150,147,0.9998301267623901
frame_00001.jpg,48,2,158,151,0.9999741315841675
frame_00003.jpg,45,-4,160,150,0.9997406601905823
frame_00008.jpg,45,4,150,147,0.9998700618743896
frame_00012.jpg,45,-3,166,155,0.9999918937683105
