frame,x1,y1,x2,y2,prob
frame_00000.jpg,47,-11,170,163,0.9999921321868896
frame_00001.jpg,45,-8,167,161,0.9999836683273315
frame_00003.jpg,52,-16,168,163,0.9998351335525513
frame_00004.jpg,50,-10,167,166,0.9989822506904602
