frame,x1,y1,x2,y2,prob
frame_00000.jpg,47,-11,170,163,0.9999920129776001
frame_00001.jpg,46,-8,167,161,0.9999889135360718
frame_00003.jpg,52,-16,168,162,0.9997523427009583
frame_00004.jpg,51,-10,167,165,0.999049723148346
