frame,x1,y1,x2,y2,prob
frame_00000.jpg,52,-2,169,159,0.9981679916381836
frame_00004.jpg,55,-2,168,152,0.9997996687889099
frame_00011.jpg,55,-10,171,151,0.999810516834259
frame_00019.jpg,51,0,168,157,0.9990046620368958
frame_00021.jpg,52,-6,168,149,0.999728262424469
