frame,x1,y1,x2,y2,prob
frame_00000.jpg,52,-2,170,159,0.9987001419067383
frame_00004.jpg,54,-1,167,153,0.9998289346694946
frame_00011.jpg,55,-10,171,151,0.9998301267623901
frame_00019.jpg,52,0,168,159,0.9988837838172913
frame_00021.jpg,52,-6,169,149,0.9997276663780212
