frame,x1,y1,x2,y2,prob
frame_00000.jpg,48,-6,170,158,0.9997372031211853
frame_00002.jpg,46,-11,175,163,0.9998568296432495
frame_00005.jpg,46,-14,174,159,0.999893307685852
frame_00018.jpg,46,-6,173,161,0.9999622106552124
