frame,x1,y1,x2,y2,prob
frame_00000.jpg,48,-6,170,158,0.9997351765632629
frame_00002.jpg,46,-11,175,163,0.9998550415039062
frame_00005.jpg,46,-14,175,159,0.9998928308486938
frame_00018.jpg,46,-6,173,161,0.999972939491272
