frame,x1,y1,x2,y2,prob
frame_00000.jpg,55,-1,170,152,0.9996854066848755
frame_00001.jpg,51,-5,171,155,0.9997788071632385
frame_00002.jpg,51,-4,166,150,0.9999737739562988
frame_00003.jpg,50,-3,171,156,0.9999266862869263
frame_00005.jpg,56,2,164,154,0.9992563128471375
frame_00011.jpg,55,-5,173,158,0.9997619986534119
frame_00013.jpg,59,-1,170,153,0.9999265670776367
