frame,x1,y1,x2,y2,prob
frame_00000.jpg,55,-3,171,153,0.9997691512107849
frame_00001.jpg,51,-5,170,155,0.9997736811637878
frame_00002.jpg,51,-4,166,150,0.9999740123748779
frame_00003.jpg,50,-3,171,156,0.9999279975891113
frame_00005.jpg,55,-8,169,151,0.9989822506904602
frame_00011.jpg,57,-4,172,157,0.9998583793640137
frame_00013.jpg,59,-1,170,153,0.9999349117279053
