frame,x1,y1,x2,y2,prob
frame_00000.jpg,53,-10,176,165,0.9999886751174927
frame_00002.jpg,52,-9,170,161,0.9999833106994629
frame_00006.jpg,53,-6,170,161,0.9997953772544861
frame_00007.jpg,51,-5,173,160,0.9999575614929199
frame_00008.jpg,53,-4,173,165,0.9987251162528992
frame_00010.jpg,55,-9,174,158,0.999386191368103
frame_00012.jpg,53,-9,173,159,0.9999974966049194
frame_00013.jpg,53,-9,175,164,0.9993911981582642
frame_00016.jpg,50,-24,174,157,0.9996170997619629
frame_00019.jpg,56,0,170,159,0.9992882609367371
frame_00020.jpg,54,-7,176,164,0.999453604221344
frame_00021.jpg,53,-3,174,160,0.9999719858169556
frame_00024.jpg,54,0,172,162,0.9992955923080444
frame_00027.jpg,54,-10,175,162,0.9999834299087524
frame_00032.jpg,51,-7,173,162,0.9999839067459106
frame_00034.jpg,51,-6,171,160,0.9997738003730774
frame_00035.jpg,50,0,168,163,0.9999828338623047
frame_00037.jpg,56,-4,173,161,0.9999493360519409
frame_00038.jpg,54,-4,170,161,0.9999704360961914
frame_00040.jpg,56,-7,175,162,0.9998525381088257
frame_00042.jpg,55,-9,178,163,0.9999837875366211
frame_00047.jpg,54,3,169,167,0.9990862607955933
