frame,x1,y1,x2,y2,prob
frame_00000.jpg,51,-3,169,157,0.9994602799415588
frame_00004.jpg,54,-2,169,154,0.9995200634002686
frame_00010.jpg,56,-2,173,156,0.9984295964241028
frame_00019.jpg,53,0,168,159,0.9989320635795593
