frame,x1,y1,x2,y2,prob
frame_00000.jpg,51,-3,168,157,0.9994613528251648
frame_00004.jpg,54,-2,169,154,0.9995013475418091
frame_00010.jpg,56,-2,173,156,0.9984132051467896
frame_00019.jpg,52,-1,168,159,0.9989903569221497
