frame,x1,y1,x2,y2,prob
frame_00000.jpg,39,-21,187,156,0.9999704360961914
frame_00006.jpg,41,-20,190,156,0.9999830722808838
frame_00009.jpg,44,-22,188,155,0.9999786615371704
frame_00010.jpg,40,-18,186,158,0.9999526739120483
