frame,x1,y1,x2,y2,prob
frame_00000.jpg,40,-9,180,158,0.9999674558639526
frame_00006.jpg,42,-20,190,156,0.9999815225601196
frame_00009.jpg,44,-23,188,155,0.9999784231185913
frame_00010.jpg,41,-17,186,157,0.9999611377716064
