frame,x1,y1,x2,y2,prob
frame_00000.jpg,66,0,176,153,0.999983549118042
frame_00004.jpg,61,4,172,153,0.9999998807907104
frame_00007.jpg,58,4,172,155,1.0
frame_00014.jpg,56,2,174,161,0.9999998807907104
frame_00018.jpg,56,-1,175,163,1.0
frame_00019.jpg,57,0,174,160,0.9999997615814209
frame_00024.jpg,51,-4,172,164,0.9999994039535522
frame_00026.jpg,52,-6,173,157,0.9999983310699463
frame_00027.jpg,55,-5,171,157,0.9999185800552368
frame_00033.jpg,62,3,171,152,0.9999996423721313
