frame,x1,y1,x2,y2,prob
frame_00000.jpg,66,0,175,152,0.9999579191207886
frame_00004.jpg,62,3,172,154,0.9999998807907104
frame_00007.jpg,59,4,173,155,1.0
frame_00014.jpg,56,1,175,161,0.9999998807907104
frame_00018.jpg,56,-2,175,163,1.0
frame_00019.jpg,57,-1,174,162,0.9999998807907104
frame_00024.jpg,51,-4,172,164,0.9999991655349731
frame_00026.jpg,52,-6,173,157,0.9999983310699463
frame_00027.jpg,54,-4,170,158,0.9998481273651123
frame_00033.jpg,62,3,171,152,0.9999996423721313
