frame,x1,y1,x2,y2,prob
frame_00000.jpg,54,-2,168,171,0.9999947547912598
frame_00001.jpg,51,-7,170,161,0.9999971389770508
frame_00008.jpg,49,-23,167,151,0.9999871253967285
frame_00010.jpg,46,-14,171,164,0.9999980926513672
frame_00016.jpg,49,-32,174,164,0.9999969005584717
frame_00022.jpg,42,-25,169,159,0.9999964237213135
frame_00027.jpg,48,-14,169,157,0.999992847442627
frame_00032.jpg,46,-14,168,161,0.9999865293502808
frame_00040.jpg,53,-16,169,164,0.9999995231628418
