frame,x1,y1,x2,y2,prob
frame_00000.jpg,55,-1,169,172,0.9999967813491821
frame_00001.jpg,51,-7,170,161,0.9999972581863403
frame_00008.jpg,49,-23,167,151,0.999987006187439
frame_00010.jpg,54,-18,170,162,0.9999983310699463
frame_00016.jpg,49,-32,173,164,0.9999974966049194
frame_00022.jpg,42,-24,169,159,0.9999949932098389
frame_00027.jpg,48,-14,169,157,0.9999929666519165
frame_00032.jpg,46,-14,168,161,0.9999864101409912
frame_00040.jpg,53,-16,169,164,0.9999994039535522
