frame,x1,y1,x2,y2,prob
frame_00000.jpg,38,-14,185,161,0.9999995231628418
frame_00002.jpg,40,-16,189,163,0.9999997615814209
frame_00005.jpg,45,0,181,154,0.999998927116394
frame_00008.jpg,49,-10,188,160,0.9999988079071045
frame_00011.jpg,37,-11,183,155,0.9999716281890869
frame_00015.jpg,45,-5,185,162,0.9999983310699463
frame_00017.jpg,43,-11,185,161,0.9999986886978149
frame_00022.jpg,40,-16,185,162,0.9999985694885254
frame_00026.jpg,45,-7,181,157,0.9999997615814209
