frame,x1,y1,x2,y2,prob
frame_00000.jpg,38,-15,186,161,0.9999995231628418
frame_00002.jpg,40,-17,189,162,0.9999997615814209
frame_00005.jpg,45,0,181,154,0.999998927116394
frame_00008.jpg,48,-12,189,160,0.9999991655349731
frame_00011.jpg,36,-12,183,156,0.9999616146087646
frame_00015.jpg,45,-5,185,162,0.9999983310699463
frame_00017.jpg,45,-9,185,161,0.9999992847442627
frame_00022.jpg,44,-7,184,162,0.9999995231628418
frame_00026.jpg,45,-7,181,157,0.9999997615814209
