frame,x1,y1,x2,y2,prob
frame_00000.jpg,41,-5,164,159,0.9998254179954529
frame_00001.jpg,42,1,160,158,0.9996366500854492
frame_00002.jpg,37,-7,163,167,0.9995754361152649
frame_00005.jpg,41,-6,161,166,0.9981800317764282
