frame,x1,y1,x2,y2,prob
frame_00000.jpg,42,2,159,152,0.99983811378479
frame_00001.jpg,42,1,161,157,0.9995844960212708
frame_00002.jpg,37,-7,163,167,0.999583899974823
frame_00005.jpg,41,-6,161,165,0.9981846213340759
