frame,x1,y1,x2,y2,prob
frame_00000.jpg,40,-23,174,159,0.9999948740005493
frame_00003.jpg,40,-22,177,159,0.9999978542327881
frame_00004.jpg,41,-22,181,162,0.9999901056289673
frame_00011.jpg,41,-17,175,159,0.9999961853027344
frame_00016.jpg,44,-8,171,158,0.9999406337738037
