frame,x1,y1,x2,y2,prob
frame_00000.jpg,40,-23,174,159,0.9999947547912598
frame_00003.jpg,41,-21,178,159,0.9999971389770508
frame_00004.jpg,41,-22,181,163,0.9999902248382568
frame_00011.jpg,41,-18,175,158,0.9999967813491821
frame_00016.jpg,45,-7,171,158,0.9999405145645142
