frame,x1,y1,x2,y2,prob
frame_00000.jpg,56,-1,170,154,0.9996991157531738
frame_00001.jpg,52,-2,168,156,0.9988717436790466
frame_00008.jpg,56,-5,170,153,0.9999732971191406
frame_00014.jpg,61,0,170,151,0.9997244477272034
frame_00015.jpg,58,0,169,153,0.999969482421875
