frame,x1,y1,x2,y2,prob
frame_00000.jpg,56,-1,170,154,0.9997057318687439
frame_00001.jpg,53,-1,168,154,0.9987442493438721
frame_00008.jpg,56,-5,170,153,0.9999730587005615
frame_00014.jpg,60,-1,168,149,0.999609649181366
frame_00015.jpg,58,0,169,153,0.9999682903289795
