frame,x1,y1,x2,y2,prob
frame_00000.jpg,57,8,171,154,0.9998776912689209
frame_00007.jpg,55,2,170,163,0.999677300453186
frame_00008.jpg,54,6,168,153,0.9990355968475342
frame_00012.jpg,55,0,170,162,0.9987647533416748
frame_00016.jpg,58,6,170,160,0.9994794726371765
frame_00050.jpg,52,-3,169,164,0.9976879358291626
