frame,x1,y1,x2,y2,prob
frame_00000.jpg,57,8,171,153,0.9998770952224731
frame_00007.jpg,55,3,174,162,0.9999167919158936
frame_00008.jpg,54,6,168,154,0.9990255832672119
frame_00012.jpg,55,0,170,163,0.9996604919433594
frame_00016.jpg,57,5,170,157,0.9997814297676086
frame_00050.jpg,52,-3,169,164,0.9977203011512756
