frame,x1,y1,x2,y2,prob
frame_00000.jpg,36,-26,178,167,0.9999430179595947
frame_00003.jpg,40,-8,168,160,0.9999083280563354
