frame,x1,y1,x2,y2,prob
frame_00000.jpg,52,-1,172,154,0.9998886585235596
frame_00003.jpg,48,3,168,157,0.9996711015701294
frame_00009.jpg,49,0,170,159,0.9997441172599792
frame_00018.jpg,53,2,172,158,0.9996805191040039
frame_00022.jpg,50,0,168,161,0.9999767541885376
frame_00026.jpg,54,1,171,158,0.9999780654907227
