frame,x1,y1,x2,y2,prob
frame_00000.jpg,52,-1,172,154,0.9998902082443237
frame_00003.jpg,48,3,168,157,0.9996728897094727
frame_00009.jpg,47,0,171,159,0.9998136162757874
frame_00018.jpg,53,2,171,158,0.9996789693832397
frame_00022.jpg,50,2,167,159,0.9999812841415405
frame_00026.jpg,54,1,171,158,0.9999783039093018
