frame,x1,y1,x2,y2,prob
frame_00000.jpg,180,90,437,464,0.9999675750732422
frame_00005.jpg,157,73,433,459,0.999996542930603
frame_00007.jpg,145,48,424,442,0.9999728202819824
frame_00009.jpg,146,48,422,421,0.9999881982803345
frame_00012.jpg,139,51,401,411,0.9999957084655762
frame_00015.jpg,136,62,403,433,0.999943733215332
frame_00021.jpg,122,52,385,420,0.999998927116394
frame_00024.jpg,112,56,382,413,0.9999964237213135
frame_00037.jpg,114,53,395,433,0.999991774559021
