frame,x1,y1,x2,y2,prob
frame_00000.jpg,180,90,437,464,0.9999679327011108
frame_00005.jpg,156,73,433,459,0.9999958276748657
frame_00007.jpg,145,48,424,442,0.9999728202819824
frame_00009.jpg,146,48,422,421,0.9999881982803345
frame_00012.jpg,139,51,399,411,0.999995231628418
frame_00015.jpg,136,62,403,433,0.9999440908432007
frame_00021.jpg,122,52,385,420,0.999998927116394
frame_00024.jpg,112,54,382,415,0.999995231628418
frame_00037.jpg,114,52,395,433,0.999994158744812
