frame,x1,y1,x2,y2,prob
frame_00000.jpg,55,0,159,154,0.9998254179954529
frame_00001.jpg,57,0,157,151,0.9999408721923828
frame_00002.jpg,50,-4,161,150,0.9999983310699463
