frame,x1,y1,x2,y2,prob
frame_00000.jpg,55,0,159,154,0.9998244643211365
frame_00001.jpg,58,0,157,150,0.999916672706604
frame_00002.jpg,51,-5,162,149,0.9999983310699463
