frame,x1,y1,x2,y2,prob
frame_00000.jpg,57,-4,179,161,0.9998611211776733
frame_00004.jpg,56,-3,179,161,0.9999247789382935
frame_00005.jpg,56,-2,177,158,0.9999673366546631
frame_00013.jpg,59,-1,180,153,0.9999117851257324
frame_00016.jpg,58,-3,183,161,0.997962474822998
frame_00021.jpg,52,-8,179,152,0.999852180480957
frame_00023.jpg,53,-14,181,149,0.9999030828475952
frame_00026.jpg,54,-4,181,160,0.9998986721038818
frame_00028.jpg,50,-6,180,164,0.999970555305481
frame_00030.jpg,58,0,182,160,0.9998859167098999
frame_00036.jpg,54,-1,180,155,0.9999616146087646
frame_00042.jpg,57,-7,186,154,0.9998207688331604
frame_00045.jpg,67,2,190,161,0.9999969005584717
frame_00046.jpg,55,1,181,161,0.9999520778656006
frame_00051.jpg,54,0,178,156,0.9998708963394165
frame_00058.jpg,54,0,179,155,0.999987006187439
frame_00064.jpg,57,-5,179,151,0.9999890327453613
frame_00070.jpg,53,0,175,157,0.9999396800994873
