frame,x1,y1,x2,y2,prob
frame_00000.jpg,53,-7,172,167,0.9999945163726807
frame_00004.jpg,52,-1,168,162,0.9999963045120239
frame_00006.jpg,49,-1,163,154,0.9999910593032837
frame_00008.jpg,50,1,164,164,0.9999974966049194
frame_00014.jpg,53,-2,168,159,0.9999936819076538
frame_00016.jpg,51,-3,171,159,0.9999974966049194
frame_00017.jpg,50,-8,172,161,0.9999948740005493
frame_00021.jpg,48,-5,167,162,0.9999945163726807
frame_00024.jpg,50,-9,172,169,0.9999945163726807
