frame,x1,y1,x2,y2,prob
frame_00000.jpg,53,-8,172,167,0.9999945163726807
frame_00004.jpg,51,-1,168,161,0.9999963045120239
frame_00006.jpg,49,0,163,154,0.9999901056289673
frame_00008.jpg,50,1,164,164,0.9999961853027344
frame_00014.jpg,53,-2,168,158,0.9999935626983643
frame_00016.jpg,50,-6,171,160,0.9999961853027344
frame_00017.jpg,50,-8,172,161,0.999996542930603
frame_00021.jpg,48,-6,167,162,0.999991774559021
frame_00024.jpg,50,-9,172,169,0.9999943971633911
