frame,x1,y1,x2,y2,prob
frame_00000.jpg,54,-9,169,154,0.9999054670333862
frame_00003.jpg,47,-12,168,154,0.9999582767486572
frame_00012.jpg,48,-17,173,155,0.9999722242355347
