frame,x1,y1,x2,y2,prob
frame_00000.jpg,53,-9,169,154,0.999901533126831
frame_00003.jpg,47,-12,168,154,0.9999581575393677
frame_00012.jpg,49,-16,173,155,0.9999700784683228
