frame,x1,y1,x2,y2,prob
frame_00000.jpg,50,0,167,150,0.9999884366989136
frame_00003.jpg,49,-1,169,151,0.9999982118606567
frame_00011.jpg,49,0,168,154,0.9999887943267822
frame_00012.jpg,53,0,165,149,0.999996542930603
frame_00017.jpg,54,-6,166,145,0.999998927116394
frame_00020.jpg,52,-4,162,149,0.9999974966049194
frame_00024.jpg,52,1,167,151,0.9999991655349731
frame_00026.jpg,55,-2,172,150,0.9999955892562866
frame_00031.jpg,53,-5,170,154,1.0
