frame,x1,y1,x2,y2,prob
frame_00000.jpg,51,0,167,149,0.9999886751174927
frame_00003.jpg,51,-1,170,151,0.9999972581863403
frame_00011.jpg,49,0,168,154,0.9999892711639404
frame_00012.jpg,53,0,165,149,0.999996542930603
frame_00017.jpg,54,-6,166,145,0.999998927116394
frame_00020.jpg,52,-11,164,149,0.9999979734420776
frame_00024.jpg,51,1,166,151,0.9999991655349731
frame_00026.jpg,55,-2,171,149,0.9999970197677612
frame_00031.jpg,53,-6,170,154,1.0
