frame,x1,y1,x2,y2,prob
frame_00000.jpg,59,1,169,153,0.999997615814209
frame_00005.jpg,56,3,168,152,0.9999417066574097
frame_00010.jpg,61,-1,175,154,0.9999946355819702
frame_00020.jpg,63,10,175,149,0.9999998807907104
frame_00021.jpg,61,2,175,146,0.9999998807907104
frame_00026.jpg,65,2,174,155,0.9999961853027344
frame_00030.jpg,58,0,175,155,0.999996542930603
frame_00037.jpg,59,-9,174,152,0.9999533891677856
