frame,x1,y1,x2,y2,prob
frame_00000.jpg,56,-4,164,154,0.9999837875366211
frame_00006.jpg,64,2,170,157,0.9999442100524902
frame_00011.jpg,59,1,167,153,0.9999735355377197
