frame,x1,y1,x2,y2,prob
frame_00000.jpg,56,-4,164,154,0.9999841451644897
frame_00006.jpg,64,2,170,157,0.9999443292617798
frame_00011.jpg,60,0,167,153,0.9999672174453735
