frame,x1,y1,x2,y2,prob
frame_00000.jpg,53,-2,176,156,0.9999996423721313
frame_00003.jpg,54,-2,173,156,0.9999997615814209
frame_00006.jpg,53,-1,167,153,0.9999997615814209
frame_00008.jpg,53,-7,173,155,0.9999995231628418
frame_00012.jpg,52,-3,172,155,0.9999995231628418
frame_00014.jpg,56,-5,176,154,0.9999996423721313
frame_00018.jpg,51,-18,176,155,0.9999982118606567
frame_00020.jpg,50,-4,171,154,1.0
frame_00021.jpg,53,-7,173,153,1.0
