frame,x1,y1,x2,y2,prob
frame_00000.jpg,48,-14,171,162,0.9999473094940186
frame_00001.jpg,51,-7,168,157,0.9999971389770508
frame_00002.jpg,53,-6,170,158,0.9998903274536133
frame_00004.jpg,55,-9,168,152,0.9999748468399048
frame_00005.jpg,57,-5,172,156,0.9999551773071289
frame_00006.jpg,48,-10,170,159,0.9999896287918091
frame_00007.jpg,51,-4,171,159,0.9999955892562866
frame_00008.jpg,51,-10,171,151,0.9999781847000122
frame_00009.jpg,49,-14,170,158,0.9998968839645386
frame_00010.jpg,51,-3,173,165,0.9999649524688721
frame_00011.jpg,45,-20,177,157,0.9999948740005493
