frame,x1,y1,x2,y2,prob
frame_00000.jpg,48,-5,168,152,0.9999810457229614
frame_00016.jpg,53,-12,173,153,0.9999996423721313
frame_00019.jpg,54,-6,170,155,0.9999992847442627
frame_00020.jpg,53,-11,174,154,0.9999986886978149
frame_00024.jpg,45,-15,167,151,0.999995231628418
frame_00025.jpg,43,-13,167,156,0.9999922513961792
