frame,x1,y1,x2,y2,prob
frame_00000.jpg,47,-5,168,152,0.9999812841415405
frame_00016.jpg,52,-13,173,152,0.9999996423721313
frame_00019.jpg,54,-8,171,155,0.9999994039535522
frame_00020.jpg,54,-13,175,154,0.9999986886978149
frame_00024.jpg,46,-14,166,149,0.9999892711639404
frame_00025.jpg,43,-13,167,156,0.9999923706054688
