frame,x1,y1,x2,y2,prob
frame_00000.jpg,59,-7,175,151,0.999996542930603
frame_00002.jpg,53,-15,172,156,0.9998788833618164
frame_00005.jpg,51,-11,169,149,0.9999836683273315
frame_00008.jpg,50,-21,172,154,0.9999861717224121
frame_00015.jpg,44,-23,164,148,0.9999527931213379
