frame,x1,y1,x2,y2,prob
frame_00000.jpg,59,-8,175,151,0.9999963045120239
frame_00002.jpg,53,-15,172,156,0.9998779296875
frame_00005.jpg,51,-10,168,149,0.9999830722808838
frame_00008.jpg,50,-21,171,154,0.9999865293502808
frame_00015.jpg,53,-8,167,153,0.9999908208847046
