frame,x1,y1,x2,y2,prob
frame_00000.jpg,43,-17,178,153,0.9999927282333374
frame_00002.jpg,40,-23,177,153,0.9999967813491821
frame_00005.jpg,45,-8,170,146,0.9999979734420776
frame_00007.jpg,44,-18,179,151,0.9999990463256836
frame_00021.jpg,43,-34,180,148,0.9999973773956299
frame_00033.jpg,48,-8,176,150,0.9999961853027344
