frame,x1,y1,x2,y2,prob
frame_00000.jpg,42,-15,177,153,0.9999932050704956
frame_00002.jpg,50,-3,171,147,0.9999972581863403
frame_00005.jpg,45,-8,170,146,0.9999980926513672
frame_00007.jpg,44,-11,173,147,0.9999990463256836
frame_00021.jpg,43,-34,179,148,0.9999973773956299
frame_00033.jpg,48,-8,176,150,0.9999961853027344
