frame,x1,y1,x2,y2,prob
frame_00000.jpg,51,-2,179,162,0.9999992847442627
frame_00003.jpg,53,-8,174,163,0.9999960660934448
frame_00006.jpg,54,-3,181,163,0.9999992847442627
frame_00008.jpg,53,-7,180,164,0.9999924898147583
frame_00014.jpg,51,-7,183,164,0.9999997615814209
frame_00020.jpg,55,-7,181,158,0.9999997615814209
frame_00023.jpg,51,-5,178,165,0.9999988079071045
frame_00026.jpg,53,-5,178,162,0.9999994039535522
