frame,x1,y1,x2,y2,prob
frame_00000.jpg,50,-2,178,161,0.9999995231628418
frame_00003.jpg,54,-8,174,163,0.9999960660934448
frame_00006.jpg,54,-3,181,163,0.9999992847442627
frame_00008.jpg,53,-7,180,164,0.9999926090240479
frame_00014.jpg,51,-7,183,164,0.9999997615814209
frame_00020.jpg,54,-7,181,158,0.9999997615814209
frame_00023.jpg,52,-3,177,164,0.9999992847442627
frame_00026.jpg,53,-5,178,161,0.9999994039535522
