frame,x1,y1,x2,y2,prob
frame_00000.jpg,46,-14,171,153,0.9998267292976379
frame_00002.jpg,47,-19,174,154,0.9998822212219238
frame_00004.jpg,47,-22,172,152,0.9997912049293518
frame_00008.jpg,48,-10,171,152,0.9998062252998352
frame_00030.jpg,48,-15,172,154,0.9999794960021973
frame_00034.jpg,53,-11,176,158,0.999937891960144
frame_00038.jpg,44,-12,169,158,0.9999401569366455
frame_00039.jpg,45,-18,172,157,0.9999614953994751
frame_00042.jpg,45,-18,172,155,0.9998503923416138
