frame,x1,y1,x2,y2,prob
frame_00000.jpg,46,-14,170,153,0.9998276233673096
frame_00002.jpg,47,-19,174,154,0.9998869895935059
frame_00004.jpg,49,-12,173,153,0.9997811913490295
frame_00008.jpg,48,-10,171,152,0.9998026490211487
frame_00030.jpg,48,-15,172,154,0.9999797344207764
frame_00034.jpg,53,-11,176,159,0.9999390840530396
frame_00038.jpg,44,-13,169,158,0.9999194145202637
frame_00039.jpg,45,-18,172,157,0.9999613761901855
frame_00042.jpg,45,-18,172,155,0.999852180480957
