frame,x1,y1,x2,y2,prob
frame_00000.jpg,34,-23,185,156,0.9999970197677612
frame_00002.jpg,39,-19,187,160,0.9999972581863403
frame_00014.jpg,33,-27,187,157,0.9999969005584717
frame_00015.jpg,35,-22,185,154,0.9999947547912598
frame_00023.jpg,39,-14,182,158,0.9999854564666748
frame_00025.jpg,38,-29,185,156,0.9999912977218628
frame_00029.jpg,43,-19,181,156,0.9998539686203003
