frame,x1,y1,x2,y2,prob
frame_00000.jpg,34,-23,186,157,0.999996542930603
frame_00002.jpg,38,-19,186,160,0.9999974966049194
frame_00014.jpg,33,-27,188,158,0.9999969005584717
frame_00015.jpg,35,-22,185,154,0.9999951124191284
frame_00023.jpg,39,-14,182,158,0.9999854564666748
frame_00025.jpg,38,-30,186,156,0.9999942779541016
frame_00029.jpg,44,-14,182,158,0.9998433589935303
