frame,x1,y1,x2,y2,prob
frame_00000.jpg,56,-12,169,153,0.9999713897705078
frame_00002.jpg,56,-8,171,156,0.9999992847442627
frame_00003.jpg,52,-9,170,158,0.9999924898147583
frame_00004.jpg,59,-11,174,159,0.9999992847442627
frame_00006.jpg,55,-14,174,158,0.999988317489624
frame_00008.jpg,56,-11,170,152,0.9999926090240479
frame_00010.jpg,60,-10,174,157,0.9999920129776001
frame_00016.jpg,57,-12,172,155,0.9999604225158691
