frame,x1,y1,x2,y2,prob
frame_00000.jpg,57,-10,168,153,0.9999434947967529
frame_00002.jpg,56,-8,171,156,0.9999992847442627
frame_00003.jpg,52,-9,169,157,0.9999876022338867
frame_00004.jpg,58,-11,174,160,0.9999992847442627
frame_00006.jpg,55,-14,173,157,0.9999821186065674
frame_00008.jpg,56,-12,170,152,0.9999926090240479
frame_00010.jpg,59,-11,174,157,0.9999918937683105
frame_00016.jpg,57,-12,172,155,0.9999593496322632
