frame,x1,y1,x2,y2,prob
frame_00000.jpg,53,-5,168,160,0.9998593330383301
frame_00001.jpg,52,0,170,160,0.9995824694633484
frame_00006.jpg,51,-3,166,156,0.9995788931846619
frame_00009.jpg,50,-8,171,161,0.9999216794967651
frame_00010.jpg,47,-3,166,158,0.9999862909317017
frame_00012.jpg,48,4,161,157,0.9999969005584717
frame_00015.jpg,53,3,166,157,0.9999178647994995
frame_00016.jpg,54,3,169,161,0.9995344877243042
