frame,x1,y1,x2,y2,prob
frame_00000.jpg,52,-3,170,164,0.9994296431541443
frame_00001.jpg,52,0,170,160,0.9995761513710022
frame_00006.jpg,51,-3,167,156,0.999618411064148
frame_00009.jpg,49,-8,171,161,0.9999226331710815
frame_00010.jpg,47,-3,166,158,0.9999861717224121
frame_00012.jpg,48,3,162,157,0.9999943971633911
frame_00015.jpg,54,1,167,158,0.9998446702957153
frame_00016.jpg,52,1,168,161,0.9996650218963623
