frame,x1,y1,x2,y2,prob
frame_00000.jpg,51,-19,167,147,0.9973880648612976
frame_00002.jpg,55,-11,163,147,0.9978399276733398
frame_00005.jpg,51,-14,167,147,0.9971243739128113
frame_00007.jpg,53,-12,168,149,0.9972929358482361
frame_00017.jpg,53,4,158,143,0.9989757537841797
frame_00032.jpg,53,1,162,147,0.9999493360519409
frame_00036.jpg,53,-8,166,145,0.9978137016296387
frame_00038.jpg,55,-1,164,143,0.9999926090240479
