frame,x1,y1,x2,y2,prob
frame_00000.jpg,52,-17,166,146,0.9971874356269836
frame_00002.jpg,55,-12,164,148,0.998204231262207
frame_00005.jpg,51,-14,167,147,0.9971129894256592
frame_00007.jpg,53,-12,168,149,0.9973434805870056
frame_00017.jpg,53,4,158,143,0.9989824891090393
frame_00032.jpg,55,0,163,147,0.9999681711196899
frame_00036.jpg,53,-8,166,145,0.9978103041648865
frame_00038.jpg,55,0,163,143,0.999993085861206
