frame,x1,y1,x2,y2,prob
frame_00000.jpg,47,-16,173,161,0.9999873638153076
frame_00022.jpg,47,-11,173,159,0.9999299049377441
frame_00025.jpg,46,-10,173,163,0.9997046589851379
frame_00027.jpg,45,-12,176,164,0.9999061822891235
frame_00031.jpg,48,-12,175,164,0.9998416900634766
