frame,x1,y1,x2,y2,prob
frame_00000.jpg,47,-15,174,161,0.9999874830245972
frame_00022.jpg,47,-11,173,159,0.999929666519165
frame_00025.jpg,46,-10,173,163,0.9997099041938782
frame_00027.jpg,45,-11,175,164,0.9999052286148071
frame_00031.jpg,48,-12,175,164,0.9998518228530884
