frame,x1,y1,x2,y2,prob
frame_00000.jpg,53,-5,169,155,0.9999947547912598
frame_00005.jpg,52,0,168,158,0.9999808073043823
frame_00006.jpg,54,0,170,154,0.9999992847442627
frame_00008.jpg,47,-3,165,155,0.9999828338623047
frame_00010.jpg,51,2,167,158,0.9999963045120239
frame_00013.jpg,44,-1,165,156,0.9999912977218628
frame_00014.jpg,46,-2,166,159,0.9996645450592041
frame_00016.jpg,49,-1,167,156,0.9999918937683105
frame_00018.jpg,48,0,163,151,0.9998992681503296
frame_00020.jpg,47,-4,168,162,0.999923825263977
frame_00022.jpg,46,-11,170,162,0.9999551773071289
frame_00024.jpg,49,-1,167,156,0.9999923706054688
frame_00029.jpg,48,-3,171,161,0.9999202489852905
frame_00032.jpg,49,0,167,160,0.9999619722366333
frame_00033.jpg,48,0,166,159,0.9999680519104004
frame_00035.jpg,51,3,167,157,0.9999997615814209
frame_00036.jpg,48,-4,172,151,0.9999744892120361
frame_00039.jpg,50,0,164,151,0.9999971389770508
frame_00040.jpg,50,-2,167,154,0.9999819993972778
frame_00041.jpg,49,-2,165,159,0.9999560117721558
frame_00043.jpg,51,0,167,157,0.9999746084213257
frame_00044.jpg,49,-2,169,164,0.999453604221344
frame_00046.jpg,51,0,170,159,0.9995368719100952
frame_00050.jpg,49,-2,169,162,0.999993085861206
frame_00052.jpg,46,0,168,161,0.9999639987945557
frame_00053.jpg,44,-2,168,164,0.9999427795410156
frame_00055.jpg,51,0,167,156,0.9999958276748657
frame_00056.jpg,49,0,168,157,0.9999182224273682
frame_00057.jpg,48,-3,168,152,0.9999905824661255
frame_00058.jpg,53,-4,168,153,0.9999721050262451
