frame,x1,y1,x2,y2,prob
frame_00000.jpg,59,-1,164,155,0.9999163150787354
frame_00010.jpg,59,0,165,153,0.9999701976776123
