frame,x1,y1,x2,y2,prob
frame_00000.jpg,59,-2,164,155,0.9999171495437622
frame_00010.jpg,59,0,165,153,0.9999704360961914
