frame,x1,y1,x2,y2,prob
frame_00000.jpg,58,-1,168,149,0.9999998807907104
frame_00018.jpg,52,-9,173,157,0.9999998807907104
frame_00023.jpg,59,-5,171,152,1.0
frame_00028.jpg,57,-7,173,150,1.0
frame_00030.jpg,56,-9,176,153,0.9999960660934448
frame_00032.jpg,56,0,172,150,1.0
frame_00036.jpg,56,-6,174,149,0.9999998807907104
