frame,x1,y1,x2,y2,prob
frame_00000.jpg,59,0,167,147,0.9999998807907104
frame_00018.jpg,52,-9,173,157,0.9999998807907104
frame_00023.jpg,60,-4,171,152,0.9999998807907104
frame_00028.jpg,56,-11,175,150,1.0
frame_00030.jpg,55,-8,174,152,0.9999920129776001
frame_00032.jpg,58,0,173,149,1.0
frame_00036.jpg,56,-6,174,149,0.9999998807907104
