frame,x1,y1,x2,y2,prob
frame_00000.jpg,45,1,175,164,0.9999905824661255
frame_00005.jpg,43,-9,169,160,0.9997236132621765
frame_00009.jpg,44,-2,172,163,0.9999274015426636
frame_00017.jpg,45,-2,170,157,0.9998880624771118
frame_00021.jpg,45,-8,173,154,0.9999581575393677
frame_00024.jpg,49,-12,181,161,0.9998918771743774
frame_00032.jpg,53,-16,180,159,0.999947190284729
