frame,x1,y1,x2,y2,prob
frame_00000.jpg,45,1,175,164,0.999984860420227
frame_00005.jpg,44,1,171,161,0.9997720122337341
frame_00009.jpg,44,-2,172,163,0.9999284744262695
frame_00017.jpg,45,-1,170,157,0.9998886585235596
frame_00021.jpg,46,-8,171,152,0.9999562501907349
frame_00024.jpg,49,-11,180,161,0.9999061822891235
frame_00032.jpg,53,-16,181,160,0.9999465942382812
