frame,x1,y1,x2,y2,prob
frame_00000.jpg,50,-6,165,152,0.9999728202819824
frame_00007.jpg,47,-4,165,154,0.9999706745147705
frame_00012.jpg,49,-3,169,161,0.9998393058776855
frame_00015.jpg,54,-2,168,151,0.9997846484184265
