frame,x1,y1,x2,y2,prob
frame_00000.jpg,50,-6,166,152,0.9999728202819824
frame_00007.jpg,46,-4,163,155,0.9999370574951172
frame_00012.jpg,49,-3,169,161,0.999843955039978
frame_00015.jpg,51,-13,173,154,0.9997679591178894
