frame,x1,y1,x2,y2,prob
frame_00000.jpg,45,4,170,163,0.9992233514785767
frame_00005.jpg,52,7,168,158,0.9994693398475647
frame_00007.jpg,53,5,167,157,0.999601423740387
frame_00008.jpg,42,-3,166,164,0.9999761581420898
frame_00009.jpg,43,-5,168,162,0.9990068078041077
frame_00011.jpg,49,-10,174,158,0.9999173879623413
frame_00013.jpg,49,-8,174,154,0.9999772310256958
frame_00014.jpg,48,-13,173,154,0.999968409538269
frame_00015.jpg,45,-7,171,159,0.9999247789382935
frame_00017.jpg,53,0,171,156,0.9999889135360718
frame_00018.jpg,56,3,170,157,0.9999934434890747
frame_00019.jpg,46,-1,172,162,0.9999628067016602
frame_00021.jpg,49,-3,175,162,0.9999264478683472
frame_00024.jpg,50,-6,169,155,0.9999866485595703
frame_00026.jpg,51,-4,171,156,0.9999637603759766
frame_00028.jpg,53,-3,172,158,0.9999892711639404
frame_00031.jpg,45,-4,167,157,0.999491810798645
frame_00032.jpg,44,-7,170,155,0.9996933937072754
frame_00034.jpg,44,-10,174,158,0.9994485974311829
frame_00036.jpg,45,-1,171,160,0.9994255304336548
frame_00038.jpg,46,0,169,160,0.9997170567512512
frame_00040.jpg,47,2,174,163,0.9986019730567932
frame_00041.jpg,44,7,171,170,0.9998753070831299
frame_00042.jpg,44,12,174,174,0.9996229410171509
frame_00045.jpg,46,8,170,171,0.9976569414138794
frame_00046.jpg,43,0,173,166,0.9977802634239197
frame_00047.jpg,46,4,174,167,0.9985681772232056
