frame,x1,y1,x2,y2,prob
frame_00000.jpg,43,0,167,162,0.9998125433921814
frame_00008.jpg,45,-3,167,160,0.9999977350234985
frame_00013.jpg,47,-3,171,158,0.9999769926071167
frame_00016.jpg,51,-1,171,156,0.9999128580093384
