frame,x1,y1,x2,y2,prob
frame_00000.jpg,44,0,167,162,0.999824583530426
frame_00008.jpg,45,-3,167,160,0.9999977350234985
frame_00013.jpg,47,-3,171,158,0.9999765157699585
frame_00016.jpg,50,-2,171,157,0.9999070167541504
