frame,x1,y1,x2,y2,prob
frame_00000.jpg,47,-14,166,154,0.9999629259109497
frame_00021.jpg,49,-16,173,158,0.9999526739120483
