frame,x1,y1,x2,y2,prob
frame_00000.jpg,47,-14,166,153,0.9999632835388184
frame_00021.jpg,49,-16,173,159,0.9999680519104004
