frame,x1,y1,x2,y2,prob
frame_00000.jpg,44,2,162,159,0.9999995231628418
frame_00009.jpg,44,-19,164,155,0.9998480081558228
frame_00013.jpg,45,4,161,158,0.9999991655349731
frame_00024.jpg,46,0,160,153,0.9999452829360962
frame_00026.jpg,49,0,164,156,0.9999487400054932
frame_00030.jpg,44,-10,162,154,0.9999133348464966
frame_00034.jpg,43,-1,165,157,0.9999847412109375
frame_00043.jpg,44,-1,166,157,0.9999823570251465
