frame,x1,y1,x2,y2,prob
frame_00000.jpg,42,1,162,160,0.9999994039535522
frame_00009.jpg,44,-19,164,155,0.9998455047607422
frame_00013.jpg,45,4,161,158,0.9999991655349731
frame_00024.jpg,45,-1,161,154,0.9999667406082153
frame_00026.jpg,48,0,164,157,0.9999382495880127
frame_00030.jpg,44,-10,162,154,0.9999120235443115
frame_00034.jpg,43,0,165,157,0.9999849796295166
frame_00043.jpg,44,-1,166,157,0.999982476234436
