frame,x1,y1,x2,y2,prob
frame_00000.jpg,52,-22,166,145,0.9981518387794495
frame_00002.jpg,51,-11,164,145,0.9991037249565125
frame_00006.jpg,52,0,158,144,0.9955706000328064
frame_00007.jpg,52,0,161,146,0.9999748468399048
frame_00017.jpg,56,4,155,146,0.996726393699646
