frame,x1,y1,x2,y2,prob
frame_00000.jpg,52,-22,166,145,0.9981638789176941
frame_00002.jpg,51,-11,164,145,0.9987775683403015
frame_00006.jpg,52,0,158,144,0.9956076741218567
frame_00007.jpg,50,-18,167,146,0.9980548620223999
frame_00017.jpg,57,4,156,146,0.996736466884613
