frame,x1,y1,x2,y2,prob
frame_00000.jpg,52,-9,167,156,0.9998427629470825
frame_00020.jpg,50,-13,173,160,0.9999676942825317
frame_00021.jpg,48,-16,172,162,0.9998041987419128
