frame,x1,y1,x2,y2,prob
frame_00000.jpg,52,-9,168,156,0.9998440742492676
frame_00020.jpg,50,-13,173,160,0.9999679327011108
frame_00021.jpg,48,-17,172,162,0.9998072981834412
