frame,x1,y1,x2,y2,prob
frame_00000.jpg,62,0,165,143,0.9999905824661255
frame_00002.jpg,60,-5,172,148,0.9999716281890869
frame_00004.jpg,59,-2,172,153,0.9999953508377075
frame_00006.jpg,59,1,173,165,0.9999562501907349
frame_00010.jpg,61,6,168,157,0.9992146492004395
frame_00012.jpg,58,-5,172,158,0.9998742341995239
