frame,x1,y1,x2,y2,prob
frame_00000.jpg,62,0,165,142,0.9999910593032837
frame_00002.jpg,59,-5,172,148,0.9999713897705078
frame_00004.jpg,59,-2,172,153,0.9999954700469971
frame_00006.jpg,59,1,174,164,0.999974250793457
frame_00010.jpg,60,5,168,156,0.9995560050010681
frame_00012.jpg,58,-5,173,158,0.9999057054519653
