frame,x1,y1,x2,y2,prob
frame_00000.jpg,55,0,174,154,0.9999994039535522
frame_00003.jpg,59,-4,176,147,0.9992187023162842
frame_00008.jpg,53,-6,171,146,0.9999539852142334
frame_00009.jpg,53,-8,169,149,0.9993402361869812
frame_00011.jpg,46,-9,161,148,0.9997106194496155
frame_00012.jpg,48,-3,157,143,0.9994199275970459
frame_00016.jpg,54,-1,165,145,0.9993447661399841
