frame,x1,y1,x2,y2,prob
frame_00000.jpg,55,0,175,154,0.9999996423721313
frame_00003.jpg,59,-4,176,147,0.9992002844810486
frame_00008.jpg,53,-6,171,146,0.9999545812606812
frame_00009.jpg,52,-7,170,150,0.9993114471435547
frame_00011.jpg,46,-8,161,148,0.9997115731239319
frame_00012.jpg,48,-3,157,143,0.9994150400161743
frame_00016.jpg,53,-2,165,145,0.999601423740387
