frame,x1,y1,x2,y2,prob
frame_00000.jpg,48,3,165,154,0.9999998807907104
frame_00010.jpg,51,-5,174,155,0.9999983310699463
frame_00013.jpg,44,-11,173,156,0.999985933303833
frame_00023.jpg,48,-2,171,154,0.9999966621398926
frame_00025.jpg,50,-5,171,154,0.999985933303833
frame_00027.jpg,44,-6,166,157,0.9999983310699463
