frame,x1,y1,x2,y2,prob
frame_00000.jpg,49,2,165,154,0.9999998807907104
frame_00010.jpg,51,-5,174,155,0.9999984502792358
frame_00013.jpg,46,-7,171,156,0.9999827146530151
frame_00023.jpg,47,-3,171,154,0.9999969005584717
frame_00025.jpg,49,-6,171,154,0.9999861717224121
frame_00027.jpg,44,-6,166,157,0.9999982118606567
