frame,x1,y1,x2,y2,prob
frame_00000.jpg,51,0,169,151,0.9999510049819946
frame_00004.jpg,56,0,171,146,0.9996976852416992
frame_00011.jpg,51,-2,170,150,0.9999544620513916
frame_00013.jpg,55,-7,178,154,0.9998327493667603
