frame,x1,y1,x2,y2,prob
frame_00000.jpg,50,-1,169,150,0.9999593496322632
frame_00004.jpg,57,-1,172,145,0.9997221827507019
frame_00011.jpg,51,-2,170,150,0.9999550580978394
frame_00013.jpg,55,-7,178,154,0.9998310804367065
