frame,x1,y1,x2,y2,prob
frame_00000.jpg,39,-32,176,156,0.999976396560669
frame_00003.jpg,49,-18,179,157,0.9999159574508667
frame_00012.jpg,20,-35,168,163,0.9999985694885254
frame_00013.jpg,38,-14,169,163,0.999977707862854
frame_00015.jpg,27,-25,171,158,0.9999978542327881
frame_00019.jpg,43,-19,176,160,0.9999908208847046
frame_00022.jpg,40,-17,175,161,0.9999957084655762
frame_00026.jpg,49,-12,173,152,0.9999873638153076
frame_00029.jpg,42,-16,170,152,0.9999990463256836
