frame,x1,y1,x2,y2,prob
frame_00000.jpg,40,-33,177,156,0.9999746084213257
frame_00003.jpg,49,-18,178,157,0.9999176263809204
frame_00012.jpg,28,-22,170,166,0.9999985694885254
frame_00013.jpg,38,-14,169,163,0.9999780654907227
frame_00015.jpg,27,-25,171,158,0.9999978542327881
frame_00019.jpg,43,-19,175,160,0.9999910593032837
frame_00022.jpg,40,-17,175,161,0.9999955892562866
frame_00026.jpg,48,-12,172,153,0.99998939037323
frame_00029.jpg,42,-13,170,153,0.9999988079071045
