frame,x1,y1,x2,y2,prob
frame_00000.jpg,53,1,164,157,0.9995336532592773
frame_00003.jpg,54,1,162,153,0.9998014569282532
frame_00005.jpg,48,3,162,156,0.9999055862426758
frame_00008.jpg,48,-2,166,163,0.9998251795768738
frame_00009.jpg,49,-1,164,157,0.999909520149231
frame_00014.jpg,50,0,162,163,0.9998582601547241
frame_00016.jpg,48,5,161,159,0.9998600482940674
