frame,x1,y1,x2,y2,prob
frame_00000.jpg,50,4,162,155,0.9995868802070618
frame_00003.jpg,38,4,156,161,0.9998136162757874
frame_00005.jpg,48,3,162,156,0.9999055862426758
frame_00008.jpg,48,-2,166,163,0.9998252987861633
frame_00009.jpg,50,-1,164,156,0.9999090433120728
frame_00014.jpg,50,0,162,163,0.9998564720153809
frame_00016.jpg,48,5,161,159,0.9998613595962524
