frame,x1,y1,x2,y2,prob
frame_00000.jpg,49,-2,160,156,0.9997345805168152
frame_00003.jpg,47,0,160,154,0.9998235106468201
frame_00005.jpg,45,-4,159,153,0.9999972581863403
frame_00008.jpg,46,-3,157,148,0.9999961853027344
frame_00014.jpg,48,-4,160,152,0.9999970197677612
frame_00017.jpg,47,0,161,156,0.9999719858169556
frame_00021.jpg,45,-4,158,151,0.9999978542327881
frame_00023.jpg,49,-2,159,146,0.9999996423721313
frame_00028.jpg,50,-2,166,156,0.9999994039535522
