frame,x1,y1,x2,y2,prob
frame_00000.jpg,49,-2,160,156,0.9997352957725525
frame_00003.jpg,47,0,159,154,0.9998225569725037
frame_00005.jpg,45,-3,161,153,0.9999983310699463
frame_00008.jpg,46,-3,157,148,0.9999963045120239
frame_00014.jpg,49,-3,161,151,0.9999983310699463
frame_00017.jpg,46,0,161,156,0.9999868869781494
frame_00021.jpg,43,-5,158,150,0.9999991655349731
frame_00023.jpg,49,-2,158,145,0.9999996423721313
frame_00028.jpg,50,-2,166,156,0.9999994039535522
