frame,x1,y1,x2,y2,prob
frame_00000.jpg,43,-11,169,158,0.9999487400054932
frame_00002.jpg,44,-8,171,155,0.9999932050704956
