frame,x1,y1,x2,y2,prob
frame_00000.jpg,43,-12,170,158,0.9999418258666992
frame_00002.jpg,44,-9,172,155,0.9999934434890747
