frame,x1,y1,x2,y2,prob
frame_00000.jpg,49,-6,176,166,0.999996542930603
frame_00004.jpg,51,2,172,162,0.9984592199325562
frame_00010.jpg,47,2,170,161,0.9999899864196777
frame_00015.jpg,51,4,171,160,0.9998019337654114
frame_00022.jpg,49,2,169,162,0.9996135830879211
