frame,x1,y1,x2,y2,prob
frame_00000.jpg,50,-6,176,166,0.999996542930603
frame_00004.jpg,51,1,172,162,0.9984620809555054
frame_00010.jpg,47,2,169,161,0.9999899864196777
frame_00015.jpg,51,3,172,160,0.9998093247413635
frame_00022.jpg,49,2,169,162,0.9996179342269897
