frame,x1,y1,x2,y2,prob
frame_00000.jpg,34,-29,175,149,0.9984941482543945
frame_00003.jpg,33,-27,181,159,0.9999504089355469
frame_00006.jpg,36,-27,178,150,0.9989761114120483
frame_00010.jpg,36,-33,183,162,0.99997878074646
frame_00013.jpg,39,-25,181,155,0.9999499320983887
frame_00015.jpg,42,-34,181,149,0.9993399977684021
frame_00016.jpg,41,-40,182,147,0.9995848536491394
frame_00020.jpg,45,-15,177,157,0.9997913241386414
frame_00023.jpg,42,-19,174,150,0.9999887943267822
