frame,x1,y1,x2,y2,prob
frame_00000.jpg,32,-28,174,148,0.9985747337341309
frame_00003.jpg,34,-27,181,159,0.9999539852142334
frame_00006.jpg,39,-24,178,151,0.998542308807373
frame_00010.jpg,36,-33,183,162,0.99997878074646
frame_00013.jpg,40,-26,181,154,0.9999771118164062
frame_00015.jpg,42,-34,180,149,0.9993575215339661
frame_00016.jpg,41,-37,180,147,0.9994675517082214
frame_00020.jpg,45,-15,177,157,0.999789297580719
frame_00023.jpg,42,-19,174,150,0.9999891519546509
