frame,x1,y1,x2,y2,prob
frame_00000.jpg,43,5,144,146,0.9952168464660645
frame_00001.jpg,49,6,151,149,0.998658299446106
frame_00003.jpg,45,1,151,149,0.9960676431655884
frame_00005.jpg,41,0,149,149,0.9966585636138916
frame_00007.jpg,44,3,149,147,0.998589813709259
frame_00008.jpg,43,4,143,142,0.9980120658874512
frame_00009.jpg,43,7,145,151,0.9958958625793457
frame_00011.jpg,43,1,152,152,0.9961591958999634
