frame,x1,y1,x2,y2,prob
frame_00000.jpg,43,6,144,146,0.9959782361984253
frame_00001.jpg,49,6,151,149,0.9986687898635864
frame_00003.jpg,45,0,150,149,0.9967778325080872
frame_00005.jpg,44,0,153,150,0.9956900477409363
frame_00007.jpg,45,3,149,147,0.9980663657188416
frame_00008.jpg,43,6,139,140,0.9970705509185791
frame_00009.jpg,43,6,145,151,0.9958932399749756
frame_00011.jpg,44,5,147,150,0.9968714118003845
