frame,x1,y1,x2,y2,prob
frame_00000.jpg,49,-2,176,158,0.999936580657959
frame_00003.jpg,46,1,173,154,0.9999713897705078
frame_00013.jpg,51,-1,173,157,0.9998952150344849
frame_00015.jpg,53,0,174,155,0.9999656677246094
frame_00020.jpg,54,7,168,156,0.9996342658996582
frame_00021.jpg,48,-2,171,160,0.9999977350234985
frame_00022.jpg,45,-5,170,159,0.9999983310699463
frame_00024.jpg,44,-11,172,162,0.9999991655349731
frame_00025.jpg,47,-6,169,151,0.9999996423721313
frame_00027.jpg,50,-1,172,158,0.9999994039535522
frame_00035.jpg,50,-5,174,161,0.9999990463256836
frame_00036.jpg,51,-3,172,157,0.9999998807907104
frame_00038.jpg,51,0,172,157,0.9999983310699463
frame_00040.jpg,46,-2,174,160,0.9998985528945923
frame_00041.jpg,48,-3,176,162,0.9998763799667358
frame_00045.jpg,54,-1,182,160,0.9998561143875122
frame_00059.jpg,49,0,175,156,0.9999194145202637
frame_00060.jpg,45,-7,174,158,0.9999971389770508
frame_00061.jpg,45,-4,172,161,0.9999991655349731
frame_00062.jpg,45,-1,172,164,0.9999992847442627
frame_00064.jpg,47,-5,174,158,0.9999998807907104
frame_00070.jpg,45,-7,172,159,0.9999994039535522
frame_00071.jpg,47,-5,174,162,0.9999992847442627
frame_00075.jpg,50,-7,176,158,0.9999945163726807
frame_00077.jpg,52,0,172,157,0.9999960660934448
frame_00079.jpg,52,0,173,160,0.9999977350234985
frame_00081.jpg,44,-13,172,154,0.9999014139175415
frame_00086.jpg,52,5,175,158,0.9998819828033447
