frame,x1,y1,x2,y2,prob
frame_00000.jpg,51,0,168,158,0.9999940395355225
frame_00002.jpg,52,-5,167,154,0.9999828338623047
frame_00006.jpg,50,-10,168,155,0.999967098236084
frame_00008.jpg,48,-2,170,154,0.999994158744812
frame_00010.jpg,49,-3,170,161,0.9999847412109375
frame_00012.jpg,47,-7,169,166,0.9999712705612183
frame_00014.jpg,51,-7,173,157,0.9999855756759644
