frame,x1,y1,x2,y2,prob
frame_00000.jpg,51,-1,168,158,0.9999939203262329
frame_00002.jpg,52,-5,167,154,0.999982476234436
frame_00006.jpg,49,-10,168,155,0.9999741315841675
frame_00008.jpg,47,-1,170,154,0.9999951124191284
frame_00010.jpg,49,-4,171,161,0.9999877214431763
frame_00012.jpg,47,-7,169,166,0.9999717473983765
frame_00014.jpg,51,-8,173,156,0.9999878406524658
