frame,x1,y1,x2,y2,prob
frame_00000.jpg,44,-3,164,154,0.999956488609314
frame_00009.jpg,48,-10,175,153,0.9999841451644897
frame_00011.jpg,47,-9,172,151,0.9999030828475952
frame_00015.jpg,44,-3,172,159,0.9999617338180542
frame_00018.jpg,47,-15,175,150,0.9999903440475464
frame_00021.jpg,47,-5,173,158,0.9999798536300659
frame_00023.jpg,49,-8,175,159,0.9997982382774353
frame_00027.jpg,47,-6,172,153,0.9999978542327881
frame_00029.jpg,51,-2,172,156,0.9999961853027344
