frame,x1,y1,x2,y2,prob
frame_00000.jpg,46,-1,166,154,0.999958872795105
frame_00009.jpg,48,-10,176,153,0.9999842643737793
frame_00011.jpg,47,-9,172,151,0.999901294708252
frame_00015.jpg,44,-3,172,159,0.9999617338180542
frame_00018.jpg,46,-15,174,150,0.9999935626983643
frame_00021.jpg,47,-5,173,158,0.9999802112579346
frame_00023.jpg,49,-8,175,159,0.9998021721839905
frame_00027.jpg,47,-7,172,153,0.9999978542327881
frame_00029.jpg,51,-2,172,156,0.9999960660934448
