frame,x1,y1,x2,y2,prob
frame_00000.jpg,46,-5,168,156,0.99998939037323
frame_00018.jpg,52,-10,171,149,0.999998927116394
frame_00022.jpg,45,-19,167,150,0.9999918937683105
frame_00024.jpg,49,-4,167,159,0.9999805688858032
