frame,x1,y1,x2,y2,prob
frame_00000.jpg,34,-26,183,162,0.9999449253082275
frame_00004.jpg,34,-35,184,161,0.9999487400054932
frame_00005.jpg,38,-35,182,152,0.9999823570251465
frame_00013.jpg,38,-27,183,162,0.9998664855957031
frame_00014.jpg,42,-28,184,160,0.9999349117279053
frame_00016.jpg,43,-36,185,152,0.9999425411224365
frame_00018.jpg,39,-24,181,154,0.9999158382415771
frame_00021.jpg,43,-17,175,154,0.9999523162841797
frame_00023.jpg,45,-16,177,160,0.9999724626541138
