frame,x1,y1,x2,y2,prob
frame_00000.jpg,34,-26,183,163,0.9999443292617798
frame_00004.jpg,34,-35,184,161,0.9999487400054932
frame_00005.jpg,38,-35,182,152,0.9999823570251465
frame_00013.jpg,38,-27,183,162,0.9998651742935181
frame_00014.jpg,42,-27,184,159,0.9999334812164307
frame_00016.jpg,43,-37,185,152,0.9999430179595947
frame_00018.jpg,39,-24,180,153,0.9999300241470337
frame_00021.jpg,43,-17,175,154,0.9999524354934692
frame_00023.jpg,45,-16,177,160,0.9999725818634033
