frame,x1,y1,x2,y2,prob
frame_00000.jpg,51,2,169,156,0.9998034834861755
frame_00008.jpg,46,-5,169,160,0.999996542930603
frame_00013.jpg,44,-3,164,160,0.9999983310699463
frame_00016.jpg,50,-2,170,154,0.9999059438705444
frame_00019.jpg,51,-5,171,156,0.9998281002044678
frame_00024.jpg,48,-2,167,155,0.9996867179870605
frame_00054.jpg,48,1,166,164,0.9998118281364441
frame_00061.jpg,46,-12,170,156,0.9999547004699707
