frame,x1,y1,x2,y2,prob
frame_00000.jpg,51,2,169,156,0.9998089671134949
frame_00008.jpg,46,-6,170,160,0.9999955892562866
frame_00013.jpg,44,-4,165,160,0.9999973773956299
frame_00016.jpg,50,-2,170,154,0.9999042749404907
frame_00019.jpg,51,-5,172,156,0.9998260140419006
frame_00024.jpg,48,-2,166,155,0.999680757522583
frame_00054.jpg,54,1,168,161,0.9998176693916321
frame_00061.jpg,47,-11,170,156,0.999925971031189
