frame,x1,y1,x2,y2,prob
frame_00000.jpg,41,-11,167,161,0.9999986886978149
frame_00016.jpg,48,-22,178,160,0.9999977350234985
frame_00019.jpg,46,-19,176,163,0.9999994039535522
frame_00024.jpg,47,-12,173,163,0.9999996423721313
frame_00026.jpg,46,-15,173,165,0.9999918937683105
frame_00028.jpg,49,-14,174,160,0.9999988079071045
frame_00039.jpg,41,-15,172,164,0.9999933242797852
frame_00044.jpg,41,-27,178,161,0.9999978542327881
frame_00047.jpg,42,-26,179,166,0.9999996423721313
