frame,x1,y1,x2,y2,prob
frame_00000.jpg,42,-13,169,160,0.999998927116394
frame_00016.jpg,48,-22,178,160,0.9999977350234985
frame_00019.jpg,47,-19,176,163,0.9999994039535522
frame_00024.jpg,47,-12,173,163,0.9999996423721313
frame_00026.jpg,46,-15,173,165,0.999991774559021
frame_00028.jpg,49,-15,174,160,0.9999988079071045
frame_00039.jpg,41,-15,172,164,0.9999934434890747
frame_00044.jpg,41,-27,178,161,0.9999978542327881
frame_00047.jpg,43,-26,180,166,0.9999996423721313
